name,math,english,chinese,avg
Student1,88.0,61.0,58.0,69.0
Student2,78.0,77.0,53.0,69.3
Student3,64.0,55.0,64.0,61.0
Student4,92.0,69.0,97.0,86.0
Student5,57.0,54.0,57.0,56.0
Student6,70.0,72.0,98.0,80.0
Student7,unknown,58.0,50.0,54.0
Student8,68.0,78.0,56.0,67.3
Student9,72.0,65.0,80.0,72.3
Student10,unknown,95.0,67.0,81.0
Student11,60.0,71.0,61.0,64.0
Student12,73.0,57.0,97.0,75.7
Student13,85.0,69.0,79.0,77.7
Student14,89.0,63.0,82.0,78.0
Student15,73.0,88.0,96.0,85.7
Student16,52.0,86.0,56.0,64.7
Student17,71.0,99.0,77.0,82.3
Student18,51.0,83.0,98.0,77.3
Student19,73.0,60.0,52.0,61.7
Student20,93.0,89.0,92.0,91.3
Student21,79.0,82.0,55.0,72.0
Student22,87.0,80.0,80.0,82.3
Student23,51.0,93.0,87.0,77.0
Student24,70.0,83.0,64.0,72.3
Student25,82.0,99.0,56.0,79.0
Student26,61.0,56.0,92.0,69.7
Student27,71.0,98.0,79.0,82.7
Student28,93.0,72.0,76.0,80.3
Student29,74.0,95.0,66.0,78.3
Student30,98.0,56.0,67.0,73.7
Student31,76.0,74.0,71.0,73.7
Student32,91.0,52.0,75.0,72.7
Student33,77.0,87.0,76.0,80.0
Student34,65.0,69.0,89.0,74.3
Student35,64.0,83.0,73.0,73.3
Student36,96.0,98.0,57.0,83.7
Student37,93.0,93.0,70.0,85.3
Student38,52.0,93.0,78.0,74.3
Student39,86.0,79.0,92.0,85.7
Student40,56.0,66.0,70.0,64.0
Student41,70.0,59.0,52.0,60.3
Student42,58.0,84.0,80.0,74.0
Student43,88.0,69.0,76.0,77.7
Student44,67.0,67.0,95.0,76.3
Student45,53.0,94.0,76.0,74.3
Student46,74.0,93.0,58.0,75.0
Student47,63.0,76.0,82.0,73.7
Student48,99.0,98.0,82.0,93.0
Student49,58.0,85.0,75.0,72.7
Student50,75.0,72.0,77.0,74.7
Student51,51.0,81.0,93.0,75.0
Student52,69.0,59.0,92.0,73.3
Student53,77.0,60.0,80.0,72.3
Student54,unknown,87.0,50.0,68.5
Student55,56.0,55.0,69.0,60.0
Student56,93.0,90.0,61.0,81.3
Student57,57.0,96.0,66.0,73.0
Student58,96.0,83.0,64.0,81.0
Student59,84.0,85.0,83.0,84.0
Student60,63.0,86.0,99.0,82.7
Student61,66.0,66.0,65.0,65.7
Student62,85.0,89.0,53.0,75.7
Student63,99.0,89.0,57.0,81.7
Student64,89.0,61.0,83.0,77.7
Student65,53.0,70.0,95.0,72.7
Student66,51.0,89.0,74.0,71.3
Student67,55.0,68.0,64.0,62.3
Student68,91.0,52.0,77.0,73.3
Student69,53.0,67.0,58.0,59.3
Student70,78.0,68.0,51.0,65.7
Student71,67.0,96.0,66.0,76.3
Student72,75.0,55.0,59.0,63.0
Student73,93.0,65.0,58.0,72.0
Student74,83.0,57.0,80.0,73.3
Student75,59.0,97.0,51.0,69.0
Student76,85.0,67.0,73.0,75.0
Student77,63.0,97.0,68.0,76.0
Student78,80.0,92.0,66.0,79.3
Student79,97.0,88.0,92.0,92.3
Student80,64.0,98.0,98.0,86.7
Student81,57.0,98.0,59.0,71.3
Student82,63.0,61.0,99.0,74.3
Student83,72.0,94.0,77.0,81.0
Student84,89.0,59.0,87.0,78.3
Student85,70.0,56.0,97.0,74.3
Student86,65.0,95.0,77.0,79.0
Student87,94.0,unknown,99.0,96.5
Student88,67.0,98.0,99.0,88.0
Student89,96.0,85.0,50.0,77.0
Student90,73.0,70.0,52.0,65.0
Student91,unknown,86.0,64.0,75.0
Student92,74.0,73.0,59.0,68.7
Student93,94.0,74.0,70.0,79.3
Student94,90.0,56.0,86.0,77.3
Student95,78.0,91.0,64.0,77.7
Student96,64.0,66.0,72.0,67.3
Student97,unknown,78.0,63.0,70.5
Student98,50.0,79.0,64.0,64.3
Student99,74.0,56.0,59.0,63.0
Student100,56.0,82.0,58.0,65.3
Student101,58.0,56.0,93.0,69.0
Student102,73.0,73.0,88.0,78.0
Student103,50.0,60.0,54.0,54.7
Student104,93.0,58.0,74.0,75.0
Student105,57.0,61.0,91.0,69.7
Student106,73.0,84.0,75.0,77.3
Student107,unknown,53.0,57.0,55.0
Student108,66.0,85.0,71.0,74.0
Student109,57.0,77.0,unknown,67.0
Student110,84.0,62.0,97.0,81.0
Student111,84.0,72.0,61.0,72.3
Student112,82.0,68.0,unknown,75.0
Student113,54.0,91.0,59.0,68.0
Student114,91.0,86.0,97.0,91.3
Student115,88.0,88.0,59.0,78.3
Student116,90.0,73.0,58.0,73.7
Student117,77.0,65.0,75.0,72.3
Student118,56.0,82.0,84.0,74.0
Student119,58.0,61.0,76.0,65.0
Student120,57.0,83.0,80.0,73.3
Student121,61.0,56.0,68.0,61.7
Student122,83.0,60.0,92.0,78.3
Student123,82.0,80.0,87.0,83.0
Student124,97.0,78.0,55.0,76.7
Student125,72.0,62.0,64.0,66.0
Student126,73.0,unknown,78.0,75.5
Student127,86.0,51.0,96.0,77.7
Student128,84.0,88.0,94.0,88.7
Student129,93.0,64.0,54.0,70.3
Student130,89.0,60.0,63.0,70.7
Student131,71.0,83.0,51.0,68.3
Student132,76.0,88.0,72.0,78.7
Student133,84.0,unknown,93.0,88.5
Student134,50.0,60.0,95.0,68.3
Student135,84.0,78.0,68.0,76.7
Student136,86.0,51.0,73.0,70.0
Student137,96.0,65.0,69.0,76.7
Student138,63.0,88.0,96.0,82.3
Student139,52.0,62.0,76.0,63.3
Student140,50.0,86.0,73.0,69.7
Student141,54.0,66.0,66.0,62.0
Student142,75.0,70.0,74.0,73.0
Student143,63.0,93.0,95.0,83.7
Student144,88.0,68.0,80.0,78.7
Student145,76.0,56.0,77.0,69.7
Student146,58.0,87.0,99.0,81.3
Student147,64.0,57.0,77.0,66.0
Student148,64.0,62.0,71.0,65.7
Student149,75.0,86.0,54.0,71.7
Student150,91.0,51.0,93.0,78.3
Student151,62.0,90.0,91.0,81.0
Student152,81.0,60.0,unknown,70.5
Student153,unknown,73.0,87.0,80.0
Student154,98.0,unknown,77.0,87.5
Student155,81.0,75.0,unknown,78.0
Student156,53.0,56.0,61.0,56.7
Student157,79.0,88.0,74.0,80.3
Student158,86.0,68.0,87.0,80.3
Student159,unknown,55.0,93.0,74.0
Student160,88.0,92.0,64.0,81.3
Student161,94.0,78.0,93.0,88.3
Student162,64.0,92.0,90.0,82.0
Student163,92.0,88.0,83.0,87.7
Student164,78.0,51.0,94.0,74.3
Student165,85.0,68.0,62.0,71.7
Student166,62.0,53.0,57.0,57.3
Student167,unknown,55.0,62.0,58.5
Student168,56.0,98.0,85.0,79.7
Student169,71.0,86.0,55.0,70.7
Student170,77.0,77.0,87.0,80.3
Student171,51.0,79.0,81.0,70.3
Student172,91.0,56.0,70.0,72.3
Student173,94.0,58.0,93.0,81.7
Student174,55.0,74.0,93.0,74.0
Student175,77.0,82.0,98.0,85.7
Student176,77.0,50.0,56.0,61.0
Student177,93.0,55.0,75.0,74.3
Student178,93.0,67.0,64.0,74.7
Student179,69.0,59.0,98.0,75.3
Student180,79.0,77.0,91.0,82.3
Student181,60.0,60.0,72.0,64.0
Student182,77.0,82.0,87.0,82.0
Student183,74.0,50.0,90.0,71.3
Student184,88.0,62.0,64.0,71.3
Student185,82.0,86.0,97.0,88.3
Student186,50.0,69.0,89.0,69.3
Student187,76.0,50.0,65.0,63.7
Student188,62.0,52.0,81.0,65.0
Student189,unknown,67.0,86.0,76.5
Student190,52.0,90.0,67.0,69.7
Student191,88.0,63.0,69.0,73.3
Student192,55.0,80.0,95.0,76.7
Student193,57.0,76.0,51.0,61.3
Student194,76.0,66.0,72.0,71.3
Student195,58.0,95.0,unknown,76.5
Student196,86.0,78.0,52.0,72.0
Student197,82.0,85.0,95.0,87.3
Student198,91.0,86.0,88.0,88.3
Student199,93.0,75.0,96.0,88.0
Student200,73.0,66.0,98.0,79.0
Student201,unknown,71.0,50.0,60.5
Student202,81.0,74.0,90.0,81.7
Student203,81.0,51.0,71.0,67.7
Student204,73.0,71.0,78.0,74.0
Student205,90.0,54.0,63.0,69.0
Student206,98.0,53.0,97.0,82.7
Student207,98.0,85.0,77.0,86.7
Student208,61.0,55.0,70.0,62.0
Student209,88.0,70.0,94.0,84.0
Student210,51.0,62.0,81.0,64.7
Student211,52.0,86.0,55.0,64.3
Student212,98.0,74.0,50.0,74.0
Student213,86.0,75.0,70.0,77.0
Student214,98.0,88.0,53.0,79.7
Student215,66.0,69.0,52.0,62.3
Student216,98.0,82.0,98.0,92.7
Student217,51.0,63.0,79.0,64.3
Student218,51.0,85.0,80.0,72.0
Student219,77.0,66.0,83.0,75.3
Student220,72.0,70.0,68.0,70.0
Student221,86.0,95.0,69.0,83.3
Student222,81.0,65.0,72.0,72.7
Student223,82.0,95.0,89.0,88.7
Student224,50.0,65.0,74.0,63.0
Student225,68.0,69.0,64.0,67.0
Student226,51.0,78.0,87.0,72.0
Student227,93.0,77.0,72.0,80.7
Student228,75.0,57.0,51.0,61.0
Student229,81.0,73.0,64.0,72.7
Student230,55.0,52.0,93.0,66.7
Student231,81.0,74.0,84.0,79.7
Student232,53.0,68.0,59.0,60.0
Student233,60.0,82.0,63.0,68.3
Student234,66.0,51.0,76.0,64.3
Student235,87.0,64.0,63.0,71.3
Student236,73.0,71.0,84.0,76.0
Student237,54.0,59.0,82.0,65.0
Student238,83.0,67.0,50.0,66.7
Student239,55.0,71.0,83.0,69.7
Student240,71.0,95.0,68.0,78.0
Student241,60.0,98.0,73.0,77.0
Student242,97.0,76.0,91.0,88.0
Student243,65.0,62.0,53.0,60.0
Student244,82.0,unknown,85.0,83.5
Student245,58.0,54.0,62.0,58.0
Student246,55.0,75.0,81.0,70.3
Student247,65.0,62.0,58.0,61.7
Student248,78.0,76.0,88.0,80.7
Student249,52.0,63.0,65.0,60.0
Student250,69.0,73.0,99.0,80.3
Student251,85.0,52.0,52.0,63.0
Student252,68.0,unknown,unknown,68.0
Student253,75.0,98.0,59.0,77.3
Student254,52.0,79.0,71.0,67.3
Student255,68.0,84.0,97.0,83.0
Student256,69.0,97.0,52.0,72.7
Student257,81.0,63.0,unknown,72.0
Student258,56.0,61.0,74.0,63.7
Student259,90.0,77.0,91.0,86.0
Student260,82.0,93.0,97.0,90.7
Student261,89.0,78.0,57.0,74.7
Student262,88.0,92.0,58.0,79.3
Student263,67.0,66.0,64.0,65.7
Student264,89.0,89.0,81.0,86.3
Student265,50.0,98.0,52.0,66.7
Student266,60.0,70.0,53.0,61.0
Student267,77.0,unknown,79.0,78.0
Student268,74.0,69.0,62.0,68.3
Student269,99.0,60.0,93.0,84.0
Student270,72.0,unknown,70.0,71.0
Student271,80.0,59.0,90.0,76.3
Student272,79.0,59.0,95.0,77.7
Student273,91.0,92.0,68.0,83.7
Student274,84.0,55.0,88.0,75.7
Student275,56.0,85.0,97.0,79.3
Student276,65.0,73.0,71.0,69.7
Student277,75.0,61.0,69.0,68.3
Student278,97.0,92.0,86.0,91.7
Student279,98.0,72.0,80.0,83.3
Student280,51.0,76.0,59.0,62.0
Student281,50.0,94.0,67.0,70.3
Student282,97.0,86.0,92.0,91.7
Student283,unknown,55.0,88.0,71.5
Student284,54.0,50.0,95.0,66.3
Student285,86.0,55.0,69.0,70.0
Student286,81.0,99.0,67.0,82.3
Student287,58.0,71.0,60.0,63.0
Student288,90.0,90.0,71.0,83.7
Student289,84.0,73.0,93.0,83.3
Student290,68.0,74.0,67.0,69.7
Student291,97.0,64.0,83.0,81.3
Student292,65.0,75.0,72.0,70.7
Student293,52.0,57.0,50.0,53.0
Student294,69.0,73.0,59.0,67.0
Student295,73.0,97.0,50.0,73.3
Student296,82.0,87.0,87.0,85.3
Student297,73.0,55.0,88.0,72.0
Student298,60.0,84.0,98.0,80.7
Student299,98.0,91.0,58.0,82.3
Student300,57.0,50.0,80.0,62.3
Student301,85.0,95.0,56.0,78.7
Student302,87.0,85.0,66.0,79.3
Student303,89.0,61.0,84.0,78.0
Student304,69.0,87.0,97.0,84.3
Student305,84.0,60.0,86.0,76.7
Student306,97.0,61.0,67.0,75.0
Student307,74.0,91.0,82.0,82.3
Student308,84.0,unknown,53.0,68.5
Student309,74.0,88.0,72.0,78.0
Student310,78.0,56.0,60.0,64.7
Student311,67.0,60.0,unknown,63.5
Student312,95.0,unknown,79.0,87.0
Student313,67.0,80.0,57.0,68.0
Student314,51.0,82.0,89.0,74.0
Student315,84.0,62.0,54.0,66.7
Student316,65.0,67.0,61.0,64.3
Student317,90.0,90.0,50.0,76.7
Student318,unknown,73.0,64.0,68.5
Student319,82.0,58.0,74.0,71.3
Student320,unknown,80.0,67.0,73.5
Student321,unknown,90.0,87.0,88.5
Student322,63.0,59.0,91.0,71.0
Student323,70.0,51.0,95.0,72.0
Student324,97.0,87.0,75.0,86.3
Student325,69.0,64.0,89.0,74.0
Student326,57.0,52.0,52.0,53.7
Student327,56.0,92.0,71.0,73.0
Student328,52.0,80.0,75.0,69.0
Student329,66.0,55.0,68.0,63.0
Student330,82.0,52.0,93.0,75.7
Student331,97.0,60.0,93.0,83.3
Student332,61.0,64.0,96.0,73.7
Student333,71.0,94.0,88.0,84.3
Student334,unknown,77.0,85.0,81.0
Student335,95.0,59.0,70.0,74.7
Student336,79.0,87.0,90.0,85.3
Student337,87.0,96.0,97.0,93.3
Student338,87.0,99.0,75.0,87.0
Student339,94.0,99.0,62.0,85.0
Student340,unknown,56.0,85.0,70.5
Student341,76.0,64.0,73.0,71.0
Student342,76.0,unknown,90.0,83.0
Student343,83.0,67.0,75.0,75.0
Student344,70.0,90.0,70.0,76.7
Student345,79.0,73.0,67.0,73.0
Student346,82.0,51.0,64.0,65.7
Student347,77.0,89.0,64.0,76.7
Student348,96.0,69.0,55.0,73.3
Student349,82.0,83.0,92.0,85.7
Student350,54.0,92.0,80.0,75.3
Student351,97.0,75.0,77.0,83.0
Student352,68.0,56.0,57.0,60.3
Student353,53.0,87.0,78.0,72.7
Student354,84.0,79.0,70.0,77.7
Student355,98.0,91.0,66.0,85.0
Student356,66.0,54.0,98.0,72.7
Student357,93.0,60.0,unknown,76.5
Student358,77.0,50.0,99.0,75.3
Student359,79.0,83.0,85.0,82.3
Student360,78.0,50.0,80.0,69.3
Student361,95.0,68.0,96.0,86.3
Student362,55.0,51.0,83.0,63.0
Student363,84.0,70.0,51.0,68.3
Student364,90.0,69.0,91.0,83.3
Student365,86.0,72.0,52.0,70.0
Student366,73.0,70.0,79.0,74.0
Student367,78.0,73.0,57.0,69.3
Student368,98.0,53.0,56.0,69.0
Student369,95.0,61.0,61.0,72.3
Student370,80.0,71.0,68.0,73.0
Student371,84.0,69.0,75.0,76.0
Student372,82.0,67.0,77.0,75.3
Student373,70.0,50.0,unknown,60.0
Student374,81.0,79.0,63.0,74.3
Student375,72.0,82.0,97.0,83.7
Student376,82.0,73.0,63.0,72.7
Student377,52.0,63.0,52.0,55.7
Student378,67.0,85.0,99.0,83.7
Student379,74.0,54.0,78.0,68.7
Student380,91.0,60.0,55.0,68.7
Student381,80.0,73.0,98.0,83.7
Student382,52.0,80.0,72.0,68.0
Student383,89.0,62.0,77.0,76.0
Student384,95.0,65.0,63.0,74.3
Student385,73.0,73.0,63.0,69.7
Student386,99.0,62.0,69.0,76.7
Student387,81.0,73.0,62.0,72.0
Student388,96.0,75.0,76.0,82.3
Student389,71.0,51.0,84.0,68.7
Student390,72.0,65.0,94.0,77.0
Student391,51.0,87.0,51.0,63.0
Student392,76.0,95.0,90.0,87.0
Student393,91.0,50.0,94.0,78.3
Student394,51.0,98.0,89.0,79.3
Student395,75.0,60.0,97.0,77.3
Student396,66.0,84.0,73.0,74.3
Student397,89.0,92.0,78.0,86.3
Student398,82.0,78.0,52.0,70.7
Student399,58.0,86.0,94.0,79.3
Student400,92.0,66.0,53.0,70.3
Student401,unknown,88.0,99.0,93.5
Student402,88.0,91.0,51.0,76.7
Student403,78.0,77.0,69.0,74.7
Student404,91.0,78.0,64.0,77.7
Student405,75.0,92.0,98.0,88.3
Student406,84.0,52.0,81.0,72.3
Student407,99.0,59.0,91.0,83.0
Student408,74.0,91.0,50.0,71.7
Student409,73.0,63.0,87.0,74.3
Student410,62.0,61.0,84.0,69.0
Student411,56.0,unknown,56.0,56.0
Student412,85.0,91.0,94.0,90.0
Student413,94.0,79.0,62.0,78.3
Student414,69.0,81.0,98.0,82.7
Student415,50.0,81.0,50.0,60.3
Student416,57.0,91.0,63.0,70.3
Student417,95.0,81.0,78.0,84.7
Student418,65.0,75.0,52.0,64.0
Student419,63.0,50.0,95.0,69.3
Student420,61.0,91.0,73.0,75.0
Student421,72.0,51.0,50.0,57.7
Student422,64.0,66.0,97.0,75.7
Student423,77.0,unknown,59.0,68.0
Student424,83.0,88.0,62.0,77.7
Student425,51.0,56.0,85.0,64.0
Student426,81.0,76.0,58.0,71.7
Student427,72.0,58.0,63.0,64.3
Student428,71.0,71.0,85.0,75.7
Student429,74.0,83.0,59.0,72.0
Student430,71.0,95.0,89.0,85.0
Student431,71.0,98.0,72.0,80.3
Student432,98.0,50.0,84.0,77.3
Student433,91.0,58.0,56.0,68.3
Student434,55.0,69.0,91.0,71.7
Student435,64.0,68.0,84.0,72.0
Student436,92.0,85.0,51.0,76.0
Student437,86.0,unknown,unknown,86.0
Student438,82.0,94.0,58.0,78.0
Student439,57.0,53.0,96.0,68.7
Student440,93.0,58.0,66.0,72.3
Student441,93.0,90.0,88.0,90.3
Student442,54.0,71.0,67.0,64.0
Student443,88.0,67.0,64.0,73.0
Student444,53.0,61.0,67.0,60.3
Student445,unknown,91.0,73.0,82.0
Student446,94.0,92.0,72.0,86.0
Student447,81.0,88.0,61.0,76.7
Student448,79.0,58.0,72.0,69.7
Student449,96.0,55.0,70.0,73.7
Student450,84.0,68.0,75.0,75.7
Student451,89.0,97.0,57.0,81.0
Student452,65.0,96.0,79.0,80.0
Student453,unknown,56.0,83.0,69.5
Student454,99.0,65.0,51.0,71.7
Student455,91.0,54.0,54.0,66.3
Student456,79.0,65.0,80.0,74.7
Student457,68.0,50.0,82.0,66.7
Student458,66.0,86.0,53.0,68.3
Student459,68.0,88.0,55.0,70.3
Student460,77.0,68.0,72.0,72.3
Student461,75.0,86.0,94.0,85.0
Student462,86.0,66.0,68.0,73.3
Student463,75.0,75.0,92.0,80.7
Student464,72.0,71.0,94.0,79.0
Student465,58.0,57.0,unknown,57.5
Student466,61.0,82.0,88.0,77.0
Student467,50.0,51.0,62.0,54.3
Student468,50.0,79.0,50.0,59.7
Student469,96.0,96.0,55.0,82.3
Student470,83.0,69.0,56.0,69.3
Student471,unknown,67.0,97.0,82.0
Student472,97.0,92.0,76.0,88.3
Student473,74.0,unknown,64.0,69.0
Student474,89.0,73.0,83.0,81.7
Student475,94.0,53.0,72.0,73.0
Student476,unknown,86.0,97.0,91.5
Student477,65.0,53.0,98.0,72.0
Student478,88.0,62.0,73.0,74.3
Student479,54.0,74.0,64.0,64.0
Student480,71.0,62.0,84.0,72.3
Student481,78.0,67.0,53.0,66.0
Student482,52.0,73.0,93.0,72.7
Student483,61.0,51.0,86.0,66.0
Student484,75.0,97.0,66.0,79.3
Student485,65.0,82.0,80.0,75.7
Student486,86.0,68.0,87.0,80.3
Student487,71.0,58.0,59.0,62.7
Student488,78.0,77.0,99.0,84.7
Student489,63.0,84.0,76.0,74.3
Student490,77.0,88.0,91.0,85.3
Student491,54.0,59.0,55.0,56.0
Student492,96.0,50.0,55.0,67.0
Student493,98.0,91.0,64.0,84.3
Student494,79.0,70.0,53.0,67.3
Student495,95.0,58.0,97.0,83.3
Student496,54.0,96.0,89.0,79.7
Student497,61.0,64.0,unknown,62.5
Student498,65.0,84.0,98.0,82.3
Student499,75.0,54.0,94.0,74.3
Student500,75.0,90.0,96.0,87.0
Student501,97.0,71.0,75.0,81.0
Student502,70.0,90.0,80.0,80.0
Student503,88.0,unknown,51.0,69.5
Student504,85.0,56.0,77.0,72.7
Student505,82.0,72.0,91.0,81.7
Student506,79.0,93.0,62.0,78.0
Student507,86.0,74.0,67.0,75.7
Student508,72.0,76.0,79.0,75.7
Student509,59.0,90.0,60.0,69.7
Student510,54.0,55.0,62.0,57.0
Student511,85.0,unknown,73.0,79.0
Student512,83.0,58.0,78.0,73.0
Student513,80.0,98.0,54.0,77.3
Student514,59.0,82.0,84.0,75.0
Student515,68.0,55.0,68.0,63.7
Student516,81.0,86.0,62.0,76.3
Student517,50.0,80.0,54.0,61.3
Student518,54.0,83.0,93.0,76.7
Student519,94.0,90.0,63.0,82.3
Student520,53.0,78.0,unknown,65.5
Student521,unknown,63.0,71.0,67.0
Student522,73.0,85.0,58.0,72.0
Student523,65.0,85.0,98.0,82.7
Student524,51.0,64.0,89.0,68.0
Student525,98.0,57.0,75.0,76.7
Student526,77.0,75.0,94.0,82.0
Student527,81.0,85.0,54.0,73.3
Student528,76.0,97.0,78.0,83.7
Student529,69.0,70.0,71.0,70.0
Student530,73.0,77.0,98.0,82.7
Student531,61.0,53.0,unknown,57.0
Student532,99.0,65.0,77.0,80.3
Student533,84.0,71.0,87.0,80.7
Student534,82.0,61.0,63.0,68.7
Student535,82.0,65.0,96.0,81.0
Student536,92.0,89.0,63.0,81.3
Student537,86.0,unknown,92.0,89.0
Student538,61.0,91.0,60.0,70.7
Student539,52.0,86.0,58.0,65.3
Student540,50.0,78.0,unknown,64.0
Student541,82.0,67.0,96.0,81.7
Student542,89.0,59.0,93.0,80.3
Student543,59.0,91.0,55.0,68.3
Student544,92.0,88.0,50.0,76.7
Student545,93.0,67.0,74.0,78.0
Student546,78.0,50.0,65.0,64.3
Student547,62.0,88.0,64.0,71.3
Student548,61.0,70.0,83.0,71.3
Student549,80.0,50.0,66.0,65.3
Student550,95.0,64.0,52.0,70.3
Student551,51.0,53.0,unknown,52.0
Student552,99.0,69.0,86.0,84.7
Student553,84.0,59.0,66.0,69.7
Student554,72.0,72.0,98.0,80.7
Student555,66.0,90.0,unknown,78.0
Student556,75.0,83.0,50.0,69.3
Student557,57.0,95.0,56.0,69.3
Student558,78.0,97.0,75.0,83.3
Student559,75.0,82.0,96.0,84.3
Student560,59.0,83.0,88.0,76.7
Student561,75.0,88.0,68.0,77.0
Student562,83.0,59.0,79.0,73.7
Student563,90.0,69.0,92.0,83.7
Student564,56.0,50.0,63.0,56.3
Student565,53.0,62.0,62.0,59.0
Student566,99.0,50.0,69.0,72.7
Student567,94.0,54.0,75.0,74.3
Student568,60.0,65.0,76.0,67.0
Student569,78.0,64.0,74.0,72.0
Student570,85.0,98.0,58.0,80.3
Student571,74.0,77.0,90.0,80.3
Student572,70.0,80.0,97.0,82.3
Student573,85.0,72.0,61.0,72.7
Student574,59.0,97.0,59.0,71.7
Student575,86.0,94.0,55.0,78.3
Student576,58.0,92.0,99.0,83.0
Student577,73.0,66.0,83.0,74.0
Student578,84.0,98.0,90.0,90.7
Student579,98.0,83.0,68.0,83.0
Student580,84.0,62.0,55.0,67.0
Student581,97.0,63.0,51.0,70.3
Student582,85.0,60.0,64.0,69.7
Student583,67.0,77.0,66.0,70.0
Student584,98.0,91.0,65.0,84.7
Student585,88.0,81.0,77.0,82.0
Student586,81.0,84.0,70.0,78.3
Student587,73.0,80.0,57.0,70.0
Student588,72.0,66.0,59.0,65.7
Student589,81.0,unknown,59.0,70.0
Student590,86.0,58.0,99.0,81.0
Student591,unknown,59.0,59.0,59.0
Student592,98.0,57.0,58.0,71.0
Student593,62.0,70.0,77.0,69.7
Student594,72.0,62.0,73.0,69.0
Student595,74.0,99.0,68.0,80.3
Student596,84.0,54.0,unknown,69.0
Student597,90.0,55.0,53.0,66.0
Student598,79.0,79.0,52.0,70.0
Student599,66.0,80.0,91.0,79.0
Student600,98.0,unknown,61.0,79.5
Student601,69.0,60.0,67.0,65.3
Student602,97.0,unknown,72.0,84.5
Student603,74.0,97.0,69.0,80.0
Student604,71.0,58.0,55.0,61.3
Student605,62.0,51.0,83.0,65.3
Student606,68.0,86.0,91.0,81.7
Student607,98.0,unknown,51.0,74.5
Student608,85.0,53.0,79.0,72.3
Student609,61.0,85.0,58.0,68.0
Student610,90.0,unknown,76.0,83.0
Student611,68.0,52.0,91.0,70.3
Student612,61.0,58.0,unknown,59.5
Student613,58.0,71.0,89.0,72.7
Student614,56.0,72.0,73.0,67.0
Student615,77.0,61.0,98.0,78.7
Student616,63.0,59.0,66.0,62.7
Student617,80.0,unknown,78.0,79.0
Student618,68.0,92.0,85.0,81.7
Student619,96.0,59.0,99.0,84.7
Student620,65.0,79.0,61.0,68.3
Student621,54.0,71.0,80.0,68.3
Student622,84.0,55.0,98.0,79.0
Student623,61.0,99.0,58.0,72.7
Student624,74.0,51.0,68.0,64.3
Student625,70.0,79.0,95.0,81.3
Student626,85.0,51.0,95.0,77.0
Student627,unknown,81.0,66.0,73.5
Student628,65.0,91.0,51.0,69.0
Student629,88.0,65.0,89.0,80.7
Student630,94.0,61.0,54.0,69.7
Student631,91.0,50.0,88.0,76.3
Student632,88.0,57.0,97.0,80.7
Student633,63.0,97.0,65.0,75.0
Student634,80.0,99.0,66.0,81.7
Student635,unknown,62.0,76.0,69.0
Student636,84.0,64.0,56.0,68.0
Student637,72.0,93.0,57.0,74.0
Student638,78.0,57.0,unknown,67.5
Student639,92.0,59.0,72.0,74.3
Student640,60.0,95.0,81.0,78.7
Student641,67.0,54.0,92.0,71.0
Student642,96.0,99.0,96.0,97.0
Student643,61.0,68.0,67.0,65.3
Student644,58.0,96.0,87.0,80.3
Student645,59.0,87.0,61.0,69.0
Student646,93.0,unknown,64.0,78.5
Student647,66.0,92.0,77.0,78.3
Student648,87.0,69.0,unknown,78.0
Student649,56.0,69.0,99.0,74.7
Student650,95.0,70.0,80.0,81.7
Student651,62.0,67.0,58.0,62.3
Student652,89.0,99.0,57.0,81.7
Student653,91.0,59.0,95.0,81.7
Student654,unknown,83.0,68.0,75.5
Student655,99.0,75.0,57.0,77.0
Student656,76.0,79.0,83.0,79.3
Student657,51.0,58.0,53.0,54.0
Student658,54.0,95.0,80.0,76.3
Student659,78.0,80.0,87.0,81.7
Student660,unknown,91.0,unknown,91.0
Student661,87.0,53.0,84.0,74.7
Student662,68.0,55.0,68.0,63.7
Student663,57.0,63.0,92.0,70.7
Student664,97.0,53.0,78.0,76.0
Student665,94.0,75.0,59.0,76.0
Student666,50.0,96.0,61.0,69.0
Student667,71.0,97.0,95.0,87.7
Student668,66.0,88.0,79.0,77.7
Student669,56.0,66.0,79.0,67.0
Student670,74.0,68.0,67.0,69.7
Student671,94.0,98.0,73.0,88.3
Student672,53.0,55.0,81.0,63.0
Student673,85.0,unknown,58.0,71.5
Student674,55.0,60.0,96.0,70.3
Student675,80.0,65.0,73.0,72.7
Student676,68.0,79.0,75.0,74.0
Student677,93.0,74.0,52.0,73.0
Student678,88.0,89.0,72.0,83.0
Student679,76.0,60.0,60.0,65.3
Student680,59.0,56.0,59.0,58.0
Student681,75.0,75.0,99.0,83.0
Student682,68.0,71.0,85.0,74.7
Student683,88.0,74.0,62.0,74.7
Student684,52.0,68.0,78.0,66.0
Student685,94.0,80.0,87.0,87.0
Student686,62.0,75.0,62.0,66.3
Student687,99.0,unknown,75.0,87.0
Student688,77.0,90.0,69.0,78.7
Student689,69.0,85.0,54.0,69.3
Student690,77.0,72.0,unknown,74.5
Student691,57.0,96.0,63.0,72.0
Student692,90.0,62.0,94.0,82.0
Student693,88.0,74.0,63.0,75.0
Student694,50.0,unknown,57.0,53.5
Student695,52.0,51.0,97.0,66.7
Student696,62.0,65.0,62.0,63.0
Student697,77.0,58.0,73.0,69.3
Student698,98.0,77.0,unknown,87.5
Student699,74.0,62.0,50.0,62.0
Student700,82.0,84.0,71.0,79.0
Student701,87.0,90.0,83.0,86.7
Student702,55.0,62.0,99.0,72.0
Student703,93.0,80.0,89.0,87.3
Student704,94.0,70.0,52.0,72.0
Student705,81.0,81.0,75.0,79.0
Student706,94.0,83.0,63.0,80.0
Student707,96.0,57.0,90.0,81.0
Student708,70.0,90.0,57.0,72.3
Student709,65.0,97.0,98.0,86.7
Student710,70.0,51.0,65.0,62.0
Student711,60.0,unknown,91.0,75.5
Student712,unknown,81.0,70.0,75.5
Student713,85.0,89.0,59.0,77.7
Student714,84.0,unknown,74.0,79.0
Student715,68.0,86.0,87.0,80.3
Student716,69.0,90.0,71.0,76.7
Student717,67.0,50.0,98.0,71.7
Student718,96.0,unknown,97.0,96.5
Student719,90.0,59.0,96.0,81.7
Student720,98.0,53.0,95.0,82.0
Student721,63.0,84.0,53.0,66.7
Student722,64.0,59.0,53.0,58.7
Student723,unknown,96.0,79.0,87.5
Student724,50.0,60.0,51.0,53.7
Student725,52.0,63.0,unknown,57.5
Student726,65.0,87.0,92.0,81.3
Student727,72.0,unknown,85.0,78.5
Student728,60.0,94.0,70.0,74.7
Student729,61.0,66.0,70.0,65.7
Student730,59.0,65.0,97.0,73.7
Student731,81.0,84.0,70.0,78.3
Student732,65.0,51.0,53.0,56.3
Student733,57.0,60.0,50.0,55.7
Student734,87.0,90.0,75.0,84.0
Student735,61.0,52.0,51.0,54.7
Student736,73.0,78.0,58.0,69.7
Student737,77.0,67.0,94.0,79.3
Student738,57.0,69.0,67.0,64.3
Student739,77.0,96.0,97.0,90.0
Student740,85.0,63.0,97.0,81.7
Student741,75.0,83.0,91.0,83.0
Student742,57.0,98.0,90.0,81.7
Student743,99.0,80.0,60.0,79.7
Student744,77.0,89.0,74.0,80.0
Student745,77.0,91.0,unknown,84.0
Student746,86.0,67.0,85.0,79.3
Student747,90.0,79.0,91.0,86.7
Student748,85.0,74.0,84.0,81.0
Student749,76.0,68.0,87.0,77.0
Student750,66.0,57.0,unknown,61.5
Student751,58.0,77.0,90.0,75.0
Student752,82.0,57.0,84.0,74.3
Student753,69.0,80.0,99.0,82.7
Student754,62.0,unknown,89.0,75.5
Student755,77.0,52.0,71.0,66.7
Student756,97.0,93.0,57.0,82.3
Student757,78.0,71.0,64.0,71.0
Student758,62.0,66.0,94.0,74.0
Student759,95.0,85.0,56.0,78.7
Student760,84.0,66.0,68.0,72.7
Student761,55.0,63.0,89.0,69.0
Student762,67.0,58.0,91.0,72.0
Student763,54.0,79.0,66.0,66.3
Student764,96.0,70.0,50.0,72.0
Student765,74.0,61.0,94.0,76.3
Student766,51.0,86.0,78.0,71.7
Student767,59.0,81.0,62.0,67.3
Student768,79.0,60.0,97.0,78.7
Student769,99.0,69.0,78.0,82.0
Student770,94.0,84.0,90.0,89.3
Student771,54.0,96.0,91.0,80.3
Student772,unknown,95.0,55.0,75.0
Student773,50.0,60.0,54.0,54.7
Student774,67.0,57.0,83.0,69.0
Student775,81.0,53.0,60.0,64.7
Student776,96.0,76.0,58.0,76.7
Student777,98.0,93.0,87.0,92.7
Student778,60.0,89.0,89.0,79.3
Student779,70.0,87.0,90.0,82.3
Student780,75.0,96.0,58.0,76.3
Student781,74.0,79.0,57.0,70.0
Student782,71.0,93.0,93.0,85.7
Student783,76.0,unknown,89.0,82.5
Student784,98.0,97.0,52.0,82.3
Student785,62.0,76.0,62.0,66.7
Student786,82.0,70.0,68.0,73.3
Student787,83.0,69.0,83.0,78.3
Student788,90.0,53.0,81.0,74.7
Student789,84.0,60.0,98.0,80.7
Student790,50.0,62.0,65.0,59.0
Student791,70.0,58.0,85.0,71.0
Student792,97.0,53.0,67.0,72.3
Student793,55.0,61.0,63.0,59.7
Student794,77.0,58.0,79.0,71.3
Student795,66.0,62.0,unknown,64.0
Student796,54.0,97.0,62.0,71.0
Student797,80.0,75.0,76.0,77.0
Student798,54.0,87.0,unknown,70.5
Student799,87.0,91.0,80.0,86.0
Student800,52.0,62.0,64.0,59.3
Student801,72.0,88.0,69.0,76.3
Student802,86.0,77.0,54.0,72.3
Student803,86.0,68.0,56.0,70.0
Student804,59.0,unknown,67.0,63.0
Student805,59.0,68.0,60.0,62.3
Student806,68.0,98.0,81.0,82.3
Student807,66.0,62.0,99.0,75.7
Student808,70.0,62.0,76.0,69.3
Student809,63.0,77.0,75.0,71.7
Student810,58.0,51.0,86.0,65.0
Student811,95.0,59.0,94.0,82.7
Student812,50.0,71.0,77.0,66.0
Student813,94.0,62.0,99.0,85.0
Student814,62.0,58.0,51.0,57.0
Student815,53.0,82.0,69.0,68.0
Student816,50.0,unknown,53.0,51.5
Student817,98.0,97.0,62.0,85.7
Student818,89.0,69.0,73.0,77.0
Student819,81.0,64.0,97.0,80.7
Student820,83.0,81.0,87.0,83.7
Student821,77.0,82.0,89.0,82.7
Student822,unknown,66.0,97.0,81.5
Student823,unknown,73.0,94.0,83.5
Student824,unknown,79.0,78.0,78.5
Student825,75.0,62.0,85.0,74.0
Student826,83.0,96.0,51.0,76.7
Student827,52.0,97.0,90.0,79.7
Student828,99.0,65.0,67.0,77.0
Student829,61.0,unknown,98.0,79.5
Student830,50.0,66.0,unknown,58.0
Student831,93.0,81.0,64.0,79.3
Student832,54.0,92.0,90.0,78.7
Student833,unknown,57.0,66.0,61.5
Student834,79.0,52.0,72.0,67.7
Student835,66.0,61.0,51.0,59.3
Student836,97.0,69.0,55.0,73.7
Student837,96.0,65.0,78.0,79.7
Student838,72.0,63.0,76.0,70.3
Student839,64.0,65.0,86.0,71.7
Student840,86.0,98.0,98.0,94.0
Student841,70.0,92.0,83.0,81.7
Student842,unknown,98.0,unknown,98.0
Student843,51.0,unknown,91.0,71.0
Student844,60.0,79.0,59.0,66.0
Student845,88.0,61.0,87.0,78.7
Student846,87.0,64.0,93.0,81.3
Student847,83.0,67.0,66.0,72.0
Student848,87.0,77.0,62.0,75.3
Student849,99.0,72.0,97.0,89.3
Student850,83.0,63.0,91.0,79.0
Student851,67.0,79.0,76.0,74.0
Student852,79.0,82.0,51.0,70.7
Student853,64.0,94.0,83.0,80.3
Student854,76.0,64.0,80.0,73.3
Student855,83.0,56.0,72.0,70.3
Student856,87.0,64.0,56.0,69.0
Student857,82.0,91.0,87.0,86.7
Student858,73.0,95.0,82.0,83.3
Student859,64.0,unknown,61.0,62.5
Student860,79.0,95.0,94.0,89.3
Student861,91.0,93.0,61.0,81.7
Student862,66.0,unknown,68.0,67.0
Student863,54.0,78.0,58.0,63.3
Student864,78.0,80.0,59.0,72.3
Student865,53.0,74.0,66.0,64.3
Student866,59.0,73.0,99.0,77.0
Student867,66.0,68.0,89.0,74.3
Student868,59.0,51.0,88.0,66.0
Student869,66.0,71.0,90.0,75.7
Student870,69.0,69.0,59.0,65.7
Student871,73.0,82.0,61.0,72.0
Student872,54.0,57.0,64.0,58.3
Student873,83.0,unknown,80.0,81.5
Student874,55.0,95.0,64.0,71.3
Student875,51.0,58.0,77.0,62.0
Student876,62.0,83.0,53.0,66.0
Student877,92.0,72.0,85.0,83.0
Student878,92.0,54.0,50.0,65.3
Student879,unknown,74.0,93.0,83.5
Student880,60.0,57.0,83.0,66.7
Student881,96.0,65.0,96.0,85.7
Student882,72.0,97.0,66.0,78.3
Student883,65.0,94.0,88.0,82.3
Student884,80.0,64.0,87.0,77.0
Student885,60.0,50.0,93.0,67.7
Student886,65.0,71.0,82.0,72.7
Student887,57.0,52.0,70.0,59.7
Student888,unknown,87.0,75.0,81.0
Student889,89.0,63.0,95.0,82.3
Student890,53.0,85.0,85.0,74.3
Student891,74.0,67.0,54.0,65.0
Student892,52.0,96.0,82.0,76.7
Student893,81.0,90.0,50.0,73.7
Student894,unknown,67.0,55.0,61.0
Student895,76.0,52.0,86.0,71.3
Student896,78.0,59.0,51.0,62.7
Student897,81.0,98.0,54.0,77.7
Student898,99.0,88.0,75.0,87.3
Student899,68.0,96.0,90.0,84.7
Student900,70.0,50.0,96.0,72.0
Student901,54.0,76.0,62.0,64.0
Student902,67.0,76.0,61.0,68.0
Student903,77.0,60.0,54.0,63.7
Student904,91.0,98.0,51.0,80.0
Student905,71.0,54.0,53.0,59.3
Student906,70.0,56.0,76.0,67.3
Student907,55.0,68.0,99.0,74.0
Student908,50.0,78.0,59.0,62.3
Student909,54.0,64.0,62.0,60.0
Student910,90.0,84.0,93.0,89.0
Student911,61.0,96.0,51.0,69.3
Student912,75.0,86.0,75.0,78.7
Student913,95.0,61.0,64.0,73.3
Student914,83.0,79.0,95.0,85.7
Student915,98.0,69.0,59.0,75.3
Student916,63.0,86.0,71.0,73.3
Student917,75.0,52.0,89.0,72.0
Student918,94.0,58.0,74.0,75.3
Student919,76.0,90.0,64.0,76.7
Student920,58.0,unknown,62.0,60.0
Student921,75.0,75.0,57.0,69.0
Student922,96.0,51.0,70.0,72.3
Student923,71.0,72.0,70.0,71.0
Student924,96.0,72.0,71.0,79.7
Student925,79.0,70.0,unknown,74.5
Student926,92.0,65.0,82.0,79.7
Student927,97.0,58.0,94.0,83.0
Student928,66.0,62.0,76.0,68.0
Student929,75.0,77.0,89.0,80.3
Student930,85.0,76.0,99.0,86.7
Student931,50.0,66.0,71.0,62.3
Student932,unknown,87.0,79.0,83.0
Student933,98.0,85.0,58.0,80.3
Student934,84.0,50.0,94.0,76.0
Student935,64.0,67.0,84.0,71.7
Student936,96.0,58.0,67.0,73.7
Student937,71.0,62.0,91.0,74.7
Student938,63.0,89.0,54.0,68.7
Student939,75.0,94.0,76.0,81.7
Student940,77.0,64.0,unknown,70.5
Student941,72.0,92.0,81.0,81.7
Student942,63.0,93.0,57.0,71.0
Student943,73.0,95.0,88.0,85.3
Student944,51.0,53.0,70.0,58.0
Student945,94.0,82.0,unknown,88.0
Student946,75.0,73.0,unknown,74.0
Student947,63.0,85.0,64.0,70.7
Student948,56.0,90.0,91.0,79.0
Student949,52.0,59.0,75.0,62.0
Student950,96.0,85.0,93.0,91.3
Student951,72.0,69.0,81.0,74.0
Student952,95.0,90.0,88.0,91.0
Student953,92.0,94.0,77.0,87.7
Student954,96.0,93.0,88.0,92.3
Student955,94.0,60.0,92.0,82.0
Student956,67.0,61.0,81.0,69.7
Student957,87.0,67.0,62.0,72.0
Student958,84.0,79.0,64.0,75.7
Student959,64.0,93.0,67.0,74.7
Student960,74.0,97.0,88.0,86.3
Student961,unknown,86.0,55.0,70.5
Student962,77.0,69.0,60.0,68.7
Student963,59.0,74.0,unknown,66.5
Student964,88.0,61.0,89.0,79.3
Student965,unknown,70.0,69.0,69.5
Student966,88.0,74.0,82.0,81.3
Student967,71.0,60.0,89.0,73.3
Student968,75.0,58.0,57.0,63.3
Student969,93.0,99.0,84.0,92.0
Student970,74.0,74.0,unknown,74.0
Student971,66.0,84.0,84.0,78.0
Student972,62.0,81.0,96.0,79.7
Student973,69.0,98.0,63.0,76.7
Student974,74.0,63.0,70.0,69.0
Student975,53.0,50.0,96.0,66.3
Student976,59.0,66.0,73.0,66.0
Student977,52.0,74.0,66.0,64.0
Student978,unknown,57.0,67.0,62.0
Student979,94.0,54.0,83.0,77.0
Student980,67.0,54.0,61.0,60.7
Student981,96.0,90.0,65.0,83.7
Student982,85.0,84.0,unknown,84.5
Student983,96.0,68.0,74.0,79.3
Student984,71.0,72.0,83.0,75.3
Student985,83.0,58.0,77.0,72.7
Student986,96.0,79.0,95.0,90.0
Student987,unknown,99.0,60.0,79.5
Student988,89.0,65.0,unknown,77.0
Student989,98.0,82.0,80.0,86.7
Student990,93.0,51.0,74.0,72.7
Student991,68.0,63.0,unknown,65.5
Student992,91.0,95.0,59.0,81.7
Student993,90.0,50.0,73.0,71.0
Student994,86.0,75.0,50.0,70.3
Student995,55.0,74.0,74.0,67.7
Student996,75.0,65.0,77.0,72.3
Student997,83.0,64.0,85.0,77.3
Student998,94.0,75.0,67.0,78.7
Student999,55.0,96.0,55.0,68.7
Student1000,86.0,93.0,51.0,76.7
Student1001,82.0,65.0,52.0,66.3
Student1002,71.0,63.0,95.0,76.3
Student1003,70.0,78.0,57.0,68.3
Student1004,55.0,73.0,80.0,69.3
Student1005,55.0,96.0,97.0,82.7
Student1006,97.0,64.0,68.0,76.3
Student1007,53.0,68.0,99.0,73.3
Student1008,79.0,57.0,55.0,63.7
Student1009,60.0,83.0,63.0,68.7
Student1010,79.0,51.0,52.0,60.7
Student1011,80.0,76.0,97.0,84.3
Student1012,73.0,59.0,unknown,66.0
Student1013,58.0,84.0,93.0,78.3
Student1014,52.0,unknown,79.0,65.5
Student1015,80.0,98.0,95.0,91.0
Student1016,89.0,57.0,68.0,71.3
Student1017,86.0,77.0,68.0,77.0
Student1018,85.0,72.0,58.0,71.7
Student1019,73.0,53.0,56.0,60.7
Student1020,80.0,63.0,95.0,79.3
Student1021,unknown,91.0,unknown,91.0
Student1022,51.0,78.0,99.0,76.0
Student1023,69.0,50.0,90.0,69.7
Student1024,77.0,53.0,56.0,62.0
Student1025,60.0,81.0,58.0,66.3
Student1026,53.0,82.0,53.0,62.7
Student1027,64.0,98.0,74.0,78.7
Student1028,55.0,75.0,98.0,76.0
Student1029,98.0,66.0,61.0,75.0
Student1030,79.0,88.0,55.0,74.0
Student1031,87.0,72.0,67.0,75.3
Student1032,51.0,81.0,89.0,73.7
Student1033,64.0,64.0,70.0,66.0
Student1034,60.0,unknown,64.0,62.0
Student1035,57.0,51.0,52.0,53.3
Student1036,75.0,unknown,51.0,63.0
Student1037,94.0,73.0,90.0,85.7
Student1038,93.0,94.0,89.0,92.0
Student1039,54.0,73.0,53.0,60.0
Student1040,55.0,60.0,81.0,65.3
Student1041,unknown,71.0,51.0,61.0
Student1042,53.0,unknown,95.0,74.0
Student1043,68.0,59.0,78.0,68.3
Student1044,69.0,90.0,51.0,70.0
Student1045,82.0,76.0,unknown,79.0
Student1046,69.0,58.0,76.0,67.7
Student1047,98.0,77.0,88.0,87.7
Student1048,61.0,50.0,93.0,68.0
Student1049,96.0,66.0,87.0,83.0
Student1050,50.0,80.0,67.0,65.7
Student1051,75.0,93.0,85.0,84.3
Student1052,63.0,59.0,68.0,63.3
Student1053,87.0,86.0,76.0,83.0
Student1054,86.0,78.0,94.0,86.0
Student1055,60.0,67.0,69.0,65.3
Student1056,85.0,96.0,70.0,83.7
Student1057,62.0,87.0,72.0,73.7
Student1058,92.0,88.0,79.0,86.3
Student1059,52.0,98.0,74.0,74.7
Student1060,82.0,55.0,80.0,72.3
Student1061,55.0,89.0,76.0,73.3
Student1062,99.0,61.0,83.0,81.0
Student1063,59.0,63.0,57.0,59.7
Student1064,54.0,93.0,unknown,73.5
Student1065,72.0,59.0,90.0,73.7
Student1066,59.0,69.0,75.0,67.7
Student1067,93.0,64.0,77.0,78.0
Student1068,51.0,80.0,53.0,61.3
Student1069,62.0,56.0,80.0,66.0
Student1070,89.0,90.0,65.0,81.3
Student1071,unknown,59.0,59.0,59.0
Student1072,69.0,59.0,87.0,71.7
Student1073,50.0,97.0,97.0,81.3
Student1074,86.0,88.0,59.0,77.7
Student1075,58.0,77.0,94.0,76.3
Student1076,66.0,79.0,58.0,67.7
Student1077,58.0,unknown,88.0,73.0
Student1078,60.0,52.0,85.0,65.7
Student1079,64.0,99.0,85.0,82.7
Student1080,73.0,92.0,68.0,77.7
Student1081,87.0,64.0,68.0,73.0
Student1082,84.0,70.0,61.0,71.7
Student1083,79.0,86.0,62.0,75.7
Student1084,80.0,61.0,74.0,71.7
Student1085,98.0,53.0,85.0,78.7
Student1086,54.0,96.0,74.0,74.7
Student1087,93.0,58.0,77.0,76.0
Student1088,99.0,88.0,91.0,92.7
Student1089,63.0,91.0,88.0,80.7
Student1090,60.0,77.0,79.0,72.0
Student1091,58.0,72.0,54.0,61.3
Student1092,83.0,94.0,66.0,81.0
Student1093,61.0,89.0,67.0,72.3
Student1094,84.0,93.0,92.0,89.7
Student1095,84.0,71.0,96.0,83.7
Student1096,50.0,73.0,70.0,64.3
Student1097,89.0,75.0,71.0,78.3
Student1098,71.0,79.0,88.0,79.3
Student1099,78.0,82.0,99.0,86.3
Student1100,57.0,65.0,55.0,59.0
Student1101,60.0,71.0,99.0,76.7
Student1102,90.0,98.0,65.0,84.3
Student1103,86.0,99.0,51.0,78.7
Student1104,63.0,92.0,50.0,68.3
Student1105,unknown,67.0,79.0,73.0
Student1106,84.0,56.0,92.0,77.3
Student1107,70.0,unknown,86.0,78.0
Student1108,86.0,75.0,97.0,86.0
Student1109,54.0,57.0,72.0,61.0
Student1110,68.0,55.0,50.0,57.7
Student1111,63.0,79.0,68.0,70.0
Student1112,75.0,88.0,95.0,86.0
Student1113,53.0,72.0,52.0,59.0
Student1114,unknown,81.0,51.0,66.0
Student1115,94.0,71.0,86.0,83.7
Student1116,91.0,91.0,66.0,82.7
Student1117,74.0,92.0,77.0,81.0
Student1118,67.0,94.0,67.0,76.0
Student1119,89.0,58.0,82.0,76.3
Student1120,57.0,80.0,64.0,67.0
Student1121,88.0,56.0,71.0,71.7
Student1122,89.0,unknown,90.0,89.5
Student1123,unknown,62.0,76.0,69.0
Student1124,81.0,52.0,86.0,73.0
Student1125,unknown,unknown,81.0,81.0
Student1126,82.0,82.0,94.0,86.0
Student1127,72.0,70.0,68.0,70.0
Student1128,64.0,80.0,77.0,73.7
Student1129,82.0,83.0,77.0,80.7
Student1130,74.0,81.0,59.0,71.3
Student1131,66.0,84.0,69.0,73.0
Student1132,82.0,64.0,74.0,73.3
Student1133,96.0,81.0,70.0,82.3
Student1134,51.0,55.0,63.0,56.3
Student1135,63.0,94.0,71.0,76.0
Student1136,89.0,70.0,75.0,78.0
Student1137,89.0,82.0,93.0,88.0
Student1138,unknown,81.0,60.0,70.5
Student1139,55.0,68.0,56.0,59.7
Student1140,unknown,82.0,66.0,74.0
Student1141,52.0,77.0,67.0,65.3
Student1142,56.0,80.0,56.0,64.0
Student1143,57.0,70.0,69.0,65.3
Student1144,91.0,83.0,87.0,87.0
Student1145,64.0,64.0,60.0,62.7
Student1146,96.0,63.0,93.0,84.0
Student1147,78.0,68.0,65.0,70.3
Student1148,82.0,92.0,76.0,83.3
Student1149,79.0,64.0,60.0,67.7
Student1150,88.0,55.0,65.0,69.3
Student1151,76.0,58.0,72.0,68.7
Student1152,85.0,86.0,61.0,77.3
Student1153,78.0,69.0,89.0,78.7
Student1154,87.0,83.0,52.0,74.0
Student1155,82.0,87.0,51.0,73.3
Student1156,86.0,75.0,87.0,82.7
Student1157,76.0,67.0,97.0,80.0
Student1158,82.0,77.0,73.0,77.3
Student1159,53.0,58.0,78.0,63.0
Student1160,71.0,81.0,96.0,82.7
Student1161,51.0,55.0,95.0,67.0
Student1162,59.0,63.0,83.0,68.3
Student1163,54.0,77.0,69.0,66.7
Student1164,unknown,73.0,67.0,70.0
Student1165,82.0,62.0,63.0,69.0
Student1166,87.0,92.0,67.0,82.0
Student1167,62.0,61.0,51.0,58.0
Student1168,80.0,68.0,50.0,66.0
Student1169,96.0,70.0,69.0,78.3
Student1170,unknown,76.0,83.0,79.5
Student1171,94.0,68.0,90.0,84.0
Student1172,73.0,73.0,90.0,78.7
Student1173,64.0,75.0,97.0,78.7
Student1174,78.0,94.0,60.0,77.3
Student1175,57.0,77.0,76.0,70.0
Student1176,54.0,95.0,72.0,73.7
Student1177,78.0,67.0,87.0,77.3
Student1178,96.0,93.0,93.0,94.0
Student1179,53.0,85.0,52.0,63.3
Student1180,61.0,91.0,61.0,71.0
Student1181,94.0,78.0,79.0,83.7
Student1182,51.0,66.0,80.0,65.7
Student1183,76.0,53.0,72.0,67.0
Student1184,80.0,93.0,50.0,74.3
Student1185,85.0,94.0,90.0,89.7
Student1186,85.0,78.0,69.0,77.3
Student1187,75.0,53.0,55.0,61.0
Student1188,92.0,59.0,60.0,70.3
Student1189,76.0,74.0,84.0,78.0
Student1190,54.0,80.0,53.0,62.3
Student1191,69.0,52.0,78.0,66.3
Student1192,60.0,96.0,59.0,71.7
Student1193,59.0,51.0,78.0,62.7
Student1194,unknown,74.0,87.0,80.5
Student1195,87.0,98.0,50.0,78.3
Student1196,55.0,55.0,89.0,66.3
Student1197,57.0,75.0,unknown,66.0
Student1198,72.0,57.0,87.0,72.0
Student1199,96.0,84.0,66.0,82.0
Student1200,75.0,76.0,68.0,73.0
Student1201,unknown,74.0,82.0,78.0
Student1202,92.0,67.0,64.0,74.3
Student1203,61.0,50.0,94.0,68.3
Student1204,75.0,97.0,80.0,84.0
Student1205,62.0,88.0,unknown,75.0
Student1206,89.0,52.0,52.0,64.3
Student1207,67.0,53.0,51.0,57.0
Student1208,74.0,90.0,84.0,82.7
Student1209,82.0,86.0,90.0,86.0
Student1210,96.0,64.0,65.0,75.0
Student1211,89.0,unknown,94.0,91.5
Student1212,92.0,87.0,99.0,92.7
Student1213,61.0,99.0,70.0,76.7
Student1214,93.0,68.0,unknown,80.5
Student1215,85.0,96.0,77.0,86.0
Student1216,97.0,unknown,unknown,97.0
Student1217,53.0,88.0,82.0,74.3
Student1218,54.0,59.0,69.0,60.7
Student1219,86.0,87.0,unknown,86.5
Student1220,57.0,63.0,98.0,72.7
Student1221,91.0,98.0,70.0,86.3
Student1222,98.0,90.0,88.0,92.0
Student1223,77.0,68.0,90.0,78.3
Student1224,80.0,79.0,98.0,85.7
Student1225,58.0,54.0,91.0,67.7
Student1226,78.0,80.0,85.0,81.0
Student1227,63.0,56.0,71.0,63.3
Student1228,89.0,68.0,75.0,77.3
Student1229,90.0,80.0,56.0,75.3
Student1230,71.0,88.0,56.0,71.7
Student1231,60.0,73.0,57.0,63.3
Student1232,72.0,83.0,75.0,76.7
Student1233,unknown,72.0,73.0,72.5
Student1234,95.0,97.0,73.0,88.3
Student1235,86.0,unknown,89.0,87.5
Student1236,70.0,89.0,97.0,85.3
Student1237,75.0,55.0,61.0,63.7
Student1238,95.0,87.0,96.0,92.7
Student1239,85.0,90.0,57.0,77.3
Student1240,72.0,85.0,58.0,71.7
Student1241,50.0,76.0,52.0,59.3
Student1242,89.0,60.0,70.0,73.0
Student1243,64.0,54.0,80.0,66.0
Student1244,70.0,66.0,97.0,77.7
Student1245,96.0,56.0,96.0,82.7
Student1246,58.0,76.0,73.0,69.0
Student1247,58.0,96.0,53.0,69.0
Student1248,59.0,64.0,69.0,64.0
Student1249,75.0,95.0,65.0,78.3
Student1250,90.0,62.0,59.0,70.3
Student1251,84.0,60.0,92.0,78.7
Student1252,74.0,unknown,75.0,74.5
Student1253,75.0,75.0,78.0,76.0
Student1254,60.0,71.0,54.0,61.7
Student1255,87.0,77.0,60.0,74.7
Student1256,51.0,73.0,78.0,67.3
Student1257,56.0,78.0,94.0,76.0
Student1258,67.0,unknown,64.0,65.5
Student1259,76.0,91.0,55.0,74.0
Student1260,83.0,53.0,unknown,68.0
Student1261,76.0,98.0,64.0,79.3
Student1262,66.0,95.0,92.0,84.3
Student1263,92.0,67.0,69.0,76.0
Student1264,93.0,92.0,83.0,89.3
Student1265,73.0,unknown,51.0,62.0
Student1266,74.0,82.0,93.0,83.0
Student1267,56.0,78.0,65.0,66.3
Student1268,55.0,88.0,68.0,70.3
Student1269,73.0,59.0,83.0,71.7
Student1270,82.0,58.0,98.0,79.3
Student1271,98.0,80.0,63.0,80.3
Student1272,78.0,77.0,73.0,76.0
Student1273,92.0,52.0,77.0,73.7
Student1274,71.0,63.0,97.0,77.0
Student1275,75.0,74.0,81.0,76.7
Student1276,77.0,unknown,86.0,81.5
Student1277,99.0,51.0,59.0,69.7
Student1278,70.0,73.0,98.0,80.3
Student1279,98.0,63.0,94.0,85.0
Student1280,56.0,97.0,97.0,83.3
Student1281,66.0,56.0,58.0,60.0
Student1282,69.0,85.0,73.0,75.7
Student1283,90.0,99.0,85.0,91.3
Student1284,98.0,73.0,78.0,83.0
Student1285,69.0,76.0,unknown,72.5
Student1286,71.0,86.0,97.0,84.7
Student1287,77.0,87.0,72.0,78.7
Student1288,89.0,79.0,76.0,81.3
Student1289,98.0,76.0,80.0,84.7
Student1290,56.0,88.0,92.0,78.7
Student1291,unknown,64.0,56.0,60.0
Student1292,unknown,75.0,98.0,86.5
Student1293,62.0,50.0,unknown,56.0
Student1294,79.0,53.0,53.0,61.7
Student1295,72.0,78.0,unknown,75.0
Student1296,68.0,50.0,unknown,59.0
Student1297,81.0,92.0,91.0,88.0
Student1298,79.0,99.0,59.0,79.0
Student1299,78.0,95.0,93.0,88.7
Student1300,98.0,71.0,83.0,84.0
Student1301,94.0,60.0,75.0,76.3
Student1302,78.0,59.0,72.0,69.7
Student1303,79.0,66.0,58.0,67.7
Student1304,65.0,85.0,86.0,78.7
Student1305,89.0,96.0,57.0,80.7
Student1306,68.0,75.0,63.0,68.7
Student1307,67.0,97.0,56.0,73.3
Student1308,unknown,70.0,56.0,63.0
Student1309,63.0,62.0,58.0,61.0
Student1310,96.0,58.0,52.0,68.7
Student1311,99.0,60.0,63.0,74.0
Student1312,51.0,60.0,66.0,59.0
Student1313,unknown,55.0,99.0,77.0
Student1314,98.0,50.0,93.0,80.3
Student1315,99.0,55.0,unknown,77.0
Student1316,79.0,unknown,95.0,87.0
Student1317,87.0,71.0,75.0,77.7
Student1318,unknown,80.0,77.0,78.5
Student1319,50.0,71.0,94.0,71.7
Student1320,57.0,86.0,63.0,68.7
Student1321,unknown,96.0,unknown,96.0
Student1322,88.0,76.0,75.0,79.7
Student1323,52.0,99.0,51.0,67.3
Student1324,81.0,unknown,60.0,70.5
Student1325,59.0,96.0,66.0,73.7
Student1326,59.0,54.0,83.0,65.3
Student1327,68.0,85.0,68.0,73.7
Student1328,95.0,81.0,88.0,88.0
Student1329,83.0,83.0,67.0,77.7
Student1330,82.0,56.0,62.0,66.7
Student1331,unknown,91.0,54.0,72.5
Student1332,77.0,97.0,99.0,91.0
Student1333,81.0,59.0,72.0,70.7
Student1334,99.0,99.0,73.0,90.3
Student1335,56.0,66.0,78.0,66.7
Student1336,78.0,79.0,97.0,84.7
Student1337,57.0,unknown,96.0,76.5
Student1338,50.0,unknown,57.0,53.5
Student1339,52.0,50.0,75.0,59.0
Student1340,73.0,50.0,64.0,62.3
Student1341,72.0,96.0,50.0,72.7
Student1342,unknown,82.0,77.0,79.5
Student1343,96.0,87.0,98.0,93.7
Student1344,unknown,74.0,96.0,85.0
Student1345,52.0,75.0,95.0,74.0
Student1346,82.0,62.0,63.0,69.0
Student1347,77.0,77.0,91.0,81.7
Student1348,96.0,82.0,83.0,87.0
Student1349,57.0,86.0,80.0,74.3
Student1350,83.0,90.0,55.0,76.0
Student1351,84.0,79.0,98.0,87.0
Student1352,81.0,98.0,54.0,77.7
Student1353,73.0,97.0,80.0,83.3
Student1354,63.0,unknown,86.0,74.5
Student1355,81.0,98.0,64.0,81.0
Student1356,95.0,96.0,64.0,85.0
Student1357,92.0,50.0,92.0,78.0
Student1358,65.0,61.0,54.0,60.0
Student1359,53.0,54.0,77.0,61.3
Student1360,86.0,73.0,82.0,80.3
Student1361,70.0,55.0,60.0,61.7
Student1362,63.0,74.0,92.0,76.3
Student1363,80.0,50.0,55.0,61.7
Student1364,97.0,74.0,72.0,81.0
Student1365,67.0,50.0,89.0,68.7
Student1366,56.0,81.0,51.0,62.7
Student1367,59.0,91.0,64.0,71.3
Student1368,56.0,91.0,72.0,73.0
Student1369,82.0,52.0,71.0,68.3
Student1370,72.0,98.0,58.0,76.0
Student1371,70.0,68.0,96.0,78.0
Student1372,68.0,92.0,89.0,83.0
Student1373,97.0,78.0,79.0,84.7
Student1374,68.0,99.0,65.0,77.3
Student1375,85.0,51.0,95.0,77.0
Student1376,78.0,58.0,96.0,77.3
Student1377,67.0,66.0,79.0,70.7
Student1378,51.0,95.0,94.0,80.0
Student1379,50.0,85.0,58.0,64.3
Student1380,96.0,66.0,50.0,70.7
Student1381,54.0,98.0,87.0,79.7
Student1382,69.0,unknown,57.0,63.0
Student1383,60.0,69.0,67.0,65.3
Student1384,91.0,99.0,76.0,88.7
Student1385,51.0,52.0,67.0,56.7
Student1386,52.0,92.0,81.0,75.0
Student1387,72.0,99.0,98.0,89.7
Student1388,61.0,53.0,81.0,65.0
Student1389,69.0,unknown,97.0,83.0
Student1390,unknown,99.0,94.0,96.5
Student1391,86.0,86.0,85.0,85.7
Student1392,87.0,95.0,85.0,89.0
Student1393,79.0,91.0,70.0,80.0
Student1394,58.0,64.0,95.0,72.3
Student1395,83.0,82.0,81.0,82.0
Student1396,93.0,65.0,80.0,79.3
Student1397,84.0,60.0,86.0,76.7
Student1398,71.0,69.0,65.0,68.3
Student1399,93.0,87.0,95.0,91.7
Student1400,73.0,73.0,95.0,80.3
Student1401,66.0,65.0,63.0,64.7
Student1402,59.0,79.0,73.0,70.3
Student1403,79.0,unknown,74.0,76.5
Student1404,95.0,50.0,95.0,80.0
Student1405,72.0,73.0,84.0,76.3
Student1406,81.0,73.0,66.0,73.3
Student1407,66.0,58.0,95.0,73.0
Student1408,99.0,71.0,91.0,87.0
Student1409,66.0,61.0,94.0,73.7
Student1410,63.0,66.0,53.0,60.7
Student1411,58.0,74.0,60.0,64.0
Student1412,89.0,77.0,96.0,87.3
Student1413,51.0,64.0,unknown,57.5
Student1414,94.0,79.0,79.0,84.0
Student1415,74.0,76.0,73.0,74.3
Student1416,88.0,71.0,51.0,70.0
Student1417,58.0,59.0,92.0,69.7
Student1418,71.0,80.0,83.0,78.0
Student1419,92.0,76.0,72.0,80.0
Student1420,unknown,61.0,80.0,70.5
Student1421,53.0,95.0,86.0,78.0
Student1422,75.0,80.0,unknown,77.5
Student1423,78.0,81.0,82.0,80.3
Student1424,94.0,81.0,56.0,77.0
Student1425,83.0,90.0,81.0,84.7
Student1426,72.0,94.0,56.0,74.0
Student1427,86.0,84.0,91.0,87.0
Student1428,60.0,95.0,87.0,80.7
Student1429,55.0,70.0,93.0,72.7
Student1430,67.0,59.0,62.0,62.7
Student1431,70.0,65.0,73.0,69.3
Student1432,91.0,56.0,77.0,74.7
Student1433,85.0,53.0,81.0,73.0
Student1434,90.0,76.0,92.0,86.0
Student1435,87.0,74.0,67.0,76.0
Student1436,83.0,80.0,83.0,82.0
Student1437,66.0,60.0,97.0,74.3
Student1438,86.0,97.0,83.0,88.7
Student1439,74.0,69.0,87.0,76.7
Student1440,87.0,85.0,50.0,74.0
Student1441,61.0,66.0,92.0,73.0
Student1442,72.0,94.0,99.0,88.3
Student1443,91.0,unknown,91.0,91.0
Student1444,71.0,79.0,80.0,76.7
Student1445,70.0,84.0,99.0,84.3
Student1446,76.0,90.0,50.0,72.0
Student1447,80.0,87.0,65.0,77.3
Student1448,55.0,71.0,88.0,71.3
Student1449,76.0,92.0,64.0,77.3
Student1450,89.0,97.0,82.0,89.3
Student1451,83.0,76.0,72.0,77.0
Student1452,61.0,86.0,90.0,79.0
Student1453,94.0,95.0,83.0,90.7
Student1454,56.0,98.0,66.0,73.3
Student1455,59.0,84.0,74.0,72.3
Student1456,94.0,53.0,91.0,79.3
Student1457,66.0,65.0,55.0,62.0
Student1458,75.0,65.0,80.0,73.3
Student1459,70.0,70.0,54.0,64.7
Student1460,77.0,75.0,89.0,80.3
Student1461,95.0,85.0,89.0,89.7
Student1462,51.0,68.0,79.0,66.0
Student1463,92.0,66.0,54.0,70.7
Student1464,50.0,94.0,61.0,68.3
Student1465,85.0,75.0,56.0,72.0
Student1466,75.0,71.0,94.0,80.0
Student1467,78.0,77.0,62.0,72.3
Student1468,70.0,50.0,98.0,72.7
Student1469,60.0,93.0,53.0,68.7
Student1470,89.0,85.0,99.0,91.0
Student1471,60.0,92.0,91.0,81.0
Student1472,85.0,86.0,52.0,74.3
Student1473,98.0,51.0,61.0,70.0
Student1474,88.0,66.0,50.0,68.0
Student1475,89.0,89.0,76.0,84.7
Student1476,84.0,87.0,unknown,85.5
Student1477,83.0,70.0,99.0,84.0
Student1478,96.0,58.0,62.0,72.0
Student1479,73.0,62.0,66.0,67.0
Student1480,71.0,unknown,57.0,64.0
Student1481,54.0,unknown,81.0,67.5
Student1482,82.0,65.0,69.0,72.0
Student1483,85.0,51.0,66.0,67.3
Student1484,96.0,91.0,83.0,90.0
Student1485,69.0,93.0,84.0,82.0
Student1486,68.0,57.0,84.0,69.7
Student1487,84.0,92.0,87.0,87.7
Student1488,92.0,91.0,91.0,91.3
Student1489,66.0,62.0,73.0,67.0
Student1490,94.0,66.0,unknown,80.0
Student1491,92.0,88.0,99.0,93.0
Student1492,83.0,73.0,95.0,83.7
Student1493,58.0,52.0,97.0,69.0
Student1494,75.0,79.0,88.0,80.7
Student1495,51.0,unknown,82.0,66.5
Student1496,58.0,68.0,98.0,74.7
Student1497,unknown,56.0,72.0,64.0
Student1498,89.0,58.0,74.0,73.7
Student1499,66.0,68.0,86.0,73.3
Student1500,50.0,94.0,unknown,72.0
Student1501,74.0,89.0,50.0,71.0
Student1502,92.0,71.0,70.0,77.7
Student1503,89.0,unknown,98.0,93.5
Student1504,91.0,72.0,59.0,74.0
Student1505,74.0,51.0,80.0,68.3
Student1506,88.0,99.0,93.0,93.3
Student1507,84.0,99.0,74.0,85.7
Student1508,52.0,60.0,69.0,60.3
Student1509,99.0,80.0,51.0,76.7
Student1510,86.0,82.0,97.0,88.3
Student1511,93.0,63.0,64.0,73.3
Student1512,93.0,65.0,77.0,78.3
Student1513,79.0,60.0,62.0,67.0
Student1514,87.0,82.0,99.0,89.3
Student1515,83.0,56.0,63.0,67.3
Student1516,61.0,80.0,99.0,80.0
Student1517,68.0,97.0,51.0,72.0
Student1518,86.0,95.0,83.0,88.0
Student1519,93.0,96.0,84.0,91.0
Student1520,98.0,63.0,86.0,82.3
Student1521,66.0,77.0,74.0,72.3
Student1522,59.0,92.0,97.0,82.7
Student1523,98.0,65.0,64.0,75.7
Student1524,96.0,68.0,61.0,75.0
Student1525,61.0,66.0,58.0,61.7
Student1526,65.0,75.0,80.0,73.3
Student1527,73.0,55.0,63.0,63.7
Student1528,68.0,unknown,78.0,73.0
Student1529,unknown,98.0,97.0,97.5
Student1530,80.0,58.0,92.0,76.7
Student1531,70.0,99.0,87.0,85.3
Student1532,66.0,66.0,91.0,74.3
Student1533,72.0,80.0,57.0,69.7
Student1534,86.0,61.0,97.0,81.3
Student1535,65.0,72.0,52.0,63.0
Student1536,unknown,54.0,51.0,52.5
Student1537,57.0,92.0,65.0,71.3
Student1538,74.0,85.0,68.0,75.7
Student1539,67.0,85.0,79.0,77.0
Student1540,74.0,52.0,90.0,72.0
Student1541,61.0,73.0,65.0,66.3
Student1542,64.0,66.0,80.0,70.0
Student1543,75.0,88.0,77.0,80.0
Student1544,90.0,75.0,53.0,72.7
Student1545,94.0,53.0,59.0,68.7
Student1546,75.0,94.0,94.0,87.7
Student1547,96.0,61.0,67.0,74.7
Student1548,81.0,50.0,96.0,75.7
Student1549,59.0,70.0,81.0,70.0
Student1550,65.0,68.0,79.0,70.7
Student1551,56.0,70.0,85.0,70.3
Student1552,66.0,67.0,58.0,63.7
Student1553,72.0,92.0,85.0,83.0
Student1554,75.0,52.0,78.0,68.3
Student1555,70.0,98.0,65.0,77.7
Student1556,71.0,93.0,77.0,80.3
Student1557,56.0,81.0,70.0,69.0
Student1558,63.0,unknown,96.0,79.5
Student1559,64.0,89.0,51.0,68.0
Student1560,56.0,64.0,95.0,71.7
Student1561,58.0,54.0,84.0,65.3
Student1562,97.0,53.0,77.0,75.7
Student1563,57.0,77.0,unknown,67.0
Student1564,99.0,53.0,80.0,77.3
Student1565,72.0,64.0,82.0,72.7
Student1566,78.0,66.0,72.0,72.0
Student1567,67.0,93.0,90.0,83.3
Student1568,80.0,52.0,66.0,66.0
Student1569,79.0,59.0,95.0,77.7
Student1570,88.0,96.0,98.0,94.0
Student1571,84.0,91.0,50.0,75.0
Student1572,67.0,72.0,91.0,76.7
Student1573,91.0,67.0,72.0,76.7
Student1574,88.0,50.0,97.0,78.3
Student1575,66.0,84.0,76.0,75.3
Student1576,63.0,80.0,74.0,72.3
Student1577,80.0,93.0,81.0,84.7
Student1578,73.0,50.0,68.0,63.7
Student1579,84.0,52.0,73.0,69.7
Student1580,93.0,52.0,52.0,65.7
Student1581,94.0,86.0,61.0,80.3
Student1582,83.0,68.0,84.0,78.3
Student1583,52.0,unknown,64.0,58.0
Student1584,86.0,74.0,66.0,75.3
Student1585,92.0,82.0,unknown,87.0
Student1586,89.0,85.0,81.0,85.0
Student1587,75.0,78.0,56.0,69.7
Student1588,72.0,75.0,68.0,71.7
Student1589,unknown,53.0,56.0,54.5
Student1590,88.0,98.0,54.0,80.0
Student1591,64.0,63.0,89.0,72.0
Student1592,98.0,unknown,70.0,84.0
Student1593,53.0,unknown,97.0,75.0
Student1594,78.0,82.0,97.0,85.7
Student1595,71.0,71.0,96.0,79.3
Student1596,74.0,97.0,56.0,75.7
Student1597,62.0,52.0,86.0,66.7
Student1598,67.0,72.0,72.0,70.3
Student1599,82.0,70.0,60.0,70.7
Student1600,65.0,90.0,59.0,71.3
Student1601,94.0,72.0,unknown,83.0
Student1602,91.0,53.0,90.0,78.0
Student1603,93.0,70.0,82.0,81.7
Student1604,51.0,86.0,69.0,68.7
Student1605,unknown,92.0,82.0,87.0
Student1606,91.0,80.0,89.0,86.7
Student1607,83.0,70.0,84.0,79.0
Student1608,79.0,75.0,83.0,79.0
Student1609,62.0,90.0,85.0,79.0
Student1610,62.0,84.0,76.0,74.0
Student1611,67.0,87.0,68.0,74.0
Student1612,81.0,73.0,92.0,82.0
Student1613,unknown,unknown,54.0,54.0
Student1614,84.0,90.0,78.0,84.0
Student1615,88.0,78.0,59.0,75.0
Student1616,95.0,96.0,89.0,93.3
Student1617,78.0,52.0,62.0,64.0
Student1618,98.0,50.0,78.0,75.3
Student1619,78.0,68.0,54.0,66.7
Student1620,93.0,95.0,61.0,83.0
Student1621,65.0,98.0,62.0,75.0
Student1622,93.0,71.0,71.0,78.3
Student1623,96.0,unknown,89.0,92.5
Student1624,59.0,98.0,64.0,73.7
Student1625,79.0,63.0,62.0,68.0
Student1626,unknown,93.0,50.0,71.5
Student1627,88.0,65.0,87.0,80.0
Student1628,69.0,unknown,92.0,80.5
Student1629,54.0,62.0,94.0,70.0
Student1630,50.0,87.0,50.0,62.3
Student1631,79.0,98.0,60.0,79.0
Student1632,98.0,61.0,92.0,83.7
Student1633,52.0,87.0,89.0,76.0
Student1634,94.0,88.0,71.0,84.3
Student1635,63.0,82.0,84.0,76.3
Student1636,79.0,82.0,93.0,84.7
Student1637,99.0,78.0,55.0,77.3
Student1638,53.0,54.0,77.0,61.3
Student1639,67.0,55.0,80.0,67.3
Student1640,86.0,80.0,57.0,74.3
Student1641,74.0,65.0,54.0,64.3
Student1642,97.0,80.0,unknown,88.5
Student1643,50.0,74.0,97.0,73.7
Student1644,95.0,97.0,93.0,95.0
Student1645,64.0,95.0,66.0,75.0
Student1646,58.0,82.0,87.0,75.7
Student1647,64.0,unknown,58.0,61.0
Student1648,unknown,59.0,59.0,59.0
Student1649,73.0,73.0,69.0,71.7
Student1650,53.0,59.0,63.0,58.3
Student1651,61.0,90.0,63.0,71.3
Student1652,86.0,80.0,75.0,80.3
Student1653,86.0,62.0,78.0,75.3
Student1654,92.0,52.0,unknown,72.0
Student1655,unknown,99.0,76.0,87.5
Student1656,88.0,83.0,74.0,81.7
Student1657,95.0,98.0,65.0,86.0
Student1658,73.0,unknown,85.0,79.0
Student1659,60.0,68.0,83.0,70.3
Student1660,62.0,72.0,65.0,66.3
Student1661,83.0,94.0,82.0,86.3
Student1662,74.0,81.0,52.0,69.0
Student1663,56.0,62.0,72.0,63.3
Student1664,53.0,82.0,60.0,65.0
Student1665,57.0,83.0,97.0,79.0
Student1666,69.0,82.0,67.0,72.7
Student1667,78.0,54.0,96.0,76.0
Student1668,94.0,52.0,90.0,78.7
Student1669,95.0,56.0,93.0,81.3
Student1670,59.0,73.0,78.0,70.0
Student1671,92.0,71.0,99.0,87.3
Student1672,83.0,94.0,54.0,77.0
Student1673,75.0,72.0,73.0,73.3
Student1674,90.0,79.0,78.0,82.3
Student1675,unknown,67.0,78.0,72.5
Student1676,52.0,81.0,75.0,69.3
Student1677,55.0,56.0,89.0,66.7
Student1678,54.0,82.0,52.0,62.7
Student1679,54.0,54.0,51.0,53.0
Student1680,unknown,98.0,74.0,86.0
Student1681,72.0,77.0,unknown,74.5
Student1682,98.0,57.0,89.0,81.3
Student1683,58.0,64.0,51.0,57.7
Student1684,84.0,53.0,68.0,68.3
Student1685,unknown,unknown,50.0,50.0
Student1686,98.0,54.0,76.0,76.0
Student1687,91.0,82.0,94.0,89.0
Student1688,84.0,54.0,98.0,78.7
Student1689,99.0,87.0,84.0,90.0
Student1690,67.0,83.0,90.0,80.0
Student1691,66.0,75.0,54.0,65.0
Student1692,73.0,50.0,87.0,70.0
Student1693,52.0,53.0,53.0,52.7
Student1694,81.0,88.0,66.0,78.3
Student1695,84.0,75.0,70.0,76.3
Student1696,87.0,unknown,97.0,92.0
Student1697,62.0,82.0,80.0,74.7
Student1698,unknown,57.0,97.0,77.0
Student1699,74.0,unknown,71.0,72.5
Student1700,58.0,65.0,60.0,61.0
Student1701,53.0,70.0,83.0,68.7
Student1702,63.0,94.0,98.0,85.0
Student1703,86.0,75.0,64.0,75.0
Student1704,83.0,72.0,99.0,84.7
Student1705,60.0,67.0,59.0,62.0
Student1706,90.0,80.0,87.0,85.7
Student1707,52.0,91.0,81.0,74.7
Student1708,77.0,61.0,97.0,78.3
Student1709,78.0,50.0,80.0,69.3
Student1710,58.0,91.0,86.0,78.3
Student1711,52.0,58.0,93.0,67.7
Student1712,74.0,52.0,77.0,67.7
Student1713,83.0,75.0,80.0,79.3
Student1714,61.0,unknown,55.0,58.0
Student1715,91.0,91.0,63.0,81.7
Student1716,58.0,65.0,72.0,65.0
Student1717,64.0,73.0,65.0,67.3
Student1718,89.0,99.0,74.0,87.3
Student1719,74.0,63.0,88.0,75.0
Student1720,54.0,52.0,51.0,52.3
Student1721,60.0,83.0,87.0,76.7
Student1722,83.0,82.0,90.0,85.0
Student1723,73.0,99.0,88.0,86.7
Student1724,64.0,73.0,83.0,73.3
Student1725,87.0,58.0,89.0,78.0
Student1726,57.0,62.0,92.0,70.3
Student1727,54.0,51.0,74.0,59.7
Student1728,97.0,56.0,85.0,79.3
Student1729,75.0,97.0,65.0,79.0
Student1730,unknown,70.0,67.0,68.5
Student1731,55.0,68.0,62.0,61.7
Student1732,86.0,74.0,86.0,82.0
Student1733,97.0,96.0,76.0,89.7
Student1734,62.0,71.0,83.0,72.0
Student1735,77.0,60.0,60.0,65.7
Student1736,54.0,82.0,50.0,62.0
Student1737,62.0,81.0,62.0,68.3
Student1738,66.0,70.0,79.0,71.7
Student1739,99.0,88.0,54.0,80.3
Student1740,89.0,69.0,unknown,79.0
Student1741,94.0,57.0,63.0,71.3
Student1742,81.0,91.0,62.0,78.0
Student1743,78.0,86.0,81.0,81.7
Student1744,unknown,58.0,56.0,57.0
Student1745,89.0,74.0,57.0,73.3
Student1746,83.0,74.0,99.0,85.3
Student1747,89.0,82.0,56.0,75.7
Student1748,76.0,unknown,98.0,87.0
Student1749,62.0,68.0,65.0,65.0
Student1750,94.0,95.0,92.0,93.7
Student1751,82.0,69.0,80.0,77.0
Student1752,55.0,91.0,76.0,74.0
Student1753,73.0,90.0,82.0,81.7
Student1754,unknown,91.0,unknown,91.0
Student1755,65.0,78.0,57.0,66.7
Student1756,89.0,55.0,82.0,75.3
Student1757,77.0,66.0,90.0,77.7
Student1758,82.0,74.0,68.0,74.7
Student1759,97.0,87.0,unknown,92.0
Student1760,90.0,53.0,90.0,77.7
Student1761,62.0,79.0,70.0,70.3
Student1762,92.0,69.0,unknown,80.5
Student1763,94.0,52.0,91.0,79.0
Student1764,74.0,72.0,72.0,72.7
Student1765,91.0,67.0,60.0,72.7
Student1766,85.0,75.0,82.0,80.7
Student1767,76.0,85.0,69.0,76.7
Student1768,87.0,57.0,74.0,72.7
Student1769,56.0,unknown,75.0,65.5
Student1770,54.0,80.0,89.0,74.3
Student1771,92.0,86.0,61.0,79.7
Student1772,unknown,94.0,81.0,87.5
Student1773,80.0,82.0,82.0,81.3
Student1774,72.0,unknown,59.0,65.5
Student1775,91.0,94.0,53.0,79.3
Student1776,59.0,53.0,64.0,58.7
Student1777,81.0,71.0,55.0,69.0
Student1778,92.0,75.0,76.0,81.0
Student1779,79.0,81.0,54.0,71.3
Student1780,88.0,73.0,54.0,71.7
Student1781,80.0,95.0,67.0,80.7
Student1782,67.0,84.0,77.0,76.0
Student1783,85.0,86.0,84.0,85.0
Student1784,51.0,81.0,71.0,67.7
Student1785,63.0,56.0,83.0,67.3
Student1786,62.0,82.0,53.0,65.7
Student1787,78.0,unknown,67.0,72.5
Student1788,61.0,61.0,90.0,70.7
Student1789,88.0,60.0,75.0,74.3
Student1790,51.0,73.0,unknown,62.0
Student1791,81.0,57.0,71.0,69.7
Student1792,62.0,81.0,96.0,79.7
Student1793,95.0,87.0,82.0,88.0
Student1794,76.0,71.0,92.0,79.7
Student1795,98.0,83.0,63.0,81.3
Student1796,90.0,68.0,unknown,79.0
Student1797,66.0,69.0,59.0,64.7
Student1798,89.0,63.0,73.0,75.0
Student1799,80.0,82.0,70.0,77.3
Student1800,83.0,59.0,97.0,79.7
Student1801,73.0,65.0,unknown,69.0
Student1802,94.0,unknown,81.0,87.5
Student1803,84.0,76.0,80.0,80.0
Student1804,97.0,77.0,83.0,85.7
Student1805,55.0,92.0,72.0,73.0
Student1806,68.0,65.0,74.0,69.0
Student1807,79.0,82.0,56.0,72.3
Student1808,56.0,97.0,68.0,73.7
Student1809,59.0,68.0,56.0,61.0
Student1810,90.0,70.0,96.0,85.3
Student1811,81.0,71.0,57.0,69.7
Student1812,83.0,58.0,63.0,68.0
Student1813,77.0,58.0,50.0,61.7
Student1814,64.0,58.0,62.0,61.3
Student1815,79.0,76.0,52.0,69.0
Student1816,86.0,66.0,77.0,76.3
Student1817,78.0,unknown,87.0,82.5
Student1818,71.0,94.0,64.0,76.3
Student1819,53.0,57.0,85.0,65.0
Student1820,69.0,65.0,52.0,62.0
Student1821,81.0,67.0,53.0,67.0
Student1822,85.0,82.0,54.0,73.7
Student1823,99.0,50.0,99.0,82.7
Student1824,53.0,61.0,75.0,63.0
Student1825,unknown,55.0,74.0,64.5
Student1826,66.0,90.0,59.0,71.7
Student1827,61.0,54.0,57.0,57.3
Student1828,71.0,65.0,61.0,65.7
Student1829,66.0,67.0,52.0,61.7
Student1830,59.0,98.0,76.0,77.7
Student1831,50.0,67.0,99.0,72.0
Student1832,71.0,50.0,72.0,64.3
Student1833,75.0,68.0,89.0,77.3
Student1834,67.0,57.0,82.0,68.7
Student1835,99.0,52.0,63.0,71.3
Student1836,63.0,74.0,72.0,69.7
Student1837,96.0,54.0,80.0,76.7
Student1838,78.0,89.0,62.0,76.3
Student1839,61.0,68.0,61.0,63.3
Student1840,85.0,67.0,84.0,78.7
Student1841,84.0,99.0,67.0,83.3
Student1842,61.0,80.0,70.0,70.3
Student1843,56.0,82.0,94.0,77.3
Student1844,78.0,96.0,96.0,90.0
Student1845,60.0,67.0,91.0,72.7
Student1846,82.0,88.0,unknown,85.0
Student1847,55.0,65.0,87.0,69.0
Student1848,96.0,65.0,90.0,83.7
Student1849,64.0,96.0,unknown,80.0
Student1850,81.0,87.0,96.0,88.0
Student1851,60.0,90.0,58.0,69.3
Student1852,72.0,56.0,72.0,66.7
Student1853,75.0,63.0,63.0,67.0
Student1854,83.0,92.0,60.0,78.3
Student1855,95.0,97.0,56.0,82.7
Student1856,83.0,74.0,80.0,79.0
Student1857,78.0,81.0,73.0,77.3
Student1858,53.0,87.0,75.0,71.7
Student1859,66.0,unknown,unknown,66.0
Student1860,84.0,65.0,83.0,77.3
Student1861,62.0,78.0,95.0,78.3
Student1862,90.0,65.0,87.0,80.7
Student1863,88.0,unknown,54.0,71.0
Student1864,64.0,66.0,54.0,61.3
Student1865,78.0,unknown,68.0,73.0
Student1866,78.0,76.0,87.0,80.3
Student1867,60.0,74.0,77.0,70.3
Student1868,81.0,62.0,75.0,72.7
Student1869,51.0,unknown,91.0,71.0
Student1870,96.0,54.0,72.0,74.0
Student1871,63.0,61.0,95.0,73.0
Student1872,69.0,90.0,98.0,85.7
Student1873,71.0,52.0,79.0,67.3
Student1874,60.0,84.0,52.0,65.3
Student1875,unknown,unknown,77.0,77.0
Student1876,52.0,71.0,82.0,68.3
Student1877,unknown,99.0,91.0,95.0
Student1878,93.0,93.0,52.0,79.3
Student1879,77.0,58.0,54.0,63.0
Student1880,78.0,90.0,68.0,78.7
Student1881,unknown,67.0,91.0,79.0
Student1882,96.0,99.0,97.0,97.3
Student1883,65.0,unknown,50.0,57.5
Student1884,86.0,88.0,87.0,87.0
Student1885,69.0,76.0,58.0,67.7
Student1886,55.0,85.0,54.0,64.7
Student1887,68.0,94.0,95.0,85.7
Student1888,54.0,unknown,91.0,72.5
Student1889,52.0,83.0,83.0,72.7
Student1890,50.0,95.0,86.0,77.0
Student1891,87.0,52.0,82.0,73.7
Student1892,64.0,54.0,74.0,64.0
Student1893,83.0,63.0,91.0,79.0
Student1894,84.0,52.0,78.0,71.3
Student1895,unknown,72.0,74.0,73.0
Student1896,74.0,88.0,58.0,73.3
Student1897,73.0,79.0,52.0,68.0
Student1898,61.0,99.0,64.0,74.7
Student1899,67.0,94.0,53.0,71.3
Student1900,64.0,unknown,94.0,79.0
Student1901,93.0,76.0,87.0,85.3
Student1902,65.0,59.0,69.0,64.3
Student1903,76.0,74.0,98.0,82.7
Student1904,57.0,62.0,72.0,63.7
Student1905,95.0,65.0,86.0,82.0
Student1906,74.0,90.0,96.0,86.7
Student1907,66.0,83.0,57.0,68.7
Student1908,78.0,86.0,86.0,83.3
Student1909,57.0,71.0,94.0,74.0
Student1910,64.0,66.0,82.0,70.7
Student1911,76.0,72.0,82.0,76.7
Student1912,95.0,85.0,56.0,78.7
Student1913,99.0,98.0,71.0,89.3
Student1914,56.0,58.0,54.0,56.0
Student1915,52.0,51.0,95.0,66.0
Student1916,78.0,81.0,64.0,74.3
Student1917,93.0,99.0,70.0,87.3
Student1918,73.0,71.0,74.0,72.7
Student1919,52.0,92.0,66.0,70.0
Student1920,69.0,62.0,99.0,76.7
Student1921,95.0,57.0,56.0,69.3
Student1922,64.0,50.0,99.0,71.0
Student1923,74.0,66.0,unknown,70.0
Student1924,79.0,61.0,unknown,70.0
Student1925,63.0,unknown,89.0,76.0
Student1926,56.0,62.0,94.0,70.7
Student1927,66.0,80.0,99.0,81.7
Student1928,93.0,90.0,73.0,85.3
Student1929,69.0,56.0,60.0,61.7
Student1930,85.0,72.0,90.0,82.3
Student1931,58.0,73.0,50.0,60.3
Student1932,87.0,54.0,81.0,74.0
Student1933,97.0,54.0,89.0,80.0
Student1934,71.0,66.0,93.0,76.7
Student1935,51.0,79.0,51.0,60.3
Student1936,73.0,58.0,64.0,65.0
Student1937,57.0,55.0,unknown,56.0
Student1938,60.0,74.0,73.0,69.0
Student1939,62.0,68.0,99.0,76.3
Student1940,66.0,65.0,66.0,65.7
Student1941,57.0,70.0,96.0,74.3
Student1942,70.0,51.0,58.0,59.7
Student1943,67.0,59.0,84.0,70.0
Student1944,79.0,65.0,69.0,71.0
Student1945,67.0,86.0,68.0,73.7
Student1946,95.0,64.0,67.0,75.3
Student1947,96.0,62.0,unknown,79.0
Student1948,80.0,62.0,79.0,73.7
Student1949,87.0,81.0,89.0,85.7
Student1950,81.0,94.0,50.0,75.0
Student1951,60.0,96.0,73.0,76.3
Student1952,94.0,95.0,73.0,87.3
Student1953,74.0,57.0,96.0,75.7
Student1954,82.0,92.0,68.0,80.7
Student1955,87.0,67.0,79.0,77.7
Student1956,90.0,85.0,75.0,83.3
Student1957,57.0,75.0,91.0,74.3
Student1958,60.0,59.0,93.0,70.7
Student1959,unknown,80.0,87.0,83.5
Student1960,73.0,82.0,78.0,77.7
Student1961,90.0,78.0,62.0,76.7
Student1962,66.0,54.0,53.0,57.7
Student1963,61.0,62.0,94.0,72.3
Student1964,95.0,50.0,66.0,70.3
Student1965,unknown,72.0,82.0,77.0
Student1966,64.0,unknown,54.0,59.0
Student1967,65.0,52.0,77.0,64.7
Student1968,71.0,52.0,73.0,65.3
Student1969,77.0,56.0,66.0,66.3
Student1970,69.0,85.0,99.0,84.3
Student1971,82.0,84.0,88.0,84.7
Student1972,59.0,64.0,97.0,73.3
Student1973,89.0,89.0,89.0,89.0
Student1974,81.0,52.0,93.0,75.3
Student1975,99.0,78.0,95.0,90.7
Student1976,82.0,79.0,60.0,73.7
Student1977,51.0,88.0,61.0,66.7
Student1978,82.0,67.0,62.0,70.3
Student1979,82.0,60.0,57.0,66.3
Student1980,90.0,92.0,50.0,77.3
Student1981,62.0,98.0,58.0,72.7
Student1982,79.0,87.0,77.0,81.0
Student1983,unknown,89.0,51.0,70.0
Student1984,62.0,50.0,63.0,58.3
Student1985,75.0,78.0,62.0,71.7
Student1986,71.0,59.0,97.0,75.7
Student1987,88.0,77.0,51.0,72.0
Student1988,51.0,80.0,53.0,61.3
Student1989,87.0,68.0,unknown,77.5
Student1990,88.0,52.0,97.0,79.0
Student1991,75.0,85.0,59.0,73.0
Student1992,95.0,92.0,52.0,79.7
Student1993,99.0,64.0,53.0,72.0
Student1994,64.0,82.0,55.0,67.0
Student1995,83.0,90.0,72.0,81.7
Student1996,91.0,92.0,54.0,79.0
Student1997,93.0,94.0,unknown,93.5
Student1998,98.0,75.0,52.0,75.0
Student1999,89.0,65.0,59.0,71.0
Student2000,60.0,85.0,92.0,79.0
Student2001,52.0,82.0,68.0,67.3
Student2002,55.0,69.0,63.0,62.3
Student2003,58.0,unknown,70.0,64.0
Student2004,55.0,82.0,92.0,76.3
Student2005,58.0,54.0,77.0,63.0
Student2006,88.0,86.0,70.0,81.3
Student2007,80.0,63.0,85.0,76.0
Student2008,81.0,76.0,unknown,78.5
Student2009,90.0,72.0,87.0,83.0
Student2010,99.0,63.0,unknown,81.0
Student2011,61.0,89.0,71.0,73.7
Student2012,57.0,53.0,68.0,59.3
Student2013,57.0,88.0,94.0,79.7
Student2014,99.0,68.0,59.0,75.3
Student2015,77.0,96.0,60.0,77.7
Student2016,69.0,53.0,87.0,69.7
Student2017,96.0,79.0,51.0,75.3
Student2018,56.0,68.0,82.0,68.7
Student2019,60.0,80.0,92.0,77.3
Student2020,69.0,80.0,80.0,76.3
Student2021,65.0,58.0,97.0,73.3
Student2022,53.0,62.0,84.0,66.3
Student2023,55.0,63.0,86.0,68.0
Student2024,71.0,95.0,96.0,87.3
Student2025,75.0,unknown,96.0,85.5
Student2026,52.0,97.0,85.0,78.0
Student2027,90.0,80.0,72.0,80.7
Student2028,91.0,86.0,85.0,87.3
Student2029,63.0,72.0,89.0,74.7
Student2030,60.0,76.0,88.0,74.7
Student2031,67.0,55.0,75.0,65.7
Student2032,61.0,75.0,74.0,70.0
Student2033,72.0,51.0,66.0,63.0
Student2034,61.0,94.0,64.0,73.0
Student2035,62.0,62.0,unknown,62.0
Student2036,74.0,99.0,94.0,89.0
Student2037,94.0,68.0,53.0,71.7
Student2038,68.0,50.0,71.0,63.0
Student2039,95.0,89.0,66.0,83.3
Student2040,85.0,unknown,71.0,78.0
Student2041,94.0,71.0,66.0,77.0
Student2042,unknown,97.0,63.0,80.0
Student2043,78.0,78.0,63.0,73.0
Student2044,81.0,51.0,66.0,66.0
Student2045,93.0,89.0,57.0,79.7
Student2046,unknown,87.0,83.0,85.0
Student2047,55.0,97.0,75.0,75.7
Student2048,67.0,60.0,94.0,73.7
Student2049,68.0,66.0,79.0,71.0
Student2050,71.0,92.0,71.0,78.0
Student2051,86.0,57.0,unknown,71.5
Student2052,81.0,71.0,79.0,77.0
Student2053,90.0,53.0,65.0,69.3
Student2054,52.0,60.0,unknown,56.0
Student2055,77.0,57.0,73.0,69.0
Student2056,59.0,58.0,85.0,67.3
Student2057,84.0,75.0,84.0,81.0
Student2058,78.0,51.0,55.0,61.3
Student2059,64.0,65.0,53.0,60.7
Student2060,82.0,80.0,67.0,76.3
Student2061,56.0,55.0,55.0,55.3
Student2062,61.0,70.0,75.0,68.7
Student2063,98.0,75.0,86.0,86.3
Student2064,79.0,68.0,76.0,74.3
Student2065,70.0,77.0,90.0,79.0
Student2066,80.0,57.0,60.0,65.7
Student2067,73.0,63.0,87.0,74.3
Student2068,69.0,73.0,65.0,69.0
Student2069,unknown,97.0,unknown,97.0
Student2070,53.0,93.0,92.0,79.3
Student2071,77.0,86.0,64.0,75.7
Student2072,93.0,75.0,75.0,81.0
Student2073,69.0,80.0,90.0,79.7
Student2074,73.0,81.0,80.0,78.0
Student2075,99.0,99.0,68.0,88.7
Student2076,98.0,90.0,73.0,87.0
Student2077,81.0,51.0,58.0,63.3
Student2078,90.0,74.0,72.0,78.7
Student2079,85.0,93.0,53.0,77.0
Student2080,83.0,51.0,59.0,64.3
Student2081,85.0,91.0,58.0,78.0
Student2082,51.0,50.0,68.0,56.3
Student2083,64.0,85.0,64.0,71.0
Student2084,83.0,61.0,83.0,75.7
Student2085,85.0,58.0,91.0,78.0
Student2086,unknown,85.0,68.0,76.5
Student2087,88.0,90.0,unknown,89.0
Student2088,91.0,77.0,70.0,79.3
Student2089,unknown,87.0,83.0,85.0
Student2090,52.0,82.0,66.0,66.7
Student2091,94.0,91.0,67.0,84.0
Student2092,unknown,95.0,66.0,80.5
Student2093,89.0,71.0,51.0,70.3
Student2094,70.0,74.0,50.0,64.7
Student2095,64.0,67.0,92.0,74.3
Student2096,82.0,55.0,59.0,65.3
Student2097,84.0,67.0,86.0,79.0
Student2098,75.0,65.0,97.0,79.0
Student2099,57.0,64.0,54.0,58.3
Student2100,85.0,97.0,61.0,81.0
Student2101,97.0,57.0,85.0,79.7
Student2102,79.0,62.0,80.0,73.7
Student2103,72.0,92.0,unknown,82.0
Student2104,unknown,56.0,58.0,57.0
Student2105,93.0,66.0,93.0,84.0
Student2106,63.0,99.0,75.0,79.0
Student2107,63.0,81.0,64.0,69.3
Student2108,51.0,71.0,65.0,62.3
Student2109,86.0,62.0,62.0,70.0
Student2110,54.0,96.0,74.0,74.7
Student2111,87.0,72.0,79.0,79.3
Student2112,94.0,78.0,56.0,76.0
Student2113,90.0,71.0,53.0,71.3
Student2114,96.0,50.0,92.0,79.3
Student2115,63.0,78.0,unknown,70.5
Student2116,88.0,97.0,87.0,90.7
Student2117,74.0,unknown,79.0,76.5
Student2118,69.0,84.0,59.0,70.7
Student2119,51.0,59.0,79.0,63.0
Student2120,88.0,68.0,88.0,81.3
Student2121,55.0,86.0,56.0,65.7
Student2122,66.0,56.0,85.0,69.0
Student2123,74.0,95.0,84.0,84.3
Student2124,77.0,84.0,73.0,78.0
Student2125,51.0,94.0,88.0,77.7
Student2126,84.0,62.0,85.0,77.0
Student2127,86.0,59.0,unknown,72.5
Student2128,54.0,51.0,69.0,58.0
Student2129,50.0,55.0,98.0,67.7
Student2130,89.0,unknown,81.0,85.0
Student2131,61.0,85.0,88.0,78.0
Student2132,85.0,74.0,98.0,85.7
Student2133,94.0,93.0,75.0,87.3
Student2134,72.0,96.0,75.0,81.0
Student2135,96.0,89.0,85.0,90.0
Student2136,80.0,56.0,92.0,76.0
Student2137,60.0,95.0,84.0,79.7
Student2138,59.0,72.0,92.0,74.3
Student2139,52.0,68.0,84.0,68.0
Student2140,63.0,95.0,61.0,73.0
Student2141,65.0,71.0,82.0,72.7
Student2142,59.0,62.0,85.0,68.7
Student2143,78.0,70.0,unknown,74.0
Student2144,59.0,50.0,82.0,63.7
Student2145,unknown,68.0,95.0,81.5
Student2146,79.0,82.0,94.0,85.0
Student2147,90.0,53.0,94.0,79.0
Student2148,50.0,unknown,73.0,61.5
Student2149,54.0,52.0,64.0,56.7
Student2150,69.0,76.0,80.0,75.0
Student2151,57.0,90.0,66.0,71.0
Student2152,92.0,84.0,61.0,79.0
Student2153,61.0,77.0,71.0,69.7
Student2154,50.0,unknown,72.0,61.0
Student2155,69.0,55.0,75.0,66.3
Student2156,77.0,93.0,63.0,77.7
Student2157,92.0,72.0,61.0,75.0
Student2158,86.0,82.0,99.0,89.0
Student2159,96.0,65.0,53.0,71.3
Student2160,86.0,73.0,95.0,84.7
Student2161,61.0,54.0,62.0,59.0
Student2162,86.0,90.0,67.0,81.0
Student2163,98.0,91.0,92.0,93.7
Student2164,98.0,62.0,77.0,79.0
Student2165,93.0,96.0,87.0,92.0
Student2166,77.0,61.0,90.0,76.0
Student2167,96.0,54.0,93.0,81.0
Student2168,64.0,86.0,68.0,72.7
Student2169,55.0,80.0,95.0,76.7
Student2170,93.0,77.0,96.0,88.7
Student2171,69.0,77.0,92.0,79.3
Student2172,99.0,79.0,87.0,88.3
Student2173,63.0,67.0,95.0,75.0
Student2174,51.0,93.0,52.0,65.3
Student2175,58.0,76.0,68.0,67.3
Student2176,86.0,84.0,69.0,79.7
Student2177,69.0,75.0,74.0,72.7
Student2178,75.0,88.0,60.0,74.3
Student2179,78.0,98.0,66.0,80.7
Student2180,50.0,67.0,98.0,71.7
Student2181,84.0,82.0,84.0,83.3
Student2182,55.0,74.0,63.0,64.0
Student2183,86.0,80.0,88.0,84.7
Student2184,54.0,86.0,68.0,69.3
Student2185,82.0,51.0,52.0,61.7
Student2186,98.0,82.0,83.0,87.7
Student2187,63.0,88.0,98.0,83.0
Student2188,61.0,92.0,90.0,81.0
Student2189,91.0,92.0,unknown,91.5
Student2190,69.0,81.0,87.0,79.0
Student2191,99.0,67.0,76.0,80.7
Student2192,73.0,66.0,70.0,69.7
Student2193,92.0,83.0,90.0,88.3
Student2194,83.0,88.0,80.0,83.7
Student2195,74.0,56.0,unknown,65.0
Student2196,99.0,91.0,86.0,92.0
Student2197,78.0,84.0,unknown,81.0
Student2198,88.0,79.0,96.0,87.7
Student2199,80.0,61.0,58.0,66.3
Student2200,96.0,84.0,68.0,82.7
Student2201,92.0,60.0,91.0,81.0
Student2202,99.0,93.0,85.0,92.3
Student2203,72.0,53.0,59.0,61.3
Student2204,93.0,74.0,89.0,85.3
Student2205,87.0,97.0,94.0,92.7
Student2206,69.0,81.0,88.0,79.3
Student2207,72.0,69.0,56.0,65.7
Student2208,94.0,99.0,53.0,82.0
Student2209,65.0,80.0,64.0,69.7
Student2210,99.0,53.0,61.0,71.0
Student2211,91.0,87.0,97.0,91.7
Student2212,57.0,96.0,55.0,69.3
Student2213,99.0,50.0,58.0,69.0
Student2214,70.0,52.0,84.0,68.7
Student2215,50.0,86.0,57.0,64.3
Student2216,57.0,71.0,56.0,61.3
Student2217,78.0,66.0,53.0,65.7
Student2218,81.0,63.0,62.0,68.7
Student2219,87.0,90.0,68.0,81.7
Student2220,54.0,84.0,56.0,64.7
Student2221,96.0,62.0,59.0,72.3
Student2222,71.0,84.0,74.0,76.3
Student2223,96.0,92.0,93.0,93.7
Student2224,83.0,51.0,84.0,72.7
Student2225,50.0,96.0,74.0,73.3
Student2226,75.0,62.0,78.0,71.7
Student2227,92.0,65.0,61.0,72.7
Student2228,59.0,67.0,96.0,74.0
Student2229,79.0,56.0,89.0,74.7
Student2230,99.0,94.0,61.0,84.7
Student2231,67.0,85.0,55.0,69.0
Student2232,66.0,90.0,59.0,71.7
Student2233,75.0,79.0,51.0,68.3
Student2234,57.0,91.0,94.0,80.7
Student2235,96.0,90.0,74.0,86.7
Student2236,89.0,56.0,56.0,67.0
Student2237,98.0,unknown,89.0,93.5
Student2238,61.0,89.0,72.0,74.0
Student2239,76.0,68.0,97.0,80.3
Student2240,57.0,92.0,60.0,69.7
Student2241,74.0,unknown,85.0,79.5
Student2242,95.0,51.0,98.0,81.3
Student2243,53.0,91.0,97.0,80.3
Student2244,82.0,97.0,72.0,83.7
Student2245,50.0,62.0,92.0,68.0
Student2246,68.0,89.0,56.0,71.0
Student2247,80.0,90.0,76.0,82.0
Student2248,65.0,92.0,62.0,73.0
Student2249,63.0,unknown,66.0,64.5
Student2250,97.0,80.0,81.0,86.0
Student2251,54.0,65.0,75.0,64.7
Student2252,90.0,91.0,71.0,84.0
Student2253,75.0,93.0,unknown,84.0
Student2254,77.0,unknown,61.0,69.0
Student2255,51.0,unknown,56.0,53.5
Student2256,99.0,81.0,unknown,90.0
Student2257,55.0,93.0,82.0,76.7
Student2258,58.0,59.0,63.0,60.0
Student2259,82.0,99.0,96.0,92.3
Student2260,90.0,67.0,92.0,83.0
Student2261,74.0,53.0,90.0,72.3
Student2262,97.0,58.0,66.0,73.7
Student2263,62.0,56.0,unknown,59.0
Student2264,58.0,99.0,88.0,81.7
Student2265,62.0,57.0,50.0,56.3
Student2266,80.0,92.0,90.0,87.3
Student2267,unknown,56.0,94.0,75.0
Student2268,60.0,90.0,73.0,74.3
Student2269,53.0,89.0,83.0,75.0
Student2270,83.0,52.0,83.0,72.7
Student2271,87.0,66.0,73.0,75.3
Student2272,95.0,51.0,64.0,70.0
Student2273,53.0,64.0,66.0,61.0
Student2274,87.0,unknown,62.0,74.5
Student2275,68.0,78.0,56.0,67.3
Student2276,55.0,99.0,unknown,77.0
Student2277,83.0,97.0,93.0,91.0
Student2278,67.0,71.0,84.0,74.0
Student2279,62.0,53.0,72.0,62.3
Student2280,90.0,55.0,96.0,80.3
Student2281,72.0,87.0,88.0,82.3
Student2282,68.0,75.0,72.0,71.7
Student2283,94.0,60.0,75.0,76.3
Student2284,60.0,75.0,50.0,61.7
Student2285,50.0,66.0,63.0,59.7
Student2286,73.0,73.0,81.0,75.7
Student2287,56.0,77.0,97.0,76.7
Student2288,74.0,84.0,59.0,72.3
Student2289,70.0,80.0,50.0,66.7
Student2290,64.0,62.0,54.0,60.0
Student2291,50.0,unknown,52.0,51.0
Student2292,61.0,65.0,98.0,74.7
Student2293,56.0,64.0,unknown,60.0
Student2294,64.0,92.0,unknown,78.0
Student2295,70.0,67.0,71.0,69.3
Student2296,68.0,96.0,67.0,77.0
Student2297,78.0,86.0,65.0,76.3
Student2298,74.0,97.0,51.0,74.0
Student2299,82.0,97.0,96.0,91.7
Student2300,98.0,98.0,62.0,86.0
Student2301,81.0,90.0,94.0,88.3
Student2302,98.0,76.0,65.0,79.7
Student2303,84.0,84.0,57.0,75.0
Student2304,93.0,94.0,unknown,93.5
Student2305,87.0,84.0,57.0,76.0
Student2306,75.0,77.0,59.0,70.3
Student2307,60.0,unknown,82.0,71.0
Student2308,84.0,87.0,80.0,83.7
Student2309,57.0,58.0,unknown,57.5
Student2310,95.0,61.0,58.0,71.3
Student2311,63.0,64.0,86.0,71.0
Student2312,59.0,70.0,58.0,62.3
Student2313,51.0,84.0,97.0,77.3
Student2314,95.0,91.0,67.0,84.3
Student2315,58.0,82.0,79.0,73.0
Student2316,52.0,68.0,81.0,67.0
Student2317,70.0,72.0,89.0,77.0
Student2318,75.0,unknown,72.0,73.5
Student2319,57.0,93.0,60.0,70.0
Student2320,97.0,50.0,69.0,72.0
Student2321,51.0,78.0,68.0,65.7
Student2322,55.0,73.0,85.0,71.0
Student2323,77.0,65.0,75.0,72.3
Student2324,78.0,74.0,59.0,70.3
Student2325,75.0,unknown,73.0,74.0
Student2326,74.0,77.0,62.0,71.0
Student2327,61.0,96.0,95.0,84.0
Student2328,54.0,65.0,83.0,67.3
Student2329,83.0,92.0,78.0,84.3
Student2330,97.0,87.0,85.0,89.7
Student2331,unknown,60.0,56.0,58.0
Student2332,64.0,52.0,79.0,65.0
Student2333,93.0,64.0,66.0,74.3
Student2334,85.0,50.0,97.0,77.3
Student2335,64.0,56.0,62.0,60.7
Student2336,92.0,50.0,73.0,71.7
Student2337,97.0,98.0,80.0,91.7
Student2338,72.0,81.0,76.0,76.3
Student2339,55.0,58.0,99.0,70.7
Student2340,95.0,78.0,unknown,86.5
Student2341,99.0,75.0,93.0,89.0
Student2342,93.0,72.0,50.0,71.7
Student2343,92.0,94.0,64.0,83.3
Student2344,94.0,92.0,52.0,79.3
Student2345,70.0,78.0,55.0,67.7
Student2346,72.0,87.0,63.0,74.0
Student2347,92.0,82.0,87.0,87.0
Student2348,65.0,56.0,82.0,67.7
Student2349,96.0,61.0,87.0,81.3
Student2350,64.0,80.0,57.0,67.0
Student2351,74.0,81.0,75.0,76.7
Student2352,85.0,69.0,64.0,72.7
Student2353,60.0,unknown,63.0,61.5
Student2354,64.0,85.0,97.0,82.0
Student2355,53.0,52.0,69.0,58.0
Student2356,70.0,50.0,97.0,72.3
Student2357,62.0,99.0,68.0,76.3
Student2358,71.0,76.0,82.0,76.3
Student2359,68.0,96.0,85.0,83.0
Student2360,83.0,89.0,73.0,81.7
Student2361,63.0,82.0,59.0,68.0
Student2362,53.0,unknown,99.0,76.0
Student2363,97.0,63.0,unknown,80.0
Student2364,95.0,85.0,unknown,90.0
Student2365,76.0,54.0,96.0,75.3
Student2366,78.0,72.0,unknown,75.0
Student2367,96.0,94.0,65.0,85.0
Student2368,77.0,64.0,64.0,68.3
Student2369,84.0,55.0,67.0,68.7
Student2370,57.0,82.0,56.0,65.0
Student2371,65.0,68.0,96.0,76.3
Student2372,91.0,62.0,71.0,74.7
Student2373,85.0,78.0,81.0,81.3
Student2374,79.0,55.0,92.0,75.3
Student2375,67.0,64.0,68.0,66.3
Student2376,51.0,65.0,89.0,68.3
Student2377,98.0,73.0,50.0,73.7
Student2378,62.0,72.0,84.0,72.7
Student2379,53.0,97.0,54.0,68.0
Student2380,75.0,59.0,99.0,77.7
Student2381,74.0,90.0,61.0,75.0
Student2382,79.0,90.0,61.0,76.7
Student2383,60.0,98.0,70.0,76.0
Student2384,56.0,66.0,68.0,63.3
Student2385,80.0,98.0,58.0,78.7
Student2386,93.0,93.0,92.0,92.7
Student2387,59.0,94.0,98.0,83.7
Student2388,88.0,79.0,97.0,88.0
Student2389,62.0,93.0,85.0,80.0
Student2390,80.0,95.0,91.0,88.7
Student2391,56.0,59.0,unknown,57.5
Student2392,98.0,68.0,81.0,82.3
Student2393,91.0,78.0,84.0,84.3
Student2394,91.0,51.0,80.0,74.0
Student2395,85.0,85.0,81.0,83.7
Student2396,69.0,68.0,86.0,74.3
Student2397,53.0,56.0,81.0,63.3
Student2398,56.0,75.0,92.0,74.3
Student2399,50.0,64.0,86.0,66.7
Student2400,93.0,96.0,unknown,94.5
Student2401,94.0,87.0,87.0,89.3
Student2402,91.0,52.0,79.0,74.0
Student2403,96.0,87.0,81.0,88.0
Student2404,62.0,65.0,94.0,73.7
Student2405,71.0,51.0,51.0,57.7
Student2406,70.0,80.0,60.0,70.0
Student2407,71.0,77.0,69.0,72.3
Student2408,77.0,56.0,86.0,73.0
Student2409,58.0,79.0,58.0,65.0
Student2410,75.0,92.0,87.0,84.7
Student2411,58.0,56.0,98.0,70.7
Student2412,64.0,85.0,68.0,72.3
Student2413,59.0,78.0,89.0,75.3
Student2414,73.0,73.0,56.0,67.3
Student2415,91.0,unknown,54.0,72.5
Student2416,57.0,53.0,96.0,68.7
Student2417,73.0,78.0,91.0,80.7
Student2418,unknown,93.0,73.0,83.0
Student2419,98.0,54.0,97.0,83.0
Student2420,75.0,unknown,90.0,82.5
Student2421,76.0,79.0,56.0,70.3
Student2422,86.0,78.0,60.0,74.7
Student2423,53.0,75.0,58.0,62.0
Student2424,99.0,68.0,98.0,88.3
Student2425,73.0,75.0,79.0,75.7
Student2426,68.0,86.0,90.0,81.3
Student2427,unknown,76.0,52.0,64.0
Student2428,88.0,79.0,71.0,79.3
Student2429,59.0,79.0,89.0,75.7
Student2430,74.0,52.0,69.0,65.0
Student2431,67.0,92.0,81.0,80.0
Student2432,68.0,56.0,97.0,73.7
Student2433,85.0,98.0,56.0,79.7
Student2434,59.0,58.0,56.0,57.7
Student2435,82.0,90.0,69.0,80.3
Student2436,99.0,91.0,74.0,88.0
Student2437,54.0,62.0,94.0,70.0
Student2438,96.0,64.0,84.0,81.3
Student2439,98.0,54.0,93.0,81.7
Student2440,84.0,78.0,73.0,78.3
Student2441,93.0,84.0,unknown,88.5
Student2442,unknown,76.0,62.0,69.0
Student2443,unknown,76.0,97.0,86.5
Student2444,70.0,57.0,88.0,71.7
Student2445,unknown,81.0,unknown,81.0
Student2446,71.0,69.0,61.0,67.0
Student2447,97.0,59.0,66.0,74.0
Student2448,86.0,62.0,50.0,66.0
Student2449,64.0,78.0,66.0,69.3
Student2450,84.0,84.0,51.0,73.0
Student2451,77.0,57.0,55.0,63.0
Student2452,56.0,78.0,93.0,75.7
Student2453,81.0,80.0,60.0,73.7
Student2454,60.0,90.0,92.0,80.7
Student2455,59.0,79.0,67.0,68.3
Student2456,58.0,71.0,unknown,64.5
Student2457,63.0,70.0,74.0,69.0
Student2458,62.0,61.0,88.0,70.3
Student2459,74.0,60.0,77.0,70.3
Student2460,51.0,51.0,95.0,65.7
Student2461,84.0,99.0,65.0,82.7
Student2462,56.0,90.0,61.0,69.0
Student2463,70.0,51.0,90.0,70.3
Student2464,67.0,83.0,78.0,76.0
Student2465,52.0,52.0,72.0,58.7
Student2466,91.0,65.0,70.0,75.3
Student2467,88.0,53.0,65.0,68.7
Student2468,90.0,72.0,97.0,86.3
Student2469,98.0,99.0,90.0,95.7
Student2470,60.0,69.0,94.0,74.3
Student2471,88.0,74.0,75.0,79.0
Student2472,unknown,79.0,86.0,82.5
Student2473,95.0,67.0,71.0,77.7
Student2474,68.0,91.0,59.0,72.7
Student2475,53.0,60.0,unknown,56.5
Student2476,75.0,78.0,58.0,70.3
Student2477,87.0,66.0,74.0,75.7
Student2478,91.0,75.0,95.0,87.0
Student2479,81.0,72.0,64.0,72.3
Student2480,88.0,97.0,62.0,82.3
Student2481,94.0,69.0,91.0,84.7
Student2482,95.0,94.0,unknown,94.5
Student2483,85.0,51.0,75.0,70.3
Student2484,89.0,73.0,70.0,77.3
Student2485,86.0,80.0,72.0,79.3
Student2486,82.0,76.0,93.0,83.7
Student2487,85.0,51.0,77.0,71.0
Student2488,52.0,63.0,87.0,67.3
Student2489,58.0,53.0,61.0,57.3
Student2490,57.0,98.0,73.0,76.0
Student2491,82.0,62.0,62.0,68.7
Student2492,55.0,85.0,89.0,76.3
Student2493,90.0,unknown,97.0,93.5
Student2494,88.0,93.0,51.0,77.3
Student2495,53.0,57.0,88.0,66.0
Student2496,62.0,51.0,61.0,58.0
Student2497,unknown,55.0,88.0,71.5
Student2498,51.0,80.0,unknown,65.5
Student2499,54.0,59.0,79.0,64.0
Student2500,93.0,93.0,90.0,92.0
Student2501,76.0,unknown,99.0,87.5
Student2502,81.0,91.0,92.0,88.0
Student2503,70.0,59.0,97.0,75.3
Student2504,unknown,72.0,68.0,70.0
Student2505,unknown,unknown,80.0,80.0
Student2506,57.0,81.0,92.0,76.7
Student2507,unknown,69.0,99.0,84.0
Student2508,52.0,59.0,unknown,55.5
Student2509,93.0,78.0,74.0,81.7
Student2510,52.0,90.0,unknown,71.0
Student2511,71.0,95.0,99.0,88.3
Student2512,55.0,83.0,62.0,66.7
Student2513,51.0,86.0,85.0,74.0
Student2514,72.0,69.0,unknown,70.5
Student2515,93.0,57.0,86.0,78.7
Student2516,51.0,56.0,52.0,53.0
Student2517,87.0,55.0,65.0,69.0
Student2518,66.0,60.0,75.0,67.0
Student2519,84.0,93.0,89.0,88.7
Student2520,83.0,67.0,88.0,79.3
Student2521,72.0,91.0,68.0,77.0
Student2522,79.0,78.0,95.0,84.0
Student2523,57.0,unknown,64.0,60.5
Student2524,71.0,70.0,81.0,74.0
Student2525,93.0,95.0,98.0,95.3
Student2526,85.0,52.0,70.0,69.0
Student2527,54.0,67.0,50.0,57.0
Student2528,62.0,73.0,unknown,67.5
Student2529,78.0,96.0,76.0,83.3
Student2530,80.0,unknown,72.0,76.0
Student2531,96.0,59.0,96.0,83.7
Student2532,65.0,unknown,80.0,72.5
Student2533,unknown,61.0,61.0,61.0
Student2534,79.0,56.0,70.0,68.3
Student2535,65.0,66.0,51.0,60.7
Student2536,61.0,50.0,54.0,55.0
Student2537,66.0,99.0,58.0,74.3
Student2538,65.0,75.0,69.0,69.7
Student2539,61.0,64.0,95.0,73.3
Student2540,57.0,82.0,67.0,68.7
Student2541,69.0,86.0,71.0,75.3
Student2542,52.0,96.0,unknown,74.0
Student2543,65.0,80.0,83.0,76.0
Student2544,79.0,84.0,58.0,73.7
Student2545,94.0,50.0,56.0,66.7
Student2546,72.0,57.0,79.0,69.3
Student2547,77.0,61.0,67.0,68.3
Student2548,89.0,68.0,76.0,77.7
Student2549,54.0,74.0,65.0,64.3
Student2550,69.0,81.0,70.0,73.3
Student2551,89.0,61.0,54.0,68.0
Student2552,93.0,62.0,78.0,77.7
Student2553,50.0,77.0,96.0,74.3
Student2554,79.0,50.0,86.0,71.7
Student2555,70.0,55.0,92.0,72.3
Student2556,69.0,57.0,71.0,65.7
Student2557,55.0,53.0,63.0,57.0
Student2558,71.0,54.0,68.0,64.3
Student2559,67.0,74.0,84.0,75.0
Student2560,57.0,71.0,73.0,67.0
Student2561,88.0,77.0,91.0,85.3
Student2562,81.0,88.0,55.0,74.7
Student2563,82.0,72.0,52.0,68.7
Student2564,65.0,53.0,83.0,67.0
Student2565,unknown,53.0,94.0,73.5
Student2566,87.0,96.0,99.0,94.0
Student2567,83.0,70.0,51.0,68.0
Student2568,63.0,86.0,64.0,71.0
Student2569,85.0,90.0,86.0,87.0
Student2570,82.0,51.0,64.0,65.7
Student2571,72.0,56.0,81.0,69.7
Student2572,99.0,98.0,70.0,89.0
Student2573,94.0,65.0,66.0,75.0
Student2574,51.0,66.0,83.0,66.7
Student2575,90.0,69.0,81.0,80.0
Student2576,70.0,72.0,99.0,80.3
Student2577,51.0,83.0,96.0,76.7
Student2578,76.0,60.0,72.0,69.3
Student2579,58.0,unknown,84.0,71.0
Student2580,50.0,unknown,86.0,68.0
Student2581,60.0,75.0,92.0,75.7
Student2582,52.0,51.0,90.0,64.3
Student2583,72.0,72.0,86.0,76.7
Student2584,75.0,90.0,82.0,82.3
Student2585,53.0,71.0,74.0,66.0
Student2586,67.0,83.0,95.0,81.7
Student2587,55.0,64.0,86.0,68.3
Student2588,84.0,59.0,89.0,77.3
Student2589,71.0,64.0,70.0,68.3
Student2590,92.0,91.0,95.0,92.7
Student2591,64.0,78.0,97.0,79.7
Student2592,unknown,72.0,87.0,79.5
Student2593,86.0,66.0,89.0,80.3
Student2594,91.0,58.0,83.0,77.3
Student2595,61.0,unknown,68.0,64.5
Student2596,96.0,85.0,76.0,85.7
Student2597,98.0,58.0,58.0,71.3
Student2598,91.0,65.0,54.0,70.0
Student2599,87.0,85.0,54.0,75.3
Student2600,67.0,97.0,74.0,79.3
Student2601,94.0,82.0,75.0,83.7
Student2602,84.0,80.0,68.0,77.3
Student2603,79.0,55.0,79.0,71.0
Student2604,73.0,59.0,85.0,72.3
Student2605,91.0,65.0,97.0,84.3
Student2606,79.0,53.0,97.0,76.3
Student2607,63.0,71.0,65.0,66.3
Student2608,unknown,62.0,56.0,59.0
Student2609,unknown,65.0,67.0,66.0
Student2610,65.0,78.0,70.0,71.0
Student2611,56.0,55.0,unknown,55.5
Student2612,63.0,75.0,50.0,62.7
Student2613,58.0,60.0,52.0,56.7
Student2614,64.0,73.0,80.0,72.3
Student2615,70.0,78.0,74.0,74.0
Student2616,84.0,52.0,57.0,64.3
Student2617,51.0,59.0,unknown,55.0
Student2618,76.0,50.0,56.0,60.7
Student2619,51.0,92.0,56.0,66.3
Student2620,84.0,75.0,57.0,72.0
Student2621,67.0,61.0,68.0,65.3
Student2622,unknown,63.0,unknown,63.0
Student2623,69.0,74.0,60.0,67.7
Student2624,67.0,57.0,96.0,73.3
Student2625,59.0,92.0,90.0,80.3
Student2626,74.0,53.0,98.0,75.0
Student2627,51.0,unknown,60.0,55.5
Student2628,74.0,56.0,87.0,72.3
Student2629,82.0,59.0,90.0,77.0
Student2630,85.0,85.0,99.0,89.7
Student2631,80.0,51.0,51.0,60.7
Student2632,63.0,75.0,53.0,63.7
Student2633,50.0,99.0,99.0,82.7
Student2634,95.0,63.0,77.0,78.3
Student2635,65.0,65.0,82.0,70.7
Student2636,95.0,92.0,60.0,82.3
Student2637,52.0,91.0,52.0,65.0
Student2638,84.0,66.0,89.0,79.7
Student2639,90.0,95.0,54.0,79.7
Student2640,55.0,71.0,70.0,65.3
Student2641,74.0,53.0,71.0,66.0
Student2642,62.0,68.0,86.0,72.0
Student2643,83.0,51.0,60.0,64.7
Student2644,57.0,88.0,93.0,79.3
Student2645,70.0,58.0,71.0,66.3
Student2646,83.0,68.0,90.0,80.3
Student2647,53.0,65.0,62.0,60.0
Student2648,74.0,74.0,52.0,66.7
Student2649,64.0,97.0,62.0,74.3
Student2650,53.0,67.0,77.0,65.7
Student2651,94.0,72.0,60.0,75.3
Student2652,61.0,70.0,60.0,63.7
Student2653,81.0,60.0,70.0,70.3
Student2654,81.0,88.0,70.0,79.7
Student2655,77.0,90.0,56.0,74.3
Student2656,62.0,unknown,66.0,64.0
Student2657,80.0,74.0,97.0,83.7
Student2658,63.0,81.0,63.0,69.0
Student2659,69.0,unknown,82.0,75.5
Student2660,67.0,94.0,60.0,73.7
Student2661,78.0,75.0,62.0,71.7
Student2662,55.0,85.0,50.0,63.3
Student2663,unknown,83.0,unknown,83.0
Student2664,78.0,58.0,58.0,64.7
Student2665,92.0,61.0,62.0,71.7
Student2666,51.0,51.0,86.0,62.7
Student2667,72.0,87.0,79.0,79.3
Student2668,68.0,54.0,90.0,70.7
Student2669,80.0,54.0,94.0,76.0
Student2670,54.0,71.0,86.0,70.3
Student2671,68.0,54.0,96.0,72.7
Student2672,83.0,53.0,56.0,64.0
Student2673,59.0,58.0,63.0,60.0
Student2674,74.0,78.0,97.0,83.0
Student2675,51.0,71.0,55.0,59.0
Student2676,60.0,76.0,83.0,73.0
Student2677,99.0,59.0,65.0,74.3
Student2678,80.0,65.0,86.0,77.0
Student2679,64.0,91.0,85.0,80.0
Student2680,58.0,91.0,95.0,81.3
Student2681,72.0,59.0,55.0,62.0
Student2682,68.0,55.0,57.0,60.0
Student2683,58.0,98.0,73.0,76.3
Student2684,84.0,54.0,52.0,63.3
Student2685,70.0,55.0,53.0,59.3
Student2686,58.0,96.0,81.0,78.3
Student2687,77.0,74.0,50.0,67.0
Student2688,95.0,99.0,83.0,92.3
Student2689,56.0,53.0,94.0,67.7
Student2690,65.0,89.0,58.0,70.7
Student2691,65.0,97.0,61.0,74.3
Student2692,82.0,81.0,59.0,74.0
Student2693,53.0,84.0,59.0,65.3
Student2694,53.0,59.0,99.0,70.3
Student2695,88.0,83.0,93.0,88.0
Student2696,89.0,85.0,97.0,90.3
Student2697,66.0,55.0,72.0,64.3
Student2698,86.0,92.0,unknown,89.0
Student2699,88.0,95.0,73.0,85.3
Student2700,78.0,65.0,73.0,72.0
Student2701,85.0,68.0,70.0,74.3
Student2702,87.0,83.0,91.0,87.0
Student2703,88.0,74.0,80.0,80.7
Student2704,99.0,80.0,96.0,91.7
Student2705,unknown,98.0,90.0,94.0
Student2706,unknown,90.0,79.0,84.5
Student2707,56.0,66.0,83.0,68.3
Student2708,76.0,96.0,67.0,79.7
Student2709,77.0,79.0,61.0,72.3
Student2710,71.0,88.0,84.0,81.0
Student2711,63.0,80.0,56.0,66.3
Student2712,56.0,68.0,90.0,71.3
Student2713,86.0,unknown,89.0,87.5
Student2714,71.0,78.0,74.0,74.3
Student2715,54.0,50.0,55.0,53.0
Student2716,51.0,53.0,50.0,51.3
Student2717,76.0,77.0,95.0,82.7
Student2718,70.0,67.0,65.0,67.3
Student2719,87.0,75.0,97.0,86.3
Student2720,64.0,89.0,53.0,68.7
Student2721,70.0,68.0,78.0,72.0
Student2722,59.0,55.0,87.0,67.0
Student2723,72.0,50.0,96.0,72.7
Student2724,88.0,57.0,77.0,74.0
Student2725,unknown,82.0,71.0,76.5
Student2726,50.0,unknown,57.0,53.5
Student2727,62.0,70.0,81.0,71.0
Student2728,70.0,73.0,82.0,75.0
Student2729,75.0,74.0,62.0,70.3
Student2730,99.0,96.0,76.0,90.3
Student2731,94.0,92.0,67.0,84.3
Student2732,70.0,68.0,67.0,68.3
Student2733,67.0,78.0,62.0,69.0
Student2734,86.0,59.0,71.0,72.0
Student2735,94.0,61.0,63.0,72.7
Student2736,81.0,82.0,60.0,74.3
Student2737,85.0,56.0,88.0,76.3
Student2738,66.0,66.0,99.0,77.0
Student2739,84.0,59.0,71.0,71.3
Student2740,98.0,80.0,85.0,87.7
Student2741,60.0,55.0,66.0,60.3
Student2742,70.0,66.0,81.0,72.3
Student2743,75.0,99.0,63.0,79.0
Student2744,53.0,86.0,91.0,76.7
Student2745,83.0,67.0,78.0,76.0
Student2746,97.0,75.0,55.0,75.7
Student2747,67.0,98.0,99.0,88.0
Student2748,89.0,65.0,53.0,69.0
Student2749,84.0,57.0,60.0,67.0
Student2750,unknown,73.0,94.0,83.5
Student2751,78.0,62.0,89.0,76.3
Student2752,78.0,78.0,59.0,71.7
Student2753,87.0,81.0,77.0,81.7
Student2754,91.0,73.0,60.0,74.7
Student2755,70.0,65.0,84.0,73.0
Student2756,91.0,60.0,64.0,71.7
Student2757,62.0,81.0,unknown,71.5
Student2758,98.0,55.0,69.0,74.0
Student2759,90.0,84.0,99.0,91.0
Student2760,66.0,82.0,70.0,72.7
Student2761,58.0,67.0,50.0,58.3
Student2762,90.0,86.0,78.0,84.7
Student2763,50.0,62.0,unknown,56.0
Student2764,51.0,59.0,79.0,63.0
Student2765,97.0,86.0,89.0,90.7
Student2766,78.0,75.0,84.0,79.0
Student2767,82.0,95.0,82.0,86.3
Student2768,59.0,66.0,69.0,64.7
Student2769,99.0,50.0,65.0,71.3
Student2770,89.0,74.0,58.0,73.7
Student2771,70.0,83.0,80.0,77.7
Student2772,77.0,88.0,66.0,77.0
Student2773,60.0,59.0,80.0,66.3
Student2774,83.0,69.0,97.0,83.0
Student2775,57.0,56.0,72.0,61.7
Student2776,71.0,65.0,55.0,63.7
Student2777,57.0,86.0,79.0,74.0
Student2778,98.0,78.0,56.0,77.3
Student2779,64.0,61.0,97.0,74.0
Student2780,66.0,66.0,89.0,73.7
Student2781,unknown,97.0,91.0,94.0
Student2782,73.0,69.0,95.0,79.0
Student2783,94.0,75.0,60.0,76.3
Student2784,68.0,97.0,83.0,82.7
Student2785,54.0,68.0,61.0,61.0
Student2786,81.0,96.0,94.0,90.3
Student2787,93.0,61.0,96.0,83.3
Student2788,50.0,70.0,76.0,65.3
Student2789,72.0,91.0,61.0,74.7
Student2790,86.0,83.0,62.0,77.0
Student2791,57.0,56.0,57.0,56.7
Student2792,62.0,94.0,65.0,73.7
Student2793,57.0,84.0,78.0,73.0
Student2794,72.0,64.0,84.0,73.3
Student2795,92.0,50.0,78.0,73.3
Student2796,50.0,75.0,80.0,68.3
Student2797,94.0,84.0,62.0,80.0
Student2798,73.0,74.0,61.0,69.3
Student2799,84.0,91.0,51.0,75.3
Student2800,73.0,64.0,82.0,73.0
Student2801,66.0,71.0,57.0,64.7
Student2802,54.0,55.0,90.0,66.3
Student2803,69.0,64.0,89.0,74.0
Student2804,unknown,73.0,98.0,85.5
Student2805,89.0,70.0,unknown,79.5
Student2806,80.0,56.0,81.0,72.3
Student2807,95.0,78.0,87.0,86.7
Student2808,85.0,81.0,unknown,83.0
Student2809,60.0,81.0,64.0,68.3
Student2810,64.0,54.0,72.0,63.3
Student2811,68.0,53.0,73.0,64.7
Student2812,56.0,71.0,62.0,63.0
Student2813,77.0,67.0,70.0,71.3
Student2814,92.0,84.0,61.0,79.0
Student2815,54.0,66.0,62.0,60.7
Student2816,54.0,unknown,88.0,71.0
Student2817,79.0,99.0,72.0,83.3
Student2818,81.0,73.0,99.0,84.3
Student2819,57.0,51.0,95.0,67.7
Student2820,59.0,62.0,92.0,71.0
Student2821,87.0,64.0,77.0,76.0
Student2822,96.0,54.0,63.0,71.0
Student2823,81.0,52.0,66.0,66.3
Student2824,97.0,86.0,73.0,85.3
Student2825,77.0,86.0,83.0,82.0
Student2826,66.0,86.0,97.0,83.0
Student2827,80.0,52.0,71.0,67.7
Student2828,57.0,unknown,59.0,58.0
Student2829,89.0,72.0,unknown,80.5
Student2830,74.0,77.0,70.0,73.7
Student2831,58.0,79.0,86.0,74.3
Student2832,51.0,67.0,56.0,58.0
Student2833,64.0,85.0,75.0,74.7
Student2834,99.0,82.0,62.0,81.0
Student2835,52.0,75.0,65.0,64.0
Student2836,98.0,97.0,79.0,91.3
Student2837,85.0,89.0,80.0,84.7
Student2838,53.0,66.0,unknown,59.5
Student2839,63.0,89.0,81.0,77.7
Student2840,90.0,56.0,65.0,70.3
Student2841,90.0,57.0,96.0,81.0
Student2842,74.0,80.0,58.0,70.7
Student2843,99.0,unknown,71.0,85.0
Student2844,59.0,97.0,93.0,83.0
Student2845,70.0,80.0,89.0,79.7
Student2846,85.0,93.0,94.0,90.7
Student2847,61.0,68.0,86.0,71.7
Student2848,76.0,59.0,63.0,66.0
Student2849,89.0,88.0,65.0,80.7
Student2850,51.0,61.0,92.0,68.0
Student2851,62.0,69.0,69.0,66.7
Student2852,unknown,86.0,93.0,89.5
Student2853,80.0,97.0,unknown,88.5
Student2854,65.0,90.0,93.0,82.7
Student2855,81.0,unknown,75.0,78.0
Student2856,81.0,63.0,58.0,67.3
Student2857,83.0,60.0,50.0,64.3
Student2858,60.0,56.0,84.0,66.7
Student2859,59.0,78.0,93.0,76.7
Student2860,64.0,59.0,69.0,64.0
Student2861,66.0,78.0,94.0,79.3
Student2862,89.0,58.0,55.0,67.3
Student2863,67.0,85.0,91.0,81.0
Student2864,58.0,97.0,59.0,71.3
Student2865,74.0,59.0,97.0,76.7
Student2866,89.0,68.0,82.0,79.7
Student2867,63.0,80.0,65.0,69.3
Student2868,74.0,66.0,85.0,75.0
Student2869,99.0,unknown,55.0,77.0
Student2870,71.0,94.0,unknown,82.5
Student2871,79.0,82.0,80.0,80.3
Student2872,69.0,83.0,51.0,67.7
Student2873,70.0,94.0,67.0,77.0
Student2874,93.0,73.0,91.0,85.7
Student2875,81.0,58.0,77.0,72.0
Student2876,95.0,56.0,53.0,68.0
Student2877,98.0,65.0,50.0,71.0
Student2878,70.0,68.0,96.0,78.0
Student2879,84.0,88.0,91.0,87.7
Student2880,81.0,55.0,99.0,78.3
Student2881,79.0,99.0,65.0,81.0
Student2882,unknown,60.0,94.0,77.0
Student2883,98.0,61.0,96.0,85.0
Student2884,61.0,91.0,51.0,67.7
Student2885,90.0,62.0,85.0,79.0
Student2886,unknown,61.0,50.0,55.5
Student2887,67.0,70.0,88.0,75.0
Student2888,70.0,59.0,72.0,67.0
Student2889,62.0,69.0,75.0,68.7
Student2890,70.0,99.0,60.0,76.3
Student2891,57.0,85.0,91.0,77.7
Student2892,95.0,77.0,50.0,74.0
Student2893,89.0,73.0,60.0,74.0
Student2894,95.0,54.0,73.0,74.0
Student2895,56.0,86.0,59.0,67.0
Student2896,72.0,61.0,63.0,65.3
Student2897,93.0,84.0,63.0,80.0
Student2898,81.0,89.0,56.0,75.3
Student2899,60.0,51.0,72.0,61.0
Student2900,71.0,99.0,92.0,87.3
Student2901,71.0,90.0,71.0,77.3
Student2902,92.0,94.0,85.0,90.3
Student2903,74.0,88.0,76.0,79.3
Student2904,71.0,91.0,51.0,71.0
Student2905,77.0,58.0,88.0,74.3
Student2906,78.0,71.0,95.0,81.3
Student2907,62.0,96.0,68.0,75.3
Student2908,67.0,54.0,56.0,59.0
Student2909,51.0,61.0,61.0,57.7
Student2910,78.0,50.0,52.0,60.0
Student2911,70.0,93.0,96.0,86.3
Student2912,64.0,71.0,54.0,63.0
Student2913,76.0,87.0,57.0,73.3
Student2914,99.0,68.0,63.0,76.7
Student2915,80.0,65.0,85.0,76.7
Student2916,64.0,80.0,56.0,66.7
Student2917,72.0,52.0,56.0,60.0
Student2918,73.0,72.0,99.0,81.3
Student2919,93.0,91.0,95.0,93.0
Student2920,62.0,67.0,81.0,70.0
Student2921,71.0,75.0,57.0,67.7
Student2922,92.0,62.0,61.0,71.7
Student2923,86.0,67.0,59.0,70.7
Student2924,82.0,52.0,63.0,65.7
Student2925,52.0,72.0,unknown,62.0
Student2926,68.0,52.0,87.0,69.0
Student2927,72.0,74.0,79.0,75.0
Student2928,unknown,76.0,54.0,65.0
Student2929,79.0,93.0,50.0,74.0
Student2930,88.0,76.0,50.0,71.3
Student2931,93.0,88.0,69.0,83.3
Student2932,96.0,74.0,98.0,89.3
Student2933,74.0,73.0,60.0,69.0
Student2934,86.0,57.0,75.0,72.7
Student2935,96.0,58.0,93.0,82.3
Student2936,57.0,95.0,52.0,68.0
Student2937,91.0,86.0,55.0,77.3
Student2938,65.0,79.0,92.0,78.7
Student2939,unknown,68.0,94.0,81.0
Student2940,50.0,65.0,60.0,58.3
Student2941,93.0,73.0,57.0,74.3
Student2942,54.0,93.0,78.0,75.0
Student2943,52.0,70.0,59.0,60.3
Student2944,50.0,85.0,83.0,72.7
Student2945,53.0,89.0,73.0,71.7
Student2946,89.0,88.0,95.0,90.7
Student2947,84.0,96.0,97.0,92.3
Student2948,81.0,55.0,66.0,67.3
Student2949,91.0,54.0,unknown,72.5
Student2950,83.0,63.0,60.0,68.7
Student2951,92.0,unknown,83.0,87.5
Student2952,74.0,91.0,73.0,79.3
Student2953,59.0,99.0,54.0,70.7
Student2954,70.0,unknown,78.0,74.0
Student2955,95.0,57.0,97.0,83.0
Student2956,88.0,unknown,97.0,92.5
Student2957,76.0,unknown,83.0,79.5
Student2958,76.0,66.0,65.0,69.0
Student2959,51.0,99.0,74.0,74.7
Student2960,90.0,70.0,86.0,82.0
Student2961,97.0,75.0,57.0,76.3
Student2962,62.0,92.0,78.0,77.3
Student2963,58.0,97.0,95.0,83.3
Student2964,85.0,93.0,74.0,84.0
Student2965,71.0,94.0,91.0,85.3
Student2966,91.0,76.0,72.0,79.7
Student2967,75.0,65.0,83.0,74.3
Student2968,61.0,75.0,52.0,62.7
Student2969,66.0,82.0,79.0,75.7
Student2970,63.0,80.0,99.0,80.7
Student2971,63.0,97.0,83.0,81.0
Student2972,83.0,96.0,81.0,86.7
Student2973,69.0,unknown,78.0,73.5
Student2974,unknown,93.0,58.0,75.5
Student2975,65.0,57.0,51.0,57.7
Student2976,80.0,56.0,88.0,74.7
Student2977,55.0,83.0,56.0,64.7
Student2978,68.0,93.0,95.0,85.3
Student2979,86.0,63.0,54.0,67.7
Student2980,53.0,65.0,57.0,58.3
Student2981,96.0,92.0,81.0,89.7
Student2982,53.0,58.0,67.0,59.3
Student2983,69.0,59.0,87.0,71.7
Student2984,59.0,66.0,95.0,73.3
Student2985,73.0,61.0,67.0,67.0
Student2986,84.0,55.0,98.0,79.0
Student2987,75.0,unknown,90.0,82.5
Student2988,86.0,92.0,94.0,90.7
Student2989,87.0,90.0,65.0,80.7
Student2990,70.0,78.0,70.0,72.7
Student2991,89.0,55.0,59.0,67.7
Student2992,88.0,74.0,91.0,84.3
Student2993,70.0,73.0,53.0,65.3
Student2994,59.0,74.0,93.0,75.3
Student2995,87.0,65.0,57.0,69.7
Student2996,95.0,65.0,96.0,85.3
Student2997,53.0,55.0,68.0,58.7
Student2998,94.0,86.0,96.0,92.0
Student2999,69.0,70.0,89.0,76.0
Student3000,66.0,53.0,89.0,69.3
Student3001,56.0,83.0,58.0,65.7
Student3002,53.0,77.0,79.0,69.7
Student3003,78.0,87.0,66.0,77.0
Student3004,63.0,90.0,89.0,80.7
Student3005,52.0,77.0,93.0,74.0
Student3006,73.0,66.0,64.0,67.7
Student3007,86.0,63.0,53.0,67.3
Student3008,65.0,56.0,55.0,58.7
Student3009,53.0,71.0,65.0,63.0
Student3010,73.0,50.0,75.0,66.0
Student3011,83.0,78.0,86.0,82.3
Student3012,79.0,80.0,72.0,77.0
Student3013,67.0,79.0,62.0,69.3
Student3014,68.0,64.0,96.0,76.0
Student3015,80.0,67.0,66.0,71.0
Student3016,68.0,84.0,unknown,76.0
Student3017,98.0,99.0,71.0,89.3
Student3018,95.0,79.0,86.0,86.7
Student3019,68.0,83.0,68.0,73.0
Student3020,71.0,91.0,88.0,83.3
Student3021,73.0,60.0,84.0,72.3
Student3022,94.0,76.0,62.0,77.3
Student3023,61.0,73.0,63.0,65.7
Student3024,79.0,84.0,97.0,86.7
Student3025,87.0,88.0,80.0,85.0
Student3026,80.0,57.0,94.0,77.0
Student3027,85.0,67.0,51.0,67.7
Student3028,68.0,62.0,95.0,75.0
Student3029,97.0,94.0,88.0,93.0
Student3030,94.0,73.0,86.0,84.3
Student3031,85.0,72.0,63.0,73.3
Student3032,79.0,61.0,58.0,66.0
Student3033,98.0,98.0,59.0,85.0
Student3034,unknown,79.0,56.0,67.5
Student3035,67.0,80.0,77.0,74.7
Student3036,98.0,77.0,95.0,90.0
Student3037,77.0,71.0,74.0,74.0
Student3038,96.0,93.0,95.0,94.7
Student3039,60.0,77.0,77.0,71.3
Student3040,94.0,62.0,51.0,69.0
Student3041,82.0,74.0,66.0,74.0
Student3042,66.0,93.0,53.0,70.7
Student3043,55.0,95.0,62.0,70.7
Student3044,53.0,56.0,unknown,54.5
Student3045,69.0,94.0,52.0,71.7
Student3046,97.0,55.0,86.0,79.3
Student3047,96.0,73.0,82.0,83.7
Student3048,76.0,68.0,90.0,78.0
Student3049,64.0,68.0,unknown,66.0
Student3050,55.0,85.0,57.0,65.7
Student3051,96.0,58.0,unknown,77.0
Student3052,63.0,97.0,51.0,70.3
Student3053,60.0,85.0,82.0,75.7
Student3054,88.0,87.0,61.0,78.7
Student3055,58.0,89.0,71.0,72.7
Student3056,75.0,78.0,62.0,71.7
Student3057,65.0,73.0,59.0,65.7
Student3058,54.0,97.0,66.0,72.3
Student3059,59.0,54.0,92.0,68.3
Student3060,99.0,91.0,54.0,81.3
Student3061,52.0,94.0,58.0,68.0
Student3062,62.0,75.0,62.0,66.3
Student3063,92.0,63.0,72.0,75.7
Student3064,98.0,88.0,79.0,88.3
Student3065,79.0,78.0,92.0,83.0
Student3066,94.0,55.0,53.0,67.3
Student3067,55.0,56.0,70.0,60.3
Student3068,66.0,86.0,92.0,81.3
Student3069,94.0,unknown,58.0,76.0
Student3070,68.0,72.0,56.0,65.3
Student3071,91.0,93.0,65.0,83.0
Student3072,84.0,87.0,72.0,81.0
Student3073,95.0,50.0,72.0,72.3
Student3074,75.0,unknown,80.0,77.5
Student3075,54.0,93.0,54.0,67.0
Student3076,78.0,96.0,55.0,76.3
Student3077,86.0,84.0,50.0,73.3
Student3078,69.0,72.0,97.0,79.3
Student3079,98.0,76.0,77.0,83.7
Student3080,70.0,75.0,67.0,70.7
Student3081,59.0,57.0,73.0,63.0
Student3082,54.0,92.0,62.0,69.3
Student3083,85.0,65.0,unknown,75.0
Student3084,55.0,90.0,59.0,68.0
Student3085,75.0,unknown,56.0,65.5
Student3086,53.0,81.0,86.0,73.3
Student3087,88.0,54.0,81.0,74.3
Student3088,88.0,69.0,94.0,83.7
Student3089,99.0,63.0,unknown,81.0
Student3090,84.0,81.0,65.0,76.7
Student3091,50.0,unknown,73.0,61.5
Student3092,73.0,96.0,63.0,77.3
Student3093,85.0,55.0,60.0,66.7
Student3094,55.0,85.0,68.0,69.3
Student3095,90.0,89.0,72.0,83.7
Student3096,95.0,54.0,83.0,77.3
Student3097,93.0,62.0,89.0,81.3
Student3098,80.0,81.0,62.0,74.3
Student3099,69.0,65.0,88.0,74.0
Student3100,73.0,50.0,93.0,72.0
Student3101,74.0,62.0,77.0,71.0
Student3102,85.0,60.0,89.0,78.0
Student3103,70.0,57.0,65.0,64.0
Student3104,79.0,74.0,99.0,84.0
Student3105,73.0,89.0,77.0,79.7
Student3106,93.0,81.0,53.0,75.7
Student3107,91.0,73.0,77.0,80.3
Student3108,79.0,77.0,61.0,72.3
Student3109,71.0,63.0,65.0,66.3
Student3110,77.0,unknown,98.0,87.5
Student3111,56.0,52.0,85.0,64.3
Student3112,unknown,85.0,69.0,77.0
Student3113,77.0,76.0,75.0,76.0
Student3114,63.0,69.0,unknown,66.0
Student3115,59.0,96.0,71.0,75.3
Student3116,65.0,unknown,58.0,61.5
Student3117,unknown,76.0,54.0,65.0
Student3118,80.0,94.0,66.0,80.0
Student3119,91.0,90.0,98.0,93.0
Student3120,unknown,77.0,83.0,80.0
Student3121,62.0,74.0,unknown,68.0
Student3122,55.0,91.0,56.0,67.3
Student3123,93.0,93.0,85.0,90.3
Student3124,58.0,95.0,62.0,71.7
Student3125,94.0,82.0,69.0,81.7
Student3126,85.0,95.0,79.0,86.3
Student3127,92.0,63.0,79.0,78.0
Student3128,69.0,57.0,60.0,62.0
Student3129,67.0,97.0,80.0,81.3
Student3130,92.0,63.0,52.0,69.0
Student3131,unknown,50.0,51.0,50.5
Student3132,53.0,unknown,97.0,75.0
Student3133,99.0,67.0,52.0,72.7
Student3134,82.0,56.0,64.0,67.3
Student3135,76.0,64.0,66.0,68.7
Student3136,56.0,73.0,97.0,75.3
Student3137,55.0,98.0,56.0,69.7
Student3138,64.0,62.0,97.0,74.3
Student3139,67.0,58.0,54.0,59.7
Student3140,81.0,64.0,83.0,76.0
Student3141,60.0,84.0,82.0,75.3
Student3142,69.0,73.0,94.0,78.7
Student3143,73.0,82.0,65.0,73.3
Student3144,64.0,65.0,86.0,71.7
Student3145,97.0,57.0,52.0,68.7
Student3146,56.0,unknown,96.0,76.0
Student3147,70.0,72.0,97.0,79.7
Student3148,91.0,94.0,92.0,92.3
Student3149,75.0,80.0,99.0,84.7
Student3150,93.0,89.0,70.0,84.0
Student3151,unknown,98.0,90.0,94.0
Student3152,86.0,63.0,57.0,68.7
Student3153,70.0,79.0,71.0,73.3
Student3154,67.0,88.0,54.0,69.7
Student3155,54.0,76.0,66.0,65.3
Student3156,unknown,96.0,86.0,91.0
Student3157,72.0,65.0,63.0,66.7
Student3158,75.0,55.0,88.0,72.7
Student3159,86.0,82.0,90.0,86.0
Student3160,73.0,93.0,77.0,81.0
Student3161,98.0,67.0,80.0,81.7
Student3162,68.0,65.0,66.0,66.3
Student3163,74.0,61.0,84.0,73.0
Student3164,70.0,69.0,89.0,76.0
Student3165,unknown,94.0,unknown,94.0
Student3166,90.0,89.0,94.0,91.0
Student3167,82.0,78.0,97.0,85.7
Student3168,99.0,79.0,78.0,85.3
Student3169,53.0,75.0,59.0,62.3
Student3170,91.0,71.0,67.0,76.3
Student3171,56.0,82.0,84.0,74.0
Student3172,71.0,88.0,93.0,84.0
Student3173,82.0,96.0,65.0,81.0
Student3174,66.0,78.0,99.0,81.0
Student3175,73.0,71.0,98.0,80.7
Student3176,83.0,94.0,56.0,77.7
Student3177,77.0,62.0,79.0,72.7
Student3178,92.0,58.0,68.0,72.7
Student3179,90.0,unknown,72.0,81.0
Student3180,88.0,64.0,57.0,69.7
Student3181,71.0,85.0,66.0,74.0
Student3182,98.0,62.0,70.0,76.7
Student3183,66.0,76.0,75.0,72.3
Student3184,83.0,93.0,77.0,84.3
Student3185,55.0,86.0,88.0,76.3
Student3186,95.0,56.0,82.0,77.7
Student3187,55.0,57.0,89.0,67.0
Student3188,83.0,86.0,68.0,79.0
Student3189,50.0,90.0,78.0,72.7
Student3190,59.0,63.0,unknown,61.0
Student3191,70.0,61.0,69.0,66.7
Student3192,54.0,85.0,59.0,66.0
Student3193,51.0,89.0,61.0,67.0
Student3194,71.0,66.0,82.0,73.0
Student3195,97.0,89.0,74.0,86.7
Student3196,51.0,78.0,74.0,67.7
Student3197,59.0,76.0,53.0,62.7
Student3198,83.0,50.0,53.0,62.0
Student3199,65.0,83.0,58.0,68.7
Student3200,97.0,53.0,64.0,71.3
Student3201,88.0,73.0,75.0,78.7
Student3202,71.0,70.0,64.0,68.3
Student3203,61.0,82.0,75.0,72.7
Student3204,73.0,56.0,77.0,68.7
Student3205,96.0,50.0,56.0,67.3
Student3206,89.0,90.0,81.0,86.7
Student3207,87.0,52.0,61.0,66.7
Student3208,59.0,93.0,84.0,78.7
Student3209,84.0,64.0,81.0,76.3
Student3210,98.0,80.0,58.0,78.7
Student3211,81.0,65.0,63.0,69.7
Student3212,56.0,59.0,62.0,59.0
Student3213,70.0,78.0,93.0,80.3
Student3214,69.0,55.0,82.0,68.7
Student3215,75.0,78.0,81.0,78.0
Student3216,53.0,66.0,68.0,62.3
Student3217,95.0,71.0,unknown,83.0
Student3218,71.0,73.0,65.0,69.7
Student3219,64.0,66.0,61.0,63.7
Student3220,89.0,70.0,59.0,72.7
Student3221,70.0,99.0,51.0,73.3
Student3222,64.0,60.0,67.0,63.7
Student3223,71.0,56.0,62.0,63.0
Student3224,77.0,91.0,78.0,82.0
Student3225,63.0,88.0,73.0,74.7
Student3226,76.0,54.0,87.0,72.3
Student3227,90.0,93.0,61.0,81.3
Student3228,89.0,97.0,78.0,88.0
Student3229,unknown,70.0,71.0,70.5
Student3230,75.0,67.0,85.0,75.7
Student3231,98.0,84.0,50.0,77.3
Student3232,51.0,69.0,92.0,70.7
Student3233,74.0,64.0,89.0,75.7
Student3234,52.0,54.0,83.0,63.0
Student3235,57.0,62.0,83.0,67.3
Student3236,93.0,61.0,97.0,83.7
Student3237,82.0,70.0,82.0,78.0
Student3238,91.0,86.0,53.0,76.7
Student3239,84.0,55.0,87.0,75.3
Student3240,55.0,56.0,79.0,63.3
Student3241,88.0,75.0,95.0,86.0
Student3242,unknown,91.0,69.0,80.0
Student3243,74.0,97.0,75.0,82.0
Student3244,99.0,57.0,64.0,73.3
Student3245,92.0,58.0,56.0,68.7
Student3246,68.0,76.0,56.0,66.7
Student3247,54.0,53.0,99.0,68.7
Student3248,60.0,70.0,78.0,69.3
Student3249,61.0,80.0,72.0,71.0
Student3250,unknown,70.0,83.0,76.5
Student3251,57.0,89.0,69.0,71.7
Student3252,73.0,74.0,64.0,70.3
Student3253,77.0,88.0,82.0,82.3
Student3254,90.0,64.0,66.0,73.3
Student3255,85.0,84.0,69.0,79.3
Student3256,86.0,98.0,62.0,82.0
Student3257,70.0,92.0,93.0,85.0
Student3258,57.0,90.0,73.0,73.3
Student3259,unknown,86.0,96.0,91.0
Student3260,96.0,91.0,86.0,91.0
Student3261,64.0,96.0,56.0,72.0
Student3262,97.0,77.0,57.0,77.0
Student3263,unknown,63.0,72.0,67.5
Student3264,89.0,53.0,63.0,68.3
Student3265,67.0,69.0,53.0,63.0
Student3266,91.0,83.0,70.0,81.3
Student3267,69.0,61.0,95.0,75.0
Student3268,55.0,82.0,unknown,68.5
Student3269,61.0,73.0,71.0,68.3
Student3270,51.0,69.0,79.0,66.3
Student3271,56.0,54.0,79.0,63.0
Student3272,65.0,87.0,65.0,72.3
Student3273,52.0,79.0,60.0,63.7
Student3274,94.0,73.0,71.0,79.3
Student3275,52.0,92.0,78.0,74.0
Student3276,76.0,89.0,74.0,79.7
Student3277,99.0,56.0,63.0,72.7
Student3278,92.0,85.0,63.0,80.0
Student3279,89.0,87.0,51.0,75.7
Student3280,87.0,65.0,62.0,71.3
Student3281,82.0,64.0,52.0,66.0
Student3282,77.0,95.0,79.0,83.7
Student3283,50.0,72.0,67.0,63.0
Student3284,57.0,61.0,85.0,67.7
Student3285,86.0,78.0,70.0,78.0
Student3286,81.0,93.0,68.0,80.7
Student3287,97.0,97.0,65.0,86.3
Student3288,92.0,64.0,77.0,77.7
Student3289,86.0,78.0,53.0,72.3
Student3290,53.0,unknown,64.0,58.5
Student3291,79.0,92.0,50.0,73.7
Student3292,55.0,98.0,97.0,83.3
Student3293,95.0,70.0,96.0,87.0
Student3294,68.0,64.0,65.0,65.7
Student3295,81.0,63.0,69.0,71.0
Student3296,unknown,91.0,82.0,86.5
Student3297,61.0,93.0,66.0,73.3
Student3298,60.0,65.0,54.0,59.7
Student3299,95.0,64.0,54.0,71.0
Student3300,65.0,91.0,88.0,81.3
Student3301,50.0,53.0,62.0,55.0
Student3302,94.0,76.0,93.0,87.7
Student3303,70.0,72.0,85.0,75.7
Student3304,79.0,78.0,79.0,78.7
Student3305,62.0,90.0,53.0,68.3
Student3306,83.0,58.0,72.0,71.0
Student3307,53.0,92.0,70.0,71.7
Student3308,77.0,92.0,70.0,79.7
Student3309,87.0,56.0,55.0,66.0
Student3310,80.0,91.0,73.0,81.3
Student3311,76.0,53.0,unknown,64.5
Student3312,54.0,54.0,80.0,62.7
Student3313,74.0,54.0,68.0,65.3
Student3314,52.0,60.0,87.0,66.3
Student3315,82.0,90.0,61.0,77.7
Student3316,53.0,77.0,63.0,64.3
Student3317,74.0,65.0,99.0,79.3
Student3318,69.0,90.0,61.0,73.3
Student3319,83.0,79.0,64.0,75.3
Student3320,75.0,53.0,68.0,65.3
Student3321,54.0,51.0,77.0,60.7
Student3322,84.0,95.0,89.0,89.3
Student3323,77.0,52.0,90.0,73.0
Student3324,78.0,99.0,54.0,77.0
Student3325,58.0,70.0,54.0,60.7
Student3326,87.0,55.0,55.0,65.7
Student3327,99.0,92.0,72.0,87.7
Student3328,55.0,67.0,52.0,58.0
Student3329,68.0,93.0,unknown,80.5
Student3330,93.0,54.0,82.0,76.3
Student3331,60.0,58.0,92.0,70.0
Student3332,51.0,69.0,unknown,60.0
Student3333,96.0,77.0,69.0,80.7
Student3334,93.0,75.0,50.0,72.7
Student3335,93.0,67.0,88.0,82.7
Student3336,58.0,unknown,96.0,77.0
Student3337,70.0,52.0,66.0,62.7
Student3338,73.0,58.0,78.0,69.7
Student3339,83.0,85.0,57.0,75.0
Student3340,71.0,80.0,75.0,75.3
Student3341,52.0,98.0,unknown,75.0
Student3342,61.0,66.0,83.0,70.0
Student3343,77.0,72.0,unknown,74.5
Student3344,79.0,83.0,62.0,74.7
Student3345,75.0,90.0,93.0,86.0
Student3346,97.0,90.0,86.0,91.0
Student3347,70.0,54.0,62.0,62.0
Student3348,77.0,64.0,87.0,76.0
Student3349,75.0,96.0,74.0,81.7
Student3350,82.0,52.0,96.0,76.7
Student3351,70.0,68.0,unknown,69.0
Student3352,84.0,77.0,71.0,77.3
Student3353,83.0,52.0,70.0,68.3
Student3354,90.0,87.0,79.0,85.3
Student3355,96.0,53.0,60.0,69.7
Student3356,67.0,73.0,53.0,64.3
Student3357,60.0,80.0,82.0,74.0
Student3358,72.0,94.0,96.0,87.3
Student3359,97.0,94.0,61.0,84.0
Student3360,71.0,60.0,58.0,63.0
Student3361,66.0,86.0,81.0,77.7
Student3362,54.0,50.0,60.0,54.7
Student3363,93.0,58.0,86.0,79.0
Student3364,60.0,66.0,73.0,66.3
Student3365,79.0,50.0,56.0,61.7
Student3366,64.0,52.0,unknown,58.0
Student3367,76.0,96.0,82.0,84.7
Student3368,84.0,75.0,74.0,77.7
Student3369,82.0,80.0,50.0,70.7
Student3370,69.0,75.0,52.0,65.3
Student3371,65.0,72.0,89.0,75.3
Student3372,83.0,79.0,77.0,79.7
Student3373,51.0,59.0,92.0,67.3
Student3374,84.0,57.0,82.0,74.3
Student3375,89.0,93.0,95.0,92.3
Student3376,77.0,74.0,50.0,67.0
Student3377,96.0,71.0,unknown,83.5
Student3378,88.0,64.0,76.0,76.0
Student3379,55.0,90.0,87.0,77.3
Student3380,58.0,59.0,84.0,67.0
Student3381,69.0,69.0,59.0,65.7
Student3382,50.0,90.0,61.0,67.0
Student3383,57.0,96.0,59.0,70.7
Student3384,72.0,72.0,83.0,75.7
Student3385,52.0,50.0,73.0,58.3
Student3386,53.0,51.0,77.0,60.3
Student3387,74.0,68.0,71.0,71.0
Student3388,96.0,63.0,94.0,84.3
Student3389,87.0,57.0,65.0,69.7
Student3390,64.0,87.0,62.0,71.0
Student3391,70.0,61.0,85.0,72.0
Student3392,84.0,75.0,85.0,81.3
Student3393,95.0,76.0,92.0,87.7
Student3394,63.0,78.0,72.0,71.0
Student3395,85.0,unknown,unknown,85.0
Student3396,61.0,95.0,81.0,79.0
Student3397,66.0,50.0,unknown,58.0
Student3398,88.0,92.0,unknown,90.0
Student3399,58.0,77.0,68.0,67.7
Student3400,84.0,52.0,71.0,69.0
Student3401,62.0,67.0,50.0,59.7
Student3402,64.0,83.0,54.0,67.0
Student3403,67.0,81.0,98.0,82.0
Student3404,82.0,78.0,82.0,80.7
Student3405,55.0,74.0,68.0,65.7
Student3406,76.0,75.0,85.0,78.7
Student3407,72.0,88.0,55.0,71.7
Student3408,76.0,57.0,64.0,65.7
Student3409,83.0,68.0,85.0,78.7
Student3410,95.0,96.0,82.0,91.0
Student3411,87.0,91.0,73.0,83.7
Student3412,63.0,71.0,76.0,70.0
Student3413,85.0,78.0,98.0,87.0
Student3414,57.0,82.0,60.0,66.3
Student3415,84.0,87.0,98.0,89.7
Student3416,68.0,94.0,72.0,78.0
Student3417,79.0,95.0,82.0,85.3
Student3418,63.0,84.0,90.0,79.0
Student3419,69.0,92.0,95.0,85.3
Student3420,98.0,52.0,96.0,82.0
Student3421,74.0,68.0,78.0,73.3
Student3422,89.0,59.0,80.0,76.0
Student3423,73.0,76.0,50.0,66.3
Student3424,63.0,64.0,83.0,70.0
Student3425,75.0,60.0,67.0,67.3
Student3426,87.0,96.0,67.0,83.3
Student3427,72.0,75.0,55.0,67.3
Student3428,71.0,73.0,89.0,77.7
Student3429,97.0,62.0,50.0,69.7
Student3430,68.0,81.0,96.0,81.7
Student3431,95.0,86.0,91.0,90.7
Student3432,52.0,53.0,79.0,61.3
Student3433,unknown,62.0,53.0,57.5
Student3434,68.0,58.0,81.0,69.0
Student3435,58.0,98.0,59.0,71.7
Student3436,77.0,83.0,92.0,84.0
Student3437,69.0,86.0,54.0,69.7
Student3438,94.0,97.0,58.0,83.0
Student3439,56.0,56.0,54.0,55.3
Student3440,63.0,50.0,60.0,57.7
Student3441,58.0,61.0,84.0,67.7
Student3442,unknown,70.0,76.0,73.0
Student3443,96.0,60.0,53.0,69.7
Student3444,63.0,93.0,59.0,71.7
Student3445,87.0,93.0,88.0,89.3
Student3446,85.0,93.0,82.0,86.7
Student3447,89.0,63.0,87.0,79.7
Student3448,66.0,83.0,57.0,68.7
Student3449,79.0,83.0,98.0,86.7
Student3450,58.0,74.0,73.0,68.3
Student3451,82.0,53.0,88.0,74.3
Student3452,74.0,75.0,82.0,77.0
Student3453,63.0,65.0,90.0,72.7
Student3454,60.0,59.0,unknown,59.5
Student3455,84.0,94.0,68.0,82.0
Student3456,90.0,51.0,51.0,64.0
Student3457,unknown,84.0,60.0,72.0
Student3458,unknown,68.0,84.0,76.0
Student3459,90.0,55.0,66.0,70.3
Student3460,53.0,68.0,91.0,70.7
Student3461,53.0,57.0,52.0,54.0
Student3462,77.0,63.0,71.0,70.3
Student3463,57.0,59.0,84.0,66.7
Student3464,51.0,52.0,unknown,51.5
Student3465,90.0,87.0,74.0,83.7
Student3466,95.0,78.0,88.0,87.0
Student3467,71.0,64.0,51.0,62.0
Student3468,unknown,72.0,50.0,61.0
Student3469,65.0,72.0,56.0,64.3
Student3470,78.0,67.0,69.0,71.3
Student3471,98.0,95.0,92.0,95.0
Student3472,97.0,68.0,55.0,73.3
Student3473,79.0,77.0,85.0,80.3
Student3474,61.0,75.0,70.0,68.7
Student3475,84.0,59.0,95.0,79.3
Student3476,60.0,unknown,84.0,72.0
Student3477,95.0,53.0,85.0,77.7
Student3478,99.0,51.0,57.0,69.0
Student3479,70.0,52.0,99.0,73.7
Student3480,70.0,56.0,53.0,59.7
Student3481,54.0,65.0,92.0,70.3
Student3482,97.0,80.0,65.0,80.7
Student3483,69.0,59.0,52.0,60.0
Student3484,86.0,68.0,56.0,70.0
Student3485,52.0,77.0,51.0,60.0
Student3486,93.0,unknown,50.0,71.5
Student3487,82.0,77.0,50.0,69.7
Student3488,58.0,68.0,87.0,71.0
Student3489,58.0,86.0,56.0,66.7
Student3490,53.0,72.0,73.0,66.0
Student3491,84.0,69.0,54.0,69.0
Student3492,66.0,62.0,70.0,66.0
Student3493,unknown,62.0,77.0,69.5
Student3494,73.0,92.0,67.0,77.3
Student3495,81.0,60.0,73.0,71.3
Student3496,50.0,97.0,81.0,76.0
Student3497,57.0,64.0,94.0,71.7
Student3498,94.0,66.0,82.0,80.7
Student3499,72.0,99.0,59.0,76.7
Student3500,96.0,77.0,58.0,77.0
Student3501,89.0,68.0,98.0,85.0
Student3502,unknown,53.0,82.0,67.5
Student3503,unknown,71.0,82.0,76.5
Student3504,95.0,71.0,56.0,74.0
Student3505,96.0,86.0,53.0,78.3
Student3506,unknown,88.0,77.0,82.5
Student3507,90.0,83.0,72.0,81.7
Student3508,68.0,82.0,81.0,77.0
Student3509,75.0,93.0,93.0,87.0
Student3510,78.0,91.0,65.0,78.0
Student3511,71.0,89.0,95.0,85.0
Student3512,89.0,82.0,59.0,76.7
Student3513,70.0,61.0,63.0,64.7
Student3514,87.0,51.0,88.0,75.3
Student3515,69.0,77.0,85.0,77.0
Student3516,78.0,59.0,83.0,73.3
Student3517,53.0,71.0,73.0,65.7
Student3518,56.0,66.0,67.0,63.0
Student3519,77.0,75.0,65.0,72.3
Student3520,77.0,52.0,90.0,73.0
Student3521,53.0,56.0,86.0,65.0
Student3522,71.0,93.0,90.0,84.7
Student3523,61.0,unknown,74.0,67.5
Student3524,94.0,69.0,57.0,73.3
Student3525,52.0,61.0,73.0,62.0
Student3526,71.0,84.0,69.0,74.7
Student3527,93.0,66.0,97.0,85.3
Student3528,unknown,77.0,79.0,78.0
Student3529,73.0,90.0,69.0,77.3
Student3530,83.0,59.0,67.0,69.7
Student3531,76.0,71.0,53.0,66.7
Student3532,90.0,unknown,97.0,93.5
Student3533,50.0,82.0,85.0,72.3
Student3534,57.0,unknown,55.0,56.0
Student3535,72.0,93.0,52.0,72.3
Student3536,87.0,86.0,67.0,80.0
Student3537,55.0,62.0,96.0,71.0
Student3538,71.0,76.0,89.0,78.7
Student3539,74.0,unknown,67.0,70.5
Student3540,67.0,71.0,72.0,70.0
Student3541,66.0,79.0,84.0,76.3
Student3542,61.0,92.0,55.0,69.3
Student3543,55.0,89.0,75.0,73.0
Student3544,75.0,86.0,70.0,77.0
Student3545,76.0,83.0,73.0,77.3
Student3546,unknown,93.0,64.0,78.5
Student3547,68.0,83.0,76.0,75.7
Student3548,91.0,97.0,81.0,89.7
Student3549,50.0,84.0,61.0,65.0
Student3550,78.0,91.0,54.0,74.3
Student3551,94.0,68.0,56.0,72.7
Student3552,98.0,57.0,71.0,75.3
Student3553,84.0,88.0,76.0,82.7
Student3554,89.0,82.0,64.0,78.3
Student3555,63.0,93.0,88.0,81.3
Student3556,84.0,77.0,94.0,85.0
Student3557,97.0,86.0,84.0,89.0
Student3558,94.0,97.0,75.0,88.7
Student3559,69.0,74.0,72.0,71.7
Student3560,98.0,85.0,62.0,81.7
Student3561,62.0,66.0,75.0,67.7
Student3562,87.0,73.0,52.0,70.7
Student3563,98.0,70.0,78.0,82.0
Student3564,95.0,51.0,51.0,65.7
Student3565,98.0,80.0,77.0,85.0
Student3566,57.0,93.0,72.0,74.0
Student3567,unknown,82.0,85.0,83.5
Student3568,69.0,79.0,98.0,82.0
Student3569,82.0,61.0,55.0,66.0
Student3570,75.0,93.0,60.0,76.0
Student3571,88.0,61.0,unknown,74.5
Student3572,unknown,98.0,83.0,90.5
Student3573,98.0,73.0,66.0,79.0
Student3574,91.0,73.0,52.0,72.0
Student3575,92.0,60.0,93.0,81.7
Student3576,90.0,62.0,95.0,82.3
Student3577,58.0,76.0,83.0,72.3
Student3578,73.0,57.0,71.0,67.0
Student3579,86.0,59.0,unknown,72.5
Student3580,98.0,57.0,78.0,77.7
Student3581,90.0,69.0,54.0,71.0
Student3582,66.0,57.0,59.0,60.7
Student3583,73.0,58.0,59.0,63.3
Student3584,70.0,56.0,unknown,63.0
Student3585,88.0,63.0,70.0,73.7
Student3586,90.0,77.0,62.0,76.3
Student3587,88.0,51.0,59.0,66.0
Student3588,62.0,92.0,87.0,80.3
Student3589,60.0,57.0,60.0,59.0
Student3590,95.0,62.0,53.0,70.0
Student3591,68.0,70.0,95.0,77.7
Student3592,60.0,96.0,80.0,78.7
Student3593,62.0,77.0,98.0,79.0
Student3594,95.0,84.0,83.0,87.3
Student3595,94.0,72.0,91.0,85.7
Student3596,unknown,95.0,84.0,89.5
Student3597,89.0,64.0,88.0,80.3
Student3598,93.0,51.0,88.0,77.3
Student3599,68.0,61.0,82.0,70.3
Student3600,61.0,85.0,57.0,67.7
Student3601,57.0,52.0,81.0,63.3
Student3602,57.0,54.0,82.0,64.3
Student3603,94.0,52.0,57.0,67.7
Student3604,61.0,96.0,95.0,84.0
Student3605,97.0,68.0,63.0,76.0
Student3606,82.0,51.0,83.0,72.0
Student3607,94.0,93.0,57.0,81.3
Student3608,75.0,86.0,91.0,84.0
Student3609,unknown,66.0,56.0,61.0
Student3610,77.0,63.0,62.0,67.3
Student3611,54.0,77.0,70.0,67.0
Student3612,unknown,76.0,96.0,86.0
Student3613,74.0,unknown,81.0,77.5
Student3614,unknown,52.0,60.0,56.0
Student3615,95.0,85.0,63.0,81.0
Student3616,72.0,87.0,60.0,73.0
Student3617,79.0,74.0,51.0,68.0
Student3618,94.0,71.0,83.0,82.7
Student3619,96.0,97.0,unknown,96.5
Student3620,72.0,88.0,96.0,85.3
Student3621,98.0,96.0,66.0,86.7
Student3622,96.0,79.0,63.0,79.3
Student3623,69.0,70.0,74.0,71.0
Student3624,67.0,79.0,97.0,81.0
Student3625,67.0,77.0,76.0,73.3
Student3626,51.0,80.0,unknown,65.5
Student3627,53.0,75.0,66.0,64.7
Student3628,79.0,92.0,54.0,75.0
Student3629,82.0,71.0,61.0,71.3
Student3630,85.0,70.0,87.0,80.7
Student3631,67.0,50.0,67.0,61.3
Student3632,86.0,86.0,75.0,82.3
Student3633,68.0,62.0,80.0,70.0
Student3634,96.0,70.0,86.0,84.0
Student3635,77.0,95.0,55.0,75.7
Student3636,89.0,58.0,90.0,79.0
Student3637,69.0,66.0,64.0,66.3
Student3638,98.0,96.0,91.0,95.0
Student3639,82.0,70.0,98.0,83.3
Student3640,61.0,80.0,75.0,72.0
Student3641,64.0,88.0,61.0,71.0
Student3642,90.0,71.0,90.0,83.7
Student3643,88.0,61.0,96.0,81.7
Student3644,51.0,55.0,63.0,56.3
Student3645,unknown,65.0,50.0,57.5
Student3646,90.0,75.0,66.0,77.0
Student3647,59.0,54.0,82.0,65.0
Student3648,51.0,58.0,78.0,62.3
Student3649,60.0,95.0,unknown,77.5
Student3650,62.0,89.0,80.0,77.0
Student3651,59.0,63.0,57.0,59.7
Student3652,63.0,93.0,79.0,78.3
Student3653,unknown,91.0,62.0,76.5
Student3654,58.0,79.0,65.0,67.3
Student3655,88.0,75.0,51.0,71.3
Student3656,77.0,94.0,94.0,88.3
Student3657,52.0,78.0,67.0,65.7
Student3658,unknown,68.0,84.0,76.0
Student3659,55.0,96.0,94.0,81.7
Student3660,76.0,57.0,68.0,67.0
Student3661,51.0,72.0,62.0,61.7
Student3662,78.0,91.0,53.0,74.0
Student3663,87.0,84.0,68.0,79.7
Student3664,52.0,80.0,99.0,77.0
Student3665,65.0,84.0,74.0,74.3
Student3666,79.0,81.0,87.0,82.3
Student3667,89.0,54.0,80.0,74.3
Student3668,51.0,65.0,85.0,67.0
Student3669,66.0,66.0,53.0,61.7
Student3670,90.0,81.0,88.0,86.3
Student3671,61.0,87.0,56.0,68.0
Student3672,84.0,81.0,65.0,76.7
Student3673,92.0,69.0,97.0,86.0
Student3674,50.0,97.0,54.0,67.0
Student3675,94.0,51.0,96.0,80.3
Student3676,64.0,69.0,72.0,68.3
Student3677,75.0,96.0,85.0,85.3
Student3678,86.0,67.0,81.0,78.0
Student3679,70.0,unknown,73.0,71.5
Student3680,98.0,78.0,74.0,83.3
Student3681,80.0,78.0,94.0,84.0
Student3682,unknown,68.0,77.0,72.5
Student3683,72.0,93.0,68.0,77.7
Student3684,unknown,89.0,56.0,72.5
Student3685,87.0,55.0,unknown,71.0
Student3686,77.0,93.0,90.0,86.7
Student3687,70.0,88.0,66.0,74.7
Student3688,92.0,99.0,51.0,80.7
Student3689,67.0,95.0,65.0,75.7
Student3690,85.0,57.0,88.0,76.7
Student3691,84.0,73.0,67.0,74.7
Student3692,94.0,69.0,88.0,83.7
Student3693,58.0,63.0,50.0,57.0
Student3694,87.0,54.0,52.0,64.3
Student3695,79.0,90.0,unknown,84.5
Student3696,93.0,89.0,79.0,87.0
Student3697,83.0,83.0,60.0,75.3
Student3698,unknown,65.0,71.0,68.0
Student3699,52.0,94.0,96.0,80.7
Student3700,52.0,56.0,74.0,60.7
Student3701,77.0,65.0,unknown,71.0
Student3702,93.0,56.0,79.0,76.0
Student3703,64.0,76.0,73.0,71.0
Student3704,90.0,63.0,94.0,82.3
Student3705,72.0,63.0,85.0,73.3
Student3706,89.0,93.0,72.0,84.7
Student3707,60.0,82.0,57.0,66.3
Student3708,97.0,82.0,53.0,77.3
Student3709,81.0,93.0,99.0,91.0
Student3710,85.0,69.0,88.0,80.7
Student3711,82.0,96.0,92.0,90.0
Student3712,73.0,85.0,80.0,79.3
Student3713,88.0,56.0,78.0,74.0
Student3714,83.0,81.0,85.0,83.0
Student3715,77.0,97.0,62.0,78.7
Student3716,86.0,52.0,90.0,76.0
Student3717,56.0,88.0,58.0,67.3
Student3718,53.0,78.0,70.0,67.0
Student3719,86.0,73.0,52.0,70.3
Student3720,50.0,71.0,74.0,65.0
Student3721,50.0,55.0,74.0,59.7
Student3722,96.0,97.0,61.0,84.7
Student3723,69.0,73.0,78.0,73.3
Student3724,68.0,89.0,60.0,72.3
Student3725,78.0,72.0,60.0,70.0
Student3726,59.0,87.0,98.0,81.3
Student3727,67.0,59.0,75.0,67.0
Student3728,77.0,65.0,63.0,68.3
Student3729,84.0,60.0,unknown,72.0
Student3730,92.0,81.0,59.0,77.3
Student3731,96.0,94.0,80.0,90.0
Student3732,80.0,55.0,80.0,71.7
Student3733,76.0,73.0,85.0,78.0
Student3734,unknown,82.0,59.0,70.5
Student3735,98.0,61.0,75.0,78.0
Student3736,98.0,76.0,69.0,81.0
Student3737,87.0,87.0,93.0,89.0
Student3738,54.0,67.0,58.0,59.7
Student3739,57.0,94.0,64.0,71.7
Student3740,83.0,88.0,58.0,76.3
Student3741,97.0,62.0,56.0,71.7
Student3742,61.0,89.0,75.0,75.0
Student3743,87.0,79.0,73.0,79.7
Student3744,50.0,98.0,61.0,69.7
Student3745,80.0,90.0,69.0,79.7
Student3746,53.0,62.0,63.0,59.3
Student3747,98.0,83.0,71.0,84.0
Student3748,94.0,85.0,65.0,81.3
Student3749,99.0,79.0,78.0,85.3
Student3750,54.0,74.0,81.0,69.7
Student3751,79.0,51.0,68.0,66.0
Student3752,73.0,85.0,84.0,80.7
Student3753,unknown,67.0,92.0,79.5
Student3754,60.0,54.0,81.0,65.0
Student3755,94.0,68.0,69.0,77.0
Student3756,53.0,91.0,89.0,77.7
Student3757,75.0,67.0,69.0,70.3
Student3758,76.0,81.0,57.0,71.3
Student3759,95.0,70.0,84.0,83.0
Student3760,92.0,59.0,91.0,80.7
Student3761,76.0,86.0,62.0,74.7
Student3762,91.0,98.0,90.0,93.0
Student3763,99.0,71.0,unknown,85.0
Student3764,55.0,62.0,96.0,71.0
Student3765,64.0,66.0,65.0,65.0
Student3766,79.0,58.0,54.0,63.7
Student3767,91.0,73.0,94.0,86.0
Student3768,86.0,93.0,83.0,87.3
Student3769,86.0,63.0,55.0,68.0
Student3770,91.0,95.0,82.0,89.3
Student3771,unknown,unknown,64.0,64.0
Student3772,84.0,86.0,64.0,78.0
Student3773,72.0,68.0,63.0,67.7
Student3774,55.0,77.0,88.0,73.3
Student3775,53.0,95.0,54.0,67.3
Student3776,67.0,90.0,75.0,77.3
Student3777,58.0,79.0,97.0,78.0
Student3778,unknown,56.0,66.0,61.0
Student3779,78.0,75.0,92.0,81.7
Student3780,62.0,89.0,96.0,82.3
Student3781,96.0,95.0,65.0,85.3
Student3782,66.0,95.0,84.0,81.7
Student3783,94.0,60.0,87.0,80.3
Student3784,81.0,63.0,72.0,72.0
Student3785,97.0,70.0,62.0,76.3
Student3786,71.0,57.0,82.0,70.0
Student3787,53.0,52.0,78.0,61.0
Student3788,54.0,77.0,95.0,75.3
Student3789,86.0,78.0,83.0,82.3
Student3790,90.0,72.0,83.0,81.7
Student3791,98.0,67.0,76.0,80.3
Student3792,62.0,84.0,unknown,73.0
Student3793,unknown,62.0,99.0,80.5
Student3794,94.0,61.0,58.0,71.0
Student3795,71.0,96.0,75.0,80.7
Student3796,72.0,99.0,52.0,74.3
Student3797,52.0,54.0,85.0,63.7
Student3798,91.0,88.0,96.0,91.7
Student3799,83.0,60.0,54.0,65.7
Student3800,81.0,60.0,69.0,70.0
Student3801,94.0,96.0,69.0,86.3
Student3802,98.0,91.0,54.0,81.0
Student3803,70.0,96.0,59.0,75.0
Student3804,95.0,80.0,unknown,87.5
Student3805,93.0,unknown,74.0,83.5
Student3806,70.0,62.0,93.0,75.0
Student3807,93.0,63.0,74.0,76.7
Student3808,60.0,98.0,79.0,79.0
Student3809,88.0,94.0,63.0,81.7
Student3810,53.0,91.0,71.0,71.7
Student3811,50.0,74.0,92.0,72.0
Student3812,unknown,82.0,77.0,79.5
Student3813,73.0,82.0,79.0,78.0
Student3814,84.0,64.0,68.0,72.0
Student3815,62.0,65.0,unknown,63.5
Student3816,96.0,93.0,91.0,93.3
Student3817,83.0,87.0,69.0,79.7
Student3818,60.0,55.0,84.0,66.3
Student3819,85.0,93.0,71.0,83.0
Student3820,66.0,74.0,64.0,68.0
Student3821,84.0,64.0,60.0,69.3
Student3822,67.0,53.0,83.0,67.7
Student3823,89.0,53.0,73.0,71.7
Student3824,71.0,79.0,55.0,68.3
Student3825,unknown,83.0,66.0,74.5
Student3826,68.0,76.0,77.0,73.7
Student3827,86.0,80.0,99.0,88.3
Student3828,88.0,81.0,80.0,83.0
Student3829,70.0,93.0,85.0,82.7
Student3830,57.0,88.0,58.0,67.7
Student3831,77.0,unknown,59.0,68.0
Student3832,54.0,90.0,70.0,71.3
Student3833,66.0,57.0,83.0,68.7
Student3834,86.0,63.0,80.0,76.3
Student3835,85.0,82.0,78.0,81.7
Student3836,68.0,72.0,92.0,77.3
Student3837,76.0,70.0,unknown,73.0
Student3838,83.0,61.0,60.0,68.0
Student3839,60.0,51.0,82.0,64.3
Student3840,94.0,62.0,95.0,83.7
Student3841,96.0,53.0,50.0,66.3
Student3842,61.0,69.0,70.0,66.7
Student3843,70.0,99.0,72.0,80.3
Student3844,60.0,97.0,58.0,71.7
Student3845,88.0,63.0,50.0,67.0
Student3846,77.0,79.0,70.0,75.3
Student3847,54.0,78.0,71.0,67.7
Student3848,66.0,57.0,53.0,58.7
Student3849,unknown,61.0,50.0,55.5
Student3850,90.0,90.0,59.0,79.7
Student3851,95.0,87.0,64.0,82.0
Student3852,61.0,75.0,85.0,73.7
Student3853,55.0,99.0,78.0,77.3
Student3854,unknown,51.0,95.0,73.0
Student3855,68.0,89.0,54.0,70.3
Student3856,75.0,63.0,78.0,72.0
Student3857,97.0,55.0,96.0,82.7
Student3858,93.0,91.0,96.0,93.3
Student3859,93.0,89.0,76.0,86.0
Student3860,81.0,80.0,74.0,78.3
Student3861,55.0,66.0,65.0,62.0
Student3862,85.0,74.0,65.0,74.7
Student3863,87.0,unknown,85.0,86.0
Student3864,60.0,61.0,74.0,65.0
Student3865,82.0,98.0,90.0,90.0
Student3866,73.0,62.0,50.0,61.7
Student3867,72.0,68.0,unknown,70.0
Student3868,64.0,93.0,90.0,82.3
Student3869,76.0,unknown,69.0,72.5
Student3870,60.0,74.0,54.0,62.7
Student3871,99.0,80.0,85.0,88.0
Student3872,66.0,86.0,unknown,76.0
Student3873,63.0,74.0,97.0,78.0
Student3874,76.0,65.0,83.0,74.7
Student3875,67.0,87.0,97.0,83.7
Student3876,77.0,92.0,67.0,78.7
Student3877,96.0,98.0,51.0,81.7
Student3878,96.0,72.0,65.0,77.7
Student3879,53.0,63.0,78.0,64.7
Student3880,56.0,55.0,82.0,64.3
Student3881,94.0,74.0,65.0,77.7
Student3882,84.0,72.0,84.0,80.0
Student3883,97.0,92.0,96.0,95.0
Student3884,58.0,61.0,92.0,70.3
Student3885,57.0,62.0,91.0,70.0
Student3886,94.0,85.0,66.0,81.7
Student3887,66.0,88.0,53.0,69.0
Student3888,66.0,83.0,98.0,82.3
Student3889,98.0,55.0,53.0,68.7
Student3890,82.0,87.0,74.0,81.0
Student3891,81.0,99.0,82.0,87.3
Student3892,57.0,unknown,63.0,60.0
Student3893,68.0,57.0,73.0,66.0
Student3894,87.0,57.0,60.0,68.0
Student3895,52.0,89.0,74.0,71.7
Student3896,54.0,82.0,77.0,71.0
Student3897,62.0,83.0,56.0,67.0
Student3898,96.0,93.0,98.0,95.7
Student3899,95.0,unknown,85.0,90.0
Student3900,80.0,85.0,59.0,74.7
Student3901,65.0,84.0,98.0,82.3
Student3902,99.0,95.0,85.0,93.0
Student3903,81.0,71.0,80.0,77.3
Student3904,71.0,72.0,68.0,70.3
Student3905,78.0,89.0,67.0,78.0
Student3906,71.0,94.0,98.0,87.7
Student3907,92.0,71.0,55.0,72.7
Student3908,52.0,54.0,77.0,61.0
Student3909,59.0,80.0,56.0,65.0
Student3910,91.0,62.0,87.0,80.0
Student3911,70.0,77.0,61.0,69.3
Student3912,65.0,69.0,90.0,74.7
Student3913,61.0,unknown,99.0,80.0
Student3914,51.0,65.0,83.0,66.3
Student3915,90.0,78.0,74.0,80.7
Student3916,73.0,72.0,66.0,70.3
Student3917,84.0,73.0,82.0,79.7
Student3918,79.0,83.0,72.0,78.0
Student3919,79.0,56.0,58.0,64.3
Student3920,unknown,87.0,55.0,71.0
Student3921,84.0,86.0,51.0,73.7
Student3922,68.0,53.0,unknown,60.5
Student3923,99.0,83.0,58.0,80.0
Student3924,unknown,91.0,52.0,71.5
Student3925,75.0,71.0,65.0,70.3
Student3926,98.0,54.0,74.0,75.3
Student3927,89.0,99.0,73.0,87.0
Student3928,56.0,91.0,96.0,81.0
Student3929,79.0,72.0,78.0,76.3
Student3930,unknown,64.0,93.0,78.5
Student3931,52.0,80.0,89.0,73.7
Student3932,50.0,58.0,75.0,61.0
Student3933,85.0,92.0,87.0,88.0
Student3934,74.0,74.0,84.0,77.3
Student3935,86.0,74.0,72.0,77.3
Student3936,50.0,98.0,53.0,67.0
Student3937,64.0,70.0,91.0,75.0
Student3938,86.0,58.0,63.0,69.0
Student3939,62.0,97.0,96.0,85.0
Student3940,89.0,87.0,88.0,88.0
Student3941,57.0,71.0,56.0,61.3
Student3942,54.0,92.0,57.0,67.7
Student3943,58.0,72.0,91.0,73.7
Student3944,50.0,98.0,68.0,72.0
Student3945,85.0,53.0,unknown,69.0
Student3946,84.0,unknown,96.0,90.0
Student3947,unknown,64.0,50.0,57.0
Student3948,89.0,50.0,91.0,76.7
Student3949,72.0,79.0,unknown,75.5
Student3950,58.0,78.0,62.0,66.0
Student3951,83.0,unknown,91.0,87.0
Student3952,95.0,82.0,93.0,90.0
Student3953,63.0,90.0,73.0,75.3
Student3954,53.0,93.0,81.0,75.7
Student3955,unknown,85.0,79.0,82.0
Student3956,80.0,71.0,55.0,68.7
Student3957,87.0,62.0,87.0,78.7
Student3958,60.0,56.0,82.0,66.0
Student3959,84.0,57.0,93.0,78.0
Student3960,57.0,77.0,72.0,68.7
Student3961,52.0,94.0,unknown,73.0
Student3962,63.0,92.0,95.0,83.3
Student3963,62.0,58.0,64.0,61.3
Student3964,94.0,unknown,72.0,83.0
Student3965,81.0,65.0,85.0,77.0
Student3966,83.0,59.0,50.0,64.0
Student3967,94.0,60.0,57.0,70.3
Student3968,68.0,80.0,52.0,66.7
Student3969,87.0,61.0,unknown,74.0
Student3970,65.0,80.0,66.0,70.3
Student3971,51.0,63.0,83.0,65.7
Student3972,89.0,93.0,96.0,92.7
Student3973,66.0,81.0,unknown,73.5
Student3974,83.0,99.0,54.0,78.7
Student3975,91.0,66.0,95.0,84.0
Student3976,65.0,84.0,90.0,79.7
Student3977,87.0,50.0,89.0,75.3
Student3978,51.0,78.0,78.0,69.0
Student3979,unknown,53.0,unknown,53.0
Student3980,75.0,72.0,67.0,71.3
Student3981,62.0,77.0,89.0,76.0
Student3982,96.0,65.0,97.0,86.0
Student3983,80.0,61.0,79.0,73.3
Student3984,83.0,70.0,64.0,72.3
Student3985,88.0,94.0,unknown,91.0
Student3986,52.0,66.0,65.0,61.0
Student3987,unknown,unknown,82.0,82.0
Student3988,72.0,62.0,59.0,64.3
Student3989,63.0,81.0,68.0,70.7
Student3990,76.0,86.0,86.0,82.7
Student3991,78.0,unknown,99.0,88.5
Student3992,88.0,64.0,52.0,68.0
Student3993,88.0,61.0,85.0,78.0
Student3994,50.0,unknown,53.0,51.5
Student3995,66.0,64.0,60.0,63.3
Student3996,90.0,83.0,90.0,87.7
Student3997,79.0,55.0,82.0,72.0
Student3998,62.0,66.0,77.0,68.3
Student3999,70.0,97.0,81.0,82.7
Student4000,68.0,98.0,65.0,77.0
Student4001,68.0,unknown,58.0,63.0
Student4002,74.0,58.0,60.0,64.0
Student4003,unknown,54.0,55.0,54.5
Student4004,80.0,72.0,98.0,83.3
Student4005,66.0,82.0,76.0,74.7
Student4006,72.0,87.0,61.0,73.3
Student4007,81.0,63.0,71.0,71.7
Student4008,59.0,66.0,89.0,71.3
Student4009,59.0,68.0,97.0,74.7
Student4010,85.0,82.0,86.0,84.3
Student4011,unknown,50.0,70.0,60.0
Student4012,unknown,62.0,82.0,72.0
Student4013,81.0,95.0,unknown,88.0
Student4014,99.0,76.0,78.0,84.3
Student4015,63.0,55.0,89.0,69.0
Student4016,99.0,55.0,59.0,71.0
Student4017,77.0,82.0,67.0,75.3
Student4018,95.0,79.0,96.0,90.0
Student4019,73.0,95.0,62.0,76.7
Student4020,64.0,84.0,76.0,74.7
Student4021,71.0,72.0,59.0,67.3
Student4022,79.0,59.0,81.0,73.0
Student4023,53.0,68.0,90.0,70.3
Student4024,62.0,77.0,94.0,77.7
Student4025,72.0,72.0,52.0,65.3
Student4026,57.0,53.0,71.0,60.3
Student4027,67.0,69.0,unknown,68.0
Student4028,61.0,68.0,52.0,60.3
Student4029,80.0,91.0,82.0,84.3
Student4030,63.0,76.0,51.0,63.3
Student4031,83.0,83.0,60.0,75.3
Student4032,67.0,53.0,95.0,71.7
Student4033,83.0,87.0,59.0,76.3
Student4034,unknown,56.0,88.0,72.0
Student4035,90.0,97.0,82.0,89.7
Student4036,61.0,56.0,56.0,57.7
Student4037,98.0,99.0,64.0,87.0
Student4038,64.0,75.0,75.0,71.3
Student4039,80.0,75.0,unknown,77.5
Student4040,98.0,68.0,87.0,84.3
Student4041,unknown,58.0,76.0,67.0
Student4042,75.0,69.0,88.0,77.3
Student4043,67.0,91.0,56.0,71.3
Student4044,81.0,94.0,50.0,75.0
Student4045,71.0,99.0,59.0,76.3
Student4046,87.0,65.0,70.0,74.0
Student4047,66.0,66.0,64.0,65.3
Student4048,72.0,71.0,79.0,74.0
Student4049,73.0,62.0,79.0,71.3
Student4050,99.0,61.0,57.0,72.3
Student4051,57.0,59.0,73.0,63.0
Student4052,unknown,50.0,68.0,59.0
Student4053,55.0,81.0,52.0,62.7
Student4054,54.0,79.0,64.0,65.7
Student4055,93.0,57.0,85.0,78.3
Student4056,78.0,70.0,55.0,67.7
Student4057,77.0,71.0,91.0,79.7
Student4058,60.0,67.0,99.0,75.3
Student4059,50.0,51.0,97.0,66.0
Student4060,92.0,unknown,67.0,79.5
Student4061,68.0,93.0,87.0,82.7
Student4062,58.0,58.0,68.0,61.3
Student4063,76.0,52.0,98.0,75.3
Student4064,83.0,75.0,99.0,85.7
Student4065,93.0,70.0,79.0,80.7
Student4066,unknown,79.0,62.0,70.5
Student4067,unknown,77.0,88.0,82.5
Student4068,67.0,85.0,61.0,71.0
Student4069,64.0,75.0,83.0,74.0
Student4070,62.0,83.0,61.0,68.7
Student4071,68.0,57.0,93.0,72.7
Student4072,98.0,59.0,73.0,76.7
Student4073,55.0,97.0,53.0,68.3
Student4074,unknown,92.0,85.0,88.5
Student4075,61.0,99.0,99.0,86.3
Student4076,86.0,63.0,97.0,82.0
Student4077,66.0,89.0,63.0,72.7
Student4078,72.0,64.0,66.0,67.3
Student4079,75.0,66.0,98.0,79.7
Student4080,78.0,67.0,52.0,65.7
Student4081,82.0,81.0,87.0,83.3
Student4082,76.0,87.0,72.0,78.3
Student4083,unknown,72.0,62.0,67.0
Student4084,59.0,95.0,58.0,70.7
Student4085,96.0,72.0,70.0,79.3
Student4086,72.0,84.0,90.0,82.0
Student4087,70.0,88.0,57.0,71.7
Student4088,70.0,64.0,66.0,66.7
Student4089,unknown,73.0,65.0,69.0
Student4090,62.0,77.0,65.0,68.0
Student4091,86.0,65.0,77.0,76.0
Student4092,82.0,65.0,65.0,70.7
Student4093,unknown,89.0,95.0,92.0
Student4094,93.0,88.0,95.0,92.0
Student4095,60.0,55.0,63.0,59.3
Student4096,66.0,51.0,95.0,70.7
Student4097,53.0,unknown,93.0,73.0
Student4098,96.0,unknown,87.0,91.5
Student4099,74.0,96.0,69.0,79.7
Student4100,79.0,58.0,94.0,77.0
Student4101,58.0,83.0,97.0,79.3
Student4102,70.0,66.0,90.0,75.3
Student4103,unknown,76.0,83.0,79.5
Student4104,68.0,78.0,78.0,74.7
Student4105,68.0,86.0,52.0,68.7
Student4106,61.0,92.0,59.0,70.7
Student4107,86.0,unknown,69.0,77.5
Student4108,91.0,73.0,51.0,71.7
Student4109,66.0,56.0,76.0,66.0
Student4110,86.0,83.0,81.0,83.3
Student4111,97.0,97.0,59.0,84.3
Student4112,88.0,61.0,89.0,79.3
Student4113,77.0,72.0,66.0,71.7
Student4114,90.0,64.0,82.0,78.7
Student4115,84.0,82.0,55.0,73.7
Student4116,96.0,62.0,88.0,82.0
Student4117,97.0,72.0,96.0,88.3
Student4118,67.0,87.0,67.0,73.7
Student4119,63.0,81.0,58.0,67.3
Student4120,unknown,94.0,57.0,75.5
Student4121,93.0,99.0,74.0,88.7
Student4122,90.0,84.0,80.0,84.7
Student4123,56.0,50.0,91.0,65.7
Student4124,90.0,96.0,53.0,79.7
Student4125,62.0,94.0,69.0,75.0
Student4126,67.0,54.0,77.0,66.0
Student4127,86.0,62.0,89.0,79.0
Student4128,62.0,54.0,50.0,55.3
Student4129,85.0,unknown,89.0,87.0
Student4130,80.0,70.0,93.0,81.0
Student4131,51.0,73.0,72.0,65.3
Student4132,65.0,67.0,96.0,76.0
Student4133,58.0,70.0,62.0,63.3
Student4134,58.0,59.0,65.0,60.7
Student4135,87.0,73.0,75.0,78.3
Student4136,60.0,unknown,80.0,70.0
Student4137,71.0,96.0,99.0,88.7
Student4138,82.0,70.0,50.0,67.3
Student4139,85.0,74.0,66.0,75.0
Student4140,94.0,72.0,65.0,77.0
Student4141,72.0,71.0,86.0,76.3
Student4142,94.0,53.0,59.0,68.7
Student4143,94.0,83.0,87.0,88.0
Student4144,83.0,55.0,93.0,77.0
Student4145,58.0,77.0,80.0,71.7
Student4146,73.0,80.0,59.0,70.7
Student4147,57.0,84.0,98.0,79.7
Student4148,56.0,88.0,83.0,75.7
Student4149,85.0,91.0,55.0,77.0
Student4150,67.0,72.0,77.0,72.0
Student4151,52.0,55.0,77.0,61.3
Student4152,77.0,65.0,62.0,68.0
Student4153,55.0,51.0,90.0,65.3
Student4154,93.0,73.0,61.0,75.7
Student4155,93.0,66.0,99.0,86.0
Student4156,70.0,unknown,89.0,79.5
Student4157,77.0,50.0,99.0,75.3
Student4158,89.0,55.0,51.0,65.0
Student4159,50.0,54.0,57.0,53.7
Student4160,85.0,94.0,91.0,90.0
Student4161,70.0,99.0,58.0,75.7
Student4162,92.0,unknown,99.0,95.5
Student4163,84.0,61.0,57.0,67.3
Student4164,62.0,88.0,52.0,67.3
Student4165,98.0,96.0,58.0,84.0
Student4166,59.0,52.0,62.0,57.7
Student4167,93.0,97.0,58.0,82.7
Student4168,96.0,50.0,80.0,75.3
Student4169,59.0,76.0,74.0,69.7
Student4170,95.0,97.0,unknown,96.0
Student4171,62.0,73.0,94.0,76.3
Student4172,86.0,93.0,57.0,78.7
Student4173,87.0,68.0,96.0,83.7
Student4174,unknown,57.0,80.0,68.5
Student4175,51.0,93.0,94.0,79.3
Student4176,71.0,96.0,94.0,87.0
Student4177,66.0,unknown,80.0,73.0
Student4178,85.0,79.0,66.0,76.7
Student4179,63.0,79.0,96.0,79.3
Student4180,59.0,98.0,68.0,75.0
Student4181,84.0,88.0,52.0,74.7
Student4182,74.0,94.0,95.0,87.7
Student4183,52.0,81.0,79.0,70.7
Student4184,96.0,unknown,59.0,77.5
Student4185,87.0,87.0,98.0,90.7
Student4186,66.0,62.0,78.0,68.7
Student4187,61.0,60.0,89.0,70.0
Student4188,73.0,59.0,67.0,66.3
Student4189,78.0,97.0,61.0,78.7
Student4190,92.0,75.0,98.0,88.3
Student4191,74.0,69.0,72.0,71.7
Student4192,85.0,66.0,60.0,70.3
Student4193,75.0,66.0,58.0,66.3
Student4194,87.0,unknown,73.0,80.0
Student4195,50.0,54.0,74.0,59.3
Student4196,69.0,72.0,74.0,71.7
Student4197,77.0,95.0,96.0,89.3
Student4198,65.0,59.0,58.0,60.7
Student4199,unknown,95.0,61.0,78.0
Student4200,66.0,77.0,60.0,67.7
Student4201,89.0,82.0,98.0,89.7
Student4202,77.0,92.0,unknown,84.5
Student4203,61.0,75.0,77.0,71.0
Student4204,76.0,99.0,57.0,77.3
Student4205,91.0,97.0,59.0,82.3
Student4206,96.0,78.0,74.0,82.7
Student4207,79.0,76.0,96.0,83.7
Student4208,90.0,67.0,85.0,80.7
Student4209,83.0,89.0,99.0,90.3
Student4210,86.0,59.0,92.0,79.0
Student4211,55.0,unknown,58.0,56.5
Student4212,56.0,54.0,90.0,66.7
Student4213,81.0,59.0,57.0,65.7
Student4214,81.0,99.0,52.0,77.3
Student4215,74.0,70.0,67.0,70.3
Student4216,82.0,73.0,unknown,77.5
Student4217,56.0,87.0,84.0,75.7
Student4218,61.0,52.0,66.0,59.7
Student4219,65.0,89.0,85.0,79.7
Student4220,65.0,80.0,77.0,74.0
Student4221,92.0,90.0,99.0,93.7
Student4222,85.0,86.0,64.0,78.3
Student4223,62.0,51.0,68.0,60.3
Student4224,56.0,51.0,71.0,59.3
Student4225,85.0,88.0,55.0,76.0
Student4226,96.0,98.0,96.0,96.7
Student4227,58.0,91.0,56.0,68.3
Student4228,81.0,93.0,93.0,89.0
Student4229,60.0,83.0,97.0,80.0
Student4230,57.0,91.0,58.0,68.7
Student4231,82.0,69.0,69.0,73.3
Student4232,72.0,82.0,86.0,80.0
Student4233,74.0,53.0,60.0,62.3
Student4234,57.0,94.0,51.0,67.3
Student4235,94.0,93.0,71.0,86.0
Student4236,71.0,60.0,97.0,76.0
Student4237,53.0,91.0,85.0,76.3
Student4238,89.0,96.0,54.0,79.7
Student4239,52.0,54.0,56.0,54.0
Student4240,78.0,74.0,55.0,69.0
Student4241,90.0,98.0,71.0,86.3
Student4242,78.0,86.0,59.0,74.3
Student4243,83.0,83.0,95.0,87.0
Student4244,83.0,58.0,89.0,76.7
Student4245,77.0,55.0,95.0,75.7
Student4246,62.0,67.0,95.0,74.7
Student4247,unknown,63.0,69.0,66.0
Student4248,72.0,68.0,77.0,72.3
Student4249,93.0,63.0,72.0,76.0
Student4250,75.0,89.0,84.0,82.7
Student4251,53.0,66.0,50.0,56.3
Student4252,75.0,84.0,78.0,79.0
Student4253,89.0,78.0,58.0,75.0
Student4254,58.0,91.0,58.0,69.0
Student4255,54.0,66.0,71.0,63.7
Student4256,81.0,92.0,51.0,74.7
Student4257,69.0,57.0,65.0,63.7
Student4258,99.0,50.0,89.0,79.3
Student4259,60.0,94.0,55.0,69.7
Student4260,64.0,85.0,62.0,70.3
Student4261,81.0,56.0,82.0,73.0
Student4262,77.0,95.0,68.0,80.0
Student4263,71.0,54.0,64.0,63.0
Student4264,90.0,73.0,82.0,81.7
Student4265,66.0,77.0,59.0,67.3
Student4266,75.0,92.0,50.0,72.3
Student4267,93.0,66.0,61.0,73.3
Student4268,56.0,86.0,92.0,78.0
Student4269,91.0,69.0,78.0,79.3
Student4270,75.0,52.0,66.0,64.3
Student4271,74.0,86.0,53.0,71.0
Student4272,59.0,75.0,78.0,70.7
Student4273,unknown,64.0,unknown,64.0
Student4274,68.0,97.0,93.0,86.0
Student4275,60.0,57.0,62.0,59.7
Student4276,62.0,62.0,54.0,59.3
Student4277,57.0,97.0,55.0,69.7
Student4278,89.0,52.0,83.0,74.7
Student4279,53.0,50.0,56.0,53.0
Student4280,unknown,58.0,95.0,76.5
Student4281,80.0,80.0,77.0,79.0
Student4282,77.0,90.0,95.0,87.3
Student4283,60.0,75.0,59.0,64.7
Student4284,92.0,66.0,53.0,70.3
Student4285,50.0,83.0,52.0,61.7
Student4286,98.0,58.0,unknown,78.0
Student4287,96.0,62.0,72.0,76.7
Student4288,87.0,54.0,76.0,72.3
Student4289,73.0,90.0,unknown,81.5
Student4290,96.0,62.0,87.0,81.7
Student4291,80.0,50.0,81.0,70.3
Student4292,unknown,74.0,72.0,73.0
Student4293,95.0,96.0,96.0,95.7
Student4294,99.0,53.0,89.0,80.3
Student4295,75.0,85.0,86.0,82.0
Student4296,98.0,unknown,52.0,75.0
Student4297,99.0,77.0,84.0,86.7
Student4298,54.0,55.0,62.0,57.0
Student4299,69.0,76.0,83.0,76.0
Student4300,90.0,61.0,73.0,74.7
Student4301,60.0,97.0,50.0,69.0
Student4302,82.0,52.0,61.0,65.0
Student4303,99.0,95.0,57.0,83.7
Student4304,87.0,82.0,68.0,79.0
Student4305,unknown,59.0,58.0,58.5
Student4306,83.0,80.0,77.0,80.0
Student4307,64.0,64.0,63.0,63.7
Student4308,81.0,56.0,76.0,71.0
Student4309,70.0,85.0,67.0,74.0
Student4310,95.0,63.0,91.0,83.0
Student4311,54.0,97.0,90.0,80.3
Student4312,55.0,63.0,55.0,57.7
Student4313,87.0,52.0,82.0,73.7
Student4314,71.0,98.0,86.0,85.0
Student4315,67.0,95.0,91.0,84.3
Student4316,unknown,99.0,74.0,86.5
Student4317,59.0,52.0,62.0,57.7
Student4318,95.0,71.0,72.0,79.3
Student4319,62.0,68.0,85.0,71.7
Student4320,80.0,84.0,82.0,82.0
Student4321,79.0,61.0,70.0,70.0
Student4322,52.0,54.0,83.0,63.0
Student4323,79.0,59.0,85.0,74.3
Student4324,55.0,90.0,66.0,70.3
Student4325,78.0,82.0,59.0,73.0
Student4326,unknown,62.0,72.0,67.0
Student4327,93.0,84.0,93.0,90.0
Student4328,94.0,81.0,51.0,75.3
Student4329,92.0,60.0,84.0,78.7
Student4330,93.0,97.0,63.0,84.3
Student4331,82.0,87.0,96.0,88.3
Student4332,66.0,73.0,unknown,69.5
Student4333,97.0,unknown,90.0,93.5
Student4334,unknown,68.0,51.0,59.5
Student4335,62.0,55.0,68.0,61.7
Student4336,99.0,89.0,65.0,84.3
Student4337,60.0,94.0,92.0,82.0
Student4338,80.0,93.0,93.0,88.7
Student4339,77.0,91.0,74.0,80.7
Student4340,unknown,84.0,50.0,67.0
Student4341,55.0,53.0,51.0,53.0
Student4342,90.0,82.0,97.0,89.7
Student4343,65.0,62.0,76.0,67.7
Student4344,53.0,85.0,51.0,63.0
Student4345,84.0,92.0,79.0,85.0
Student4346,unknown,68.0,59.0,63.5
Student4347,75.0,92.0,68.0,78.3
Student4348,61.0,61.0,91.0,71.0
Student4349,60.0,60.0,65.0,61.7
Student4350,86.0,55.0,62.0,67.7
Student4351,74.0,61.0,97.0,77.3
Student4352,unknown,76.0,99.0,87.5
Student4353,68.0,90.0,57.0,71.7
Student4354,72.0,74.0,99.0,81.7
Student4355,87.0,91.0,80.0,86.0
Student4356,67.0,52.0,94.0,71.0
Student4357,75.0,52.0,74.0,67.0
Student4358,55.0,69.0,88.0,70.7
Student4359,53.0,77.0,70.0,66.7
Student4360,93.0,72.0,99.0,88.0
Student4361,78.0,97.0,87.0,87.3
Student4362,83.0,52.0,90.0,75.0
Student4363,66.0,91.0,78.0,78.3
Student4364,92.0,73.0,55.0,73.3
Student4365,92.0,92.0,67.0,83.7
Student4366,65.0,89.0,98.0,84.0
Student4367,51.0,55.0,93.0,66.3
Student4368,83.0,69.0,84.0,78.7
Student4369,57.0,60.0,76.0,64.3
Student4370,62.0,81.0,54.0,65.7
Student4371,91.0,76.0,56.0,74.3
Student4372,57.0,70.0,59.0,62.0
Student4373,79.0,93.0,59.0,77.0
Student4374,81.0,97.0,77.0,85.0
Student4375,unknown,99.0,85.0,92.0
Student4376,96.0,62.0,59.0,72.3
Student4377,79.0,71.0,99.0,83.0
Student4378,50.0,unknown,84.0,67.0
Student4379,92.0,96.0,84.0,90.7
Student4380,88.0,71.0,86.0,81.7
Student4381,66.0,77.0,97.0,80.0
Student4382,69.0,unknown,69.0,69.0
Student4383,73.0,95.0,62.0,76.7
Student4384,99.0,67.0,60.0,75.3
Student4385,71.0,80.0,94.0,81.7
Student4386,78.0,95.0,68.0,80.3
Student4387,unknown,86.0,77.0,81.5
Student4388,93.0,70.0,87.0,83.3
Student4389,58.0,63.0,94.0,71.7
Student4390,86.0,74.0,53.0,71.0
Student4391,59.0,76.0,unknown,67.5
Student4392,85.0,89.0,68.0,80.7
Student4393,86.0,72.0,86.0,81.3
Student4394,77.0,80.0,63.0,73.3
Student4395,77.0,96.0,80.0,84.3
Student4396,91.0,78.0,77.0,82.0
Student4397,92.0,96.0,85.0,91.0
Student4398,70.0,79.0,93.0,80.7
Student4399,73.0,75.0,unknown,74.0
Student4400,91.0,69.0,68.0,76.0
Student4401,89.0,87.0,91.0,89.0
Student4402,51.0,68.0,50.0,56.3
Student4403,57.0,76.0,72.0,68.3
Student4404,97.0,74.0,77.0,82.7
Student4405,76.0,89.0,97.0,87.3
Student4406,71.0,87.0,53.0,70.3
Student4407,86.0,72.0,90.0,82.7
Student4408,76.0,78.0,67.0,73.7
Student4409,78.0,64.0,98.0,80.0
Student4410,52.0,52.0,96.0,66.7
Student4411,93.0,59.0,88.0,80.0
Student4412,62.0,64.0,74.0,66.7
Student4413,94.0,65.0,67.0,75.3
Student4414,59.0,66.0,55.0,60.0
Student4415,85.0,68.0,68.0,73.7
Student4416,unknown,60.0,61.0,60.5
Student4417,76.0,97.0,74.0,82.3
Student4418,83.0,54.0,84.0,73.7
Student4419,50.0,54.0,50.0,51.3
Student4420,81.0,63.0,54.0,66.0
Student4421,74.0,99.0,50.0,74.3
Student4422,78.0,75.0,57.0,70.0
Student4423,unknown,57.0,88.0,72.5
Student4424,98.0,54.0,96.0,82.7
Student4425,52.0,56.0,92.0,66.7
Student4426,unknown,65.0,67.0,66.0
Student4427,69.0,63.0,95.0,75.7
Student4428,79.0,86.0,58.0,74.3
Student4429,84.0,90.0,54.0,76.0
Student4430,84.0,53.0,53.0,63.3
Student4431,98.0,85.0,93.0,92.0
Student4432,88.0,97.0,78.0,87.7
Student4433,76.0,66.0,50.0,64.0
Student4434,75.0,96.0,79.0,83.3
Student4435,63.0,85.0,94.0,80.7
Student4436,66.0,55.0,50.0,57.0
Student4437,67.0,65.0,52.0,61.3
Student4438,94.0,78.0,71.0,81.0
Student4439,78.0,85.0,57.0,73.3
Student4440,69.0,87.0,67.0,74.3
Student4441,76.0,86.0,74.0,78.7
Student4442,67.0,97.0,unknown,82.0
Student4443,53.0,97.0,unknown,75.0
Student4444,50.0,59.0,80.0,63.0
Student4445,99.0,90.0,79.0,89.3
Student4446,50.0,85.0,65.0,66.7
Student4447,75.0,78.0,51.0,68.0
Student4448,94.0,63.0,66.0,74.3
Student4449,69.0,53.0,59.0,60.3
Student4450,72.0,93.0,56.0,73.7
Student4451,59.0,91.0,unknown,75.0
Student4452,unknown,85.0,58.0,71.5
Student4453,90.0,99.0,66.0,85.0
Student4454,90.0,94.0,58.0,80.7
Student4455,54.0,62.0,58.0,58.0
Student4456,50.0,95.0,86.0,77.0
Student4457,66.0,67.0,73.0,68.7
Student4458,71.0,82.0,88.0,80.3
Student4459,83.0,70.0,60.0,71.0
Student4460,94.0,65.0,57.0,72.0
Student4461,90.0,64.0,74.0,76.0
Student4462,78.0,54.0,95.0,75.7
Student4463,unknown,55.0,51.0,53.0
Student4464,54.0,87.0,59.0,66.7
Student4465,60.0,52.0,73.0,61.7
Student4466,70.0,unknown,97.0,83.5
Student4467,84.0,61.0,65.0,70.0
Student4468,61.0,85.0,68.0,71.3
Student4469,75.0,82.0,80.0,79.0
Student4470,68.0,85.0,60.0,71.0
Student4471,94.0,82.0,unknown,88.0
Student4472,56.0,80.0,55.0,63.7
Student4473,96.0,70.0,81.0,82.3
Student4474,56.0,76.0,88.0,73.3
Student4475,75.0,76.0,97.0,82.7
Student4476,89.0,57.0,62.0,69.3
Student4477,54.0,86.0,52.0,64.0
Student4478,70.0,81.0,90.0,80.3
Student4479,63.0,75.0,unknown,69.0
Student4480,53.0,unknown,87.0,70.0
Student4481,72.0,61.0,unknown,66.5
Student4482,91.0,71.0,52.0,71.3
Student4483,69.0,66.0,83.0,72.7
Student4484,64.0,56.0,61.0,60.3
Student4485,99.0,92.0,73.0,88.0
Student4486,94.0,53.0,55.0,67.3
Student4487,78.0,86.0,91.0,85.0
Student4488,57.0,87.0,60.0,68.0
Student4489,90.0,81.0,97.0,89.3
Student4490,97.0,60.0,76.0,77.7
Student4491,68.0,50.0,97.0,71.7
Student4492,97.0,74.0,73.0,81.3
Student4493,88.0,91.0,67.0,82.0
Student4494,95.0,73.0,76.0,81.3
Student4495,unknown,92.0,90.0,91.0
Student4496,95.0,66.0,70.0,77.0
Student4497,76.0,57.0,83.0,72.0
Student4498,53.0,94.0,82.0,76.3
Student4499,64.0,76.0,97.0,79.0
Student4500,84.0,67.0,67.0,72.7
Student4501,86.0,76.0,52.0,71.3
Student4502,50.0,71.0,unknown,60.5
Student4503,52.0,65.0,50.0,55.7
Student4504,96.0,51.0,55.0,67.3
Student4505,73.0,54.0,68.0,65.0
Student4506,76.0,unknown,71.0,73.5
Student4507,unknown,52.0,92.0,72.0
Student4508,85.0,76.0,57.0,72.7
Student4509,83.0,66.0,unknown,74.5
Student4510,78.0,65.0,58.0,67.0
Student4511,73.0,55.0,96.0,74.7
Student4512,73.0,56.0,70.0,66.3
Student4513,91.0,99.0,77.0,89.0
Student4514,53.0,63.0,95.0,70.3
Student4515,52.0,87.0,53.0,64.0
Student4516,83.0,89.0,73.0,81.7
Student4517,98.0,64.0,57.0,73.0
Student4518,72.0,96.0,66.0,78.0
Student4519,72.0,96.0,83.0,83.7
Student4520,94.0,97.0,69.0,86.7
Student4521,54.0,82.0,65.0,67.0
Student4522,80.0,92.0,59.0,77.0
Student4523,90.0,76.0,83.0,83.0
Student4524,55.0,78.0,92.0,75.0
Student4525,86.0,86.0,59.0,77.0
Student4526,59.0,54.0,79.0,64.0
Student4527,unknown,unknown,79.0,79.0
Student4528,56.0,81.0,74.0,70.3
Student4529,88.0,55.0,95.0,79.3
Student4530,87.0,51.0,92.0,76.7
Student4531,70.0,55.0,90.0,71.7
Student4532,69.0,95.0,56.0,73.3
Student4533,52.0,92.0,96.0,80.0
Student4534,71.0,53.0,69.0,64.3
Student4535,96.0,78.0,66.0,80.0
Student4536,53.0,74.0,52.0,59.7
Student4537,77.0,58.0,96.0,77.0
Student4538,61.0,52.0,95.0,69.3
Student4539,87.0,75.0,89.0,83.7
Student4540,85.0,97.0,85.0,89.0
Student4541,96.0,92.0,75.0,87.7
Student4542,90.0,76.0,59.0,75.0
Student4543,54.0,unknown,83.0,68.5
Student4544,unknown,81.0,63.0,72.0
Student4545,72.0,50.0,57.0,59.7
Student4546,99.0,65.0,76.0,80.0
Student4547,79.0,97.0,59.0,78.3
Student4548,86.0,60.0,99.0,81.7
Student4549,74.0,75.0,64.0,71.0
Student4550,97.0,89.0,86.0,90.7
Student4551,76.0,50.0,71.0,65.7
Student4552,63.0,75.0,94.0,77.3
Student4553,unknown,77.0,99.0,88.0
Student4554,96.0,58.0,80.0,78.0
Student4555,unknown,93.0,51.0,72.0
Student4556,88.0,71.0,94.0,84.3
Student4557,65.0,57.0,80.0,67.3
Student4558,71.0,98.0,63.0,77.3
Student4559,70.0,91.0,59.0,73.3
Student4560,70.0,76.0,79.0,75.0
Student4561,57.0,88.0,85.0,76.7
Student4562,98.0,68.0,96.0,87.3
Student4563,unknown,74.0,89.0,81.5
Student4564,unknown,87.0,64.0,75.5
Student4565,91.0,70.0,63.0,74.7
Student4566,59.0,73.0,80.0,70.7
Student4567,81.0,73.0,unknown,77.0
Student4568,83.0,68.0,76.0,75.7
Student4569,58.0,99.0,70.0,75.7
Student4570,66.0,96.0,58.0,73.3
Student4571,60.0,51.0,69.0,60.0
Student4572,81.0,63.0,84.0,76.0
Student4573,59.0,81.0,64.0,68.0
Student4574,71.0,91.0,73.0,78.3
Student4575,66.0,81.0,98.0,81.7
Student4576,53.0,77.0,65.0,65.0
Student4577,97.0,97.0,85.0,93.0
Student4578,96.0,88.0,60.0,81.3
Student4579,74.0,89.0,57.0,73.3
Student4580,70.0,91.0,52.0,71.0
Student4581,86.0,96.0,68.0,83.3
Student4582,87.0,89.0,95.0,90.3
Student4583,98.0,62.0,90.0,83.3
Student4584,50.0,61.0,52.0,54.3
Student4585,74.0,57.0,85.0,72.0
Student4586,85.0,64.0,74.0,74.3
Student4587,66.0,75.0,85.0,75.3
Student4588,90.0,61.0,60.0,70.3
Student4589,73.0,92.0,65.0,76.7
Student4590,51.0,95.0,66.0,70.7
Student4591,89.0,76.0,91.0,85.3
Student4592,64.0,67.0,73.0,68.0
Student4593,81.0,94.0,66.0,80.3
Student4594,88.0,85.0,unknown,86.5
Student4595,55.0,98.0,69.0,74.0
Student4596,50.0,76.0,71.0,65.7
Student4597,96.0,58.0,55.0,69.7
Student4598,72.0,88.0,56.0,72.0
Student4599,88.0,50.0,63.0,67.0
Student4600,66.0,56.0,60.0,60.7
Student4601,83.0,75.0,61.0,73.0
Student4602,90.0,56.0,95.0,80.3
Student4603,78.0,56.0,54.0,62.7
Student4604,58.0,57.0,54.0,56.3
Student4605,62.0,65.0,69.0,65.3
Student4606,55.0,52.0,64.0,57.0
Student4607,55.0,94.0,75.0,74.7
Student4608,69.0,59.0,82.0,70.0
Student4609,52.0,99.0,79.0,76.7
Student4610,66.0,56.0,unknown,61.0
Student4611,98.0,70.0,72.0,80.0
Student4612,61.0,86.0,58.0,68.3
Student4613,97.0,80.0,52.0,76.3
Student4614,96.0,72.0,85.0,84.3
Student4615,94.0,76.0,97.0,89.0
Student4616,50.0,71.0,56.0,59.0
Student4617,66.0,88.0,71.0,75.0
Student4618,52.0,76.0,63.0,63.7
Student4619,75.0,98.0,97.0,90.0
Student4620,64.0,53.0,78.0,65.0
Student4621,85.0,73.0,99.0,85.7
Student4622,81.0,72.0,65.0,72.7
Student4623,81.0,97.0,97.0,91.7
Student4624,53.0,68.0,83.0,68.0
Student4625,67.0,91.0,59.0,72.3
Student4626,98.0,52.0,56.0,68.7
Student4627,68.0,76.0,74.0,72.7
Student4628,92.0,52.0,76.0,73.3
Student4629,84.0,77.0,64.0,75.0
Student4630,89.0,66.0,81.0,78.7
Student4631,63.0,80.0,77.0,73.3
Student4632,82.0,59.0,58.0,66.3
Student4633,unknown,98.0,56.0,77.0
Student4634,83.0,71.0,65.0,73.0
Student4635,53.0,unknown,75.0,64.0
Student4636,73.0,98.0,84.0,85.0
Student4637,78.0,70.0,66.0,71.3
Student4638,68.0,85.0,72.0,75.0
Student4639,55.0,72.0,57.0,61.3
Student4640,82.0,87.0,51.0,73.3
Student4641,98.0,unknown,80.0,89.0
Student4642,89.0,74.0,81.0,81.3
Student4643,68.0,69.0,78.0,71.7
Student4644,50.0,98.0,52.0,66.7
Student4645,54.0,98.0,57.0,69.7
Student4646,76.0,91.0,51.0,72.7
Student4647,65.0,56.0,80.0,67.0
Student4648,55.0,78.0,98.0,77.0
Student4649,89.0,97.0,86.0,90.7
Student4650,62.0,78.0,69.0,69.7
Student4651,97.0,62.0,78.0,79.0
Student4652,84.0,52.0,66.0,67.3
Student4653,68.0,51.0,59.0,59.3
Student4654,61.0,65.0,90.0,72.0
Student4655,65.0,79.0,71.0,71.7
Student4656,92.0,87.0,55.0,78.0
Student4657,59.0,55.0,92.0,68.7
Student4658,74.0,94.0,83.0,83.7
Student4659,unknown,56.0,80.0,68.0
Student4660,80.0,54.0,61.0,65.0
Student4661,53.0,56.0,61.0,56.7
Student4662,93.0,83.0,65.0,80.3
Student4663,72.0,81.0,unknown,76.5
Student4664,51.0,98.0,71.0,73.3
Student4665,71.0,62.0,76.0,69.7
Student4666,86.0,79.0,73.0,79.3
Student4667,57.0,74.0,61.0,64.0
Student4668,56.0,70.0,67.0,64.3
Student4669,63.0,unknown,94.0,78.5
Student4670,unknown,77.0,96.0,86.5
Student4671,99.0,unknown,65.0,82.0
Student4672,65.0,69.0,53.0,62.3
Student4673,68.0,83.0,61.0,70.7
Student4674,67.0,54.0,98.0,73.0
Student4675,65.0,67.0,82.0,71.3
Student4676,57.0,88.0,71.0,72.0
Student4677,82.0,92.0,67.0,80.3
Student4678,98.0,60.0,97.0,85.0
Student4679,61.0,66.0,unknown,63.5
Student4680,60.0,97.0,76.0,77.7
Student4681,54.0,94.0,91.0,79.7
Student4682,unknown,71.0,68.0,69.5
Student4683,61.0,86.0,97.0,81.3
Student4684,66.0,69.0,63.0,66.0
Student4685,55.0,97.0,74.0,75.3
Student4686,82.0,97.0,83.0,87.3
Student4687,54.0,97.0,73.0,74.7
Student4688,77.0,95.0,87.0,86.3
Student4689,63.0,55.0,72.0,63.3
Student4690,54.0,83.0,54.0,63.7
Student4691,82.0,63.0,93.0,79.3
Student4692,99.0,97.0,85.0,93.7
Student4693,97.0,72.0,73.0,80.7
Student4694,90.0,69.0,85.0,81.3
Student4695,68.0,62.0,54.0,61.3
Student4696,71.0,96.0,88.0,85.0
Student4697,54.0,93.0,55.0,67.3
Student4698,51.0,90.0,unknown,70.5
Student4699,79.0,81.0,85.0,81.7
Student4700,96.0,75.0,94.0,88.3
Student4701,unknown,unknown,53.0,53.0
Student4702,53.0,63.0,59.0,58.3
Student4703,82.0,85.0,50.0,72.3
Student4704,62.0,57.0,unknown,59.5
Student4705,69.0,89.0,89.0,82.3
Student4706,56.0,71.0,88.0,71.7
Student4707,64.0,71.0,86.0,73.7
Student4708,72.0,65.0,52.0,63.0
Student4709,63.0,unknown,96.0,79.5
Student4710,72.0,59.0,80.0,70.3
Student4711,68.0,74.0,76.0,72.7
Student4712,78.0,80.0,66.0,74.7
Student4713,69.0,unknown,72.0,70.5
Student4714,78.0,76.0,62.0,72.0
Student4715,73.0,66.0,96.0,78.3
Student4716,67.0,82.0,76.0,75.0
Student4717,59.0,80.0,69.0,69.3
Student4718,90.0,99.0,95.0,94.7
Student4719,57.0,91.0,62.0,70.0
Student4720,75.0,unknown,93.0,84.0
Student4721,78.0,unknown,73.0,75.5
Student4722,59.0,85.0,90.0,78.0
Student4723,66.0,50.0,52.0,56.0
Student4724,51.0,53.0,92.0,65.3
Student4725,55.0,53.0,59.0,55.7
Student4726,54.0,75.0,50.0,59.7
Student4727,77.0,53.0,98.0,76.0
Student4728,90.0,98.0,62.0,83.3
Student4729,54.0,58.0,63.0,58.3
Student4730,67.0,79.0,82.0,76.0
Student4731,75.0,94.0,51.0,73.3
Student4732,69.0,53.0,51.0,57.7
Student4733,90.0,54.0,88.0,77.3
Student4734,98.0,94.0,90.0,94.0
Student4735,76.0,72.0,80.0,76.0
Student4736,98.0,65.0,unknown,81.5
Student4737,61.0,71.0,83.0,71.7
Student4738,56.0,86.0,68.0,70.0
Student4739,52.0,57.0,86.0,65.0
Student4740,59.0,97.0,58.0,71.3
Student4741,83.0,82.0,73.0,79.3
Student4742,74.0,87.0,62.0,74.3
Student4743,84.0,unknown,unknown,84.0
Student4744,65.0,65.0,79.0,69.7
Student4745,51.0,54.0,68.0,57.7
Student4746,73.0,65.0,90.0,76.0
Student4747,59.0,56.0,59.0,58.0
Student4748,87.0,50.0,91.0,76.0
Student4749,71.0,58.0,93.0,74.0
Student4750,75.0,67.0,63.0,68.3
Student4751,92.0,94.0,89.0,91.7
Student4752,88.0,96.0,97.0,93.7
Student4753,76.0,52.0,98.0,75.3
Student4754,78.0,73.0,69.0,73.3
Student4755,96.0,77.0,53.0,75.3
Student4756,87.0,59.0,87.0,77.7
Student4757,69.0,58.0,93.0,73.3
Student4758,76.0,62.0,99.0,79.0
Student4759,90.0,97.0,88.0,91.7
Student4760,69.0,84.0,54.0,69.0
Student4761,93.0,72.0,91.0,85.3
Student4762,68.0,96.0,81.0,81.7
Student4763,69.0,66.0,55.0,63.3
Student4764,84.0,95.0,63.0,80.7
Student4765,96.0,56.0,55.0,69.0
Student4766,51.0,65.0,63.0,59.7
Student4767,79.0,89.0,61.0,76.3
Student4768,83.0,85.0,76.0,81.3
Student4769,71.0,69.0,75.0,71.7
Student4770,52.0,73.0,61.0,62.0
Student4771,55.0,96.0,57.0,69.3
Student4772,unknown,54.0,59.0,56.5
Student4773,76.0,94.0,65.0,78.3
Student4774,59.0,55.0,75.0,63.0
Student4775,58.0,77.0,57.0,64.0
Student4776,82.0,54.0,90.0,75.3
Student4777,81.0,98.0,94.0,91.0
Student4778,97.0,88.0,78.0,87.7
Student4779,55.0,87.0,69.0,70.3
Student4780,90.0,51.0,66.0,69.0
Student4781,85.0,92.0,68.0,81.7
Student4782,51.0,unknown,66.0,58.5
Student4783,78.0,70.0,88.0,78.7
Student4784,53.0,89.0,50.0,64.0
Student4785,50.0,86.0,78.0,71.3
Student4786,68.0,67.0,63.0,66.0
Student4787,unknown,97.0,66.0,81.5
Student4788,74.0,95.0,62.0,77.0
Student4789,59.0,61.0,78.0,66.0
Student4790,64.0,66.0,83.0,71.0
Student4791,71.0,86.0,76.0,77.7
Student4792,97.0,95.0,95.0,95.7
Student4793,70.0,87.0,82.0,79.7
Student4794,71.0,64.0,78.0,71.0
Student4795,85.0,56.0,86.0,75.7
Student4796,83.0,63.0,88.0,78.0
Student4797,79.0,99.0,68.0,82.0
Student4798,74.0,50.0,95.0,73.0
Student4799,94.0,87.0,73.0,84.7
Student4800,77.0,52.0,63.0,64.0
Student4801,50.0,86.0,96.0,77.3
Student4802,98.0,93.0,86.0,92.3
Student4803,94.0,80.0,54.0,76.0
Student4804,unknown,92.0,73.0,82.5
Student4805,56.0,62.0,83.0,67.0
Student4806,98.0,97.0,99.0,98.0
Student4807,58.0,67.0,80.0,68.3
Student4808,85.0,unknown,79.0,82.0
Student4809,unknown,66.0,58.0,62.0
Student4810,50.0,60.0,76.0,62.0
Student4811,59.0,69.0,77.0,68.3
Student4812,85.0,59.0,91.0,78.3
Student4813,58.0,78.0,75.0,70.3
Student4814,94.0,97.0,unknown,95.5
Student4815,95.0,83.0,85.0,87.7
Student4816,91.0,66.0,57.0,71.3
Student4817,81.0,91.0,67.0,79.7
Student4818,81.0,62.0,69.0,70.7
Student4819,55.0,93.0,81.0,76.3
Student4820,97.0,96.0,78.0,90.3
Student4821,unknown,88.0,98.0,93.0
Student4822,66.0,76.0,97.0,79.7
Student4823,59.0,75.0,67.0,67.0
Student4824,99.0,77.0,56.0,77.3
Student4825,76.0,62.0,50.0,62.7
Student4826,99.0,61.0,77.0,79.0
Student4827,84.0,93.0,82.0,86.3
Student4828,70.0,77.0,99.0,82.0
Student4829,74.0,51.0,53.0,59.3
Student4830,77.0,86.0,69.0,77.3
Student4831,96.0,83.0,85.0,88.0
Student4832,64.0,unknown,80.0,72.0
Student4833,53.0,94.0,87.0,78.0
Student4834,78.0,78.0,unknown,78.0
Student4835,58.0,84.0,52.0,64.7
Student4836,76.0,unknown,55.0,65.5
Student4837,75.0,97.0,94.0,88.7
Student4838,68.0,unknown,72.0,70.0
Student4839,77.0,60.0,56.0,64.3
Student4840,66.0,58.0,unknown,62.0
Student4841,92.0,63.0,50.0,68.3
Student4842,90.0,58.0,55.0,67.7
Student4843,91.0,88.0,73.0,84.0
Student4844,99.0,97.0,unknown,98.0
Student4845,unknown,52.0,94.0,73.0
Student4846,94.0,78.0,85.0,85.7
Student4847,89.0,68.0,73.0,76.7
Student4848,88.0,unknown,87.0,87.5
Student4849,98.0,81.0,94.0,91.0
Student4850,72.0,56.0,78.0,68.7
Student4851,96.0,77.0,86.0,86.3
Student4852,81.0,93.0,94.0,89.3
Student4853,96.0,67.0,81.0,81.3
Student4854,unknown,54.0,74.0,64.0
Student4855,95.0,72.0,59.0,75.3
Student4856,54.0,71.0,84.0,69.7
Student4857,92.0,75.0,74.0,80.3
Student4858,97.0,91.0,76.0,88.0
Student4859,83.0,61.0,94.0,79.3
Student4860,89.0,89.0,81.0,86.3
Student4861,60.0,68.0,61.0,63.0
Student4862,99.0,96.0,53.0,82.7
Student4863,52.0,50.0,91.0,64.3
Student4864,82.0,52.0,75.0,69.7
Student4865,60.0,76.0,52.0,62.7
Student4866,65.0,67.0,66.0,66.0
Student4867,67.0,99.0,58.0,74.7
Student4868,79.0,79.0,78.0,78.7
Student4869,97.0,51.0,50.0,66.0
Student4870,59.0,54.0,67.0,60.0
Student4871,67.0,78.0,90.0,78.3
Student4872,87.0,82.0,69.0,79.3
Student4873,68.0,91.0,90.0,83.0
Student4874,85.0,69.0,83.0,79.0
Student4875,62.0,79.0,77.0,72.7
Student4876,95.0,91.0,97.0,94.3
Student4877,52.0,54.0,84.0,63.3
Student4878,59.0,99.0,65.0,74.3
Student4879,87.0,70.0,70.0,75.7
Student4880,50.0,64.0,62.0,58.7
Student4881,76.0,69.0,84.0,76.3
Student4882,95.0,57.0,91.0,81.0
Student4883,57.0,98.0,81.0,78.7
Student4884,95.0,80.0,99.0,91.3
Student4885,91.0,61.0,87.0,79.7
Student4886,66.0,70.0,55.0,63.7
Student4887,58.0,79.0,99.0,78.7
Student4888,55.0,76.0,87.0,72.7
Student4889,92.0,93.0,87.0,90.7
Student4890,unknown,75.0,62.0,68.5
Student4891,88.0,82.0,95.0,88.3
Student4892,98.0,unknown,88.0,93.0
Student4893,unknown,75.0,62.0,68.5
Student4894,82.0,85.0,96.0,87.7
Student4895,86.0,89.0,61.0,78.7
Student4896,58.0,50.0,82.0,63.3
Student4897,67.0,64.0,77.0,69.3
Student4898,70.0,99.0,52.0,73.7
Student4899,51.0,50.0,67.0,56.0
Student4900,92.0,60.0,75.0,75.7
Student4901,87.0,51.0,89.0,75.7
Student4902,89.0,unknown,51.0,70.0
Student4903,85.0,80.0,unknown,82.5
Student4904,99.0,93.0,unknown,96.0
Student4905,92.0,65.0,77.0,78.0
Student4906,86.0,71.0,77.0,78.0
Student4907,64.0,unknown,74.0,69.0
Student4908,77.0,67.0,75.0,73.0
Student4909,67.0,96.0,94.0,85.7
Student4910,83.0,66.0,96.0,81.7
Student4911,71.0,79.0,51.0,67.0
Student4912,60.0,59.0,91.0,70.0
Student4913,62.0,84.0,83.0,76.3
Student4914,53.0,70.0,79.0,67.3
Student4915,71.0,65.0,unknown,68.0
Student4916,unknown,55.0,93.0,74.0
Student4917,92.0,52.0,86.0,76.7
Student4918,73.0,90.0,93.0,85.3
Student4919,53.0,92.0,72.0,72.3
Student4920,77.0,70.0,82.0,76.3
Student4921,unknown,62.0,51.0,56.5
Student4922,50.0,67.0,76.0,64.3
Student4923,52.0,73.0,97.0,74.0
Student4924,63.0,76.0,71.0,70.0
Student4925,87.0,53.0,83.0,74.3
Student4926,99.0,71.0,65.0,78.3
Student4927,50.0,73.0,69.0,64.0
Student4928,87.0,89.0,unknown,88.0
Student4929,87.0,94.0,65.0,82.0
Student4930,70.0,59.0,55.0,61.3
Student4931,97.0,51.0,94.0,80.7
Student4932,78.0,89.0,93.0,86.7
Student4933,54.0,55.0,72.0,60.3
Student4934,98.0,97.0,91.0,95.3
Student4935,59.0,unknown,86.0,72.5
Student4936,77.0,66.0,57.0,66.7
Student4937,70.0,87.0,55.0,70.7
Student4938,99.0,94.0,86.0,93.0
Student4939,56.0,unknown,71.0,63.5
Student4940,52.0,95.0,55.0,67.3
Student4941,94.0,79.0,81.0,84.7
Student4942,unknown,70.0,66.0,68.0
Student4943,69.0,59.0,87.0,71.7
Student4944,68.0,92.0,66.0,75.3
Student4945,84.0,62.0,unknown,73.0
Student4946,53.0,61.0,72.0,62.0
Student4947,54.0,58.0,98.0,70.0
Student4948,50.0,53.0,98.0,67.0
Student4949,53.0,88.0,62.0,67.7
Student4950,61.0,unknown,unknown,61.0
Student4951,76.0,83.0,71.0,76.7
Student4952,91.0,unknown,56.0,73.5
Student4953,unknown,90.0,71.0,80.5
Student4954,74.0,54.0,70.0,66.0
Student4955,70.0,64.0,55.0,63.0
Student4956,73.0,99.0,63.0,78.3
Student4957,unknown,53.0,65.0,59.0
Student4958,94.0,88.0,52.0,78.0
Student4959,95.0,57.0,58.0,70.0
Student4960,81.0,98.0,96.0,91.7
Student4961,81.0,94.0,70.0,81.7
Student4962,54.0,unknown,unknown,54.0
Student4963,85.0,77.0,79.0,80.3
Student4964,95.0,92.0,79.0,88.7
Student4965,91.0,76.0,91.0,86.0
Student4966,98.0,50.0,91.0,79.7
Student4967,91.0,83.0,81.0,85.0
Student4968,88.0,66.0,72.0,75.3
Student4969,65.0,86.0,52.0,67.7
Student4970,82.0,87.0,50.0,73.0
Student4971,98.0,75.0,52.0,75.0
Student4972,70.0,73.0,86.0,76.3
Student4973,58.0,88.0,56.0,67.3
Student4974,55.0,70.0,52.0,59.0
Student4975,94.0,79.0,85.0,86.0
Student4976,84.0,96.0,98.0,92.7
Student4977,88.0,97.0,52.0,79.0
Student4978,71.0,62.0,53.0,62.0
Student4979,unknown,86.0,80.0,83.0
Student4980,54.0,52.0,51.0,52.3
Student4981,91.0,81.0,63.0,78.3
Student4982,72.0,84.0,86.0,80.7
Student4983,unknown,68.0,80.0,74.0
Student4984,61.0,63.0,51.0,58.3
Student4985,72.0,97.0,80.0,83.0
Student4986,65.0,71.0,96.0,77.3
Student4987,52.0,66.0,92.0,70.0
Student4988,79.0,53.0,71.0,67.7
Student4989,71.0,94.0,59.0,74.7
Student4990,58.0,89.0,79.0,75.3
Student4991,78.0,68.0,82.0,76.0
Student4992,96.0,86.0,68.0,83.3
Student4993,86.0,51.0,95.0,77.3
Student4994,72.0,64.0,74.0,70.0
Student4995,62.0,51.0,95.0,69.3
Student4996,81.0,60.0,50.0,63.7
Student4997,95.0,94.0,81.0,90.0
Student4998,96.0,72.0,74.0,80.7
Student4999,97.0,59.0,90.0,82.0
Student5000,72.0,52.0,66.0,63.3
Student5001,unknown,54.0,63.0,58.5
Student5002,66.0,52.0,94.0,70.7
Student5003,89.0,87.0,62.0,79.3
Student5004,unknown,62.0,87.0,74.5
Student5005,51.0,91.0,88.0,76.7
Student5006,86.0,68.0,51.0,68.3
Student5007,55.0,89.0,81.0,75.0
Student5008,93.0,99.0,81.0,91.0
Student5009,67.0,84.0,89.0,80.0
Student5010,79.0,73.0,55.0,69.0
Student5011,71.0,73.0,74.0,72.7
Student5012,82.0,66.0,52.0,66.7
Student5013,79.0,89.0,67.0,78.3
Student5014,66.0,59.0,99.0,74.7
Student5015,92.0,51.0,87.0,76.7
Student5016,81.0,93.0,92.0,88.7
Student5017,91.0,72.0,52.0,71.7
Student5018,63.0,55.0,97.0,71.7
Student5019,59.0,51.0,54.0,54.7
Student5020,96.0,70.0,73.0,79.7
Student5021,85.0,84.0,83.0,84.0
Student5022,83.0,98.0,96.0,92.3
Student5023,58.0,78.0,97.0,77.7
Student5024,unknown,56.0,88.0,72.0
Student5025,77.0,78.0,97.0,84.0
Student5026,60.0,86.0,73.0,73.0
Student5027,63.0,72.0,unknown,67.5
Student5028,88.0,82.0,77.0,82.3
Student5029,96.0,57.0,97.0,83.3
Student5030,68.0,61.0,98.0,75.7
Student5031,64.0,95.0,83.0,80.7
Student5032,77.0,97.0,65.0,79.7
Student5033,73.0,59.0,85.0,72.3
Student5034,57.0,64.0,56.0,59.0
Student5035,92.0,73.0,67.0,77.3
Student5036,58.0,75.0,55.0,62.7
Student5037,96.0,96.0,99.0,97.0
Student5038,82.0,91.0,77.0,83.3
Student5039,82.0,88.0,88.0,86.0
Student5040,unknown,52.0,83.0,67.5
Student5041,52.0,51.0,90.0,64.3
Student5042,59.0,55.0,78.0,64.0
Student5043,89.0,70.0,53.0,70.7
Student5044,96.0,58.0,63.0,72.3
Student5045,91.0,59.0,54.0,68.0
Student5046,50.0,85.0,74.0,69.7
Student5047,78.0,52.0,88.0,72.7
Student5048,99.0,90.0,57.0,82.0
Student5049,83.0,73.0,64.0,73.3
Student5050,62.0,71.0,unknown,66.5
Student5051,unknown,98.0,60.0,79.0
Student5052,83.0,63.0,69.0,71.7
Student5053,78.0,91.0,85.0,84.7
Student5054,97.0,unknown,67.0,82.0
Student5055,96.0,93.0,63.0,84.0
Student5056,62.0,76.0,87.0,75.0
Student5057,97.0,82.0,74.0,84.3
Student5058,98.0,71.0,65.0,78.0
Student5059,78.0,78.0,67.0,74.3
Student5060,88.0,68.0,50.0,68.7
Student5061,73.0,68.0,89.0,76.7
Student5062,75.0,55.0,50.0,60.0
Student5063,66.0,unknown,50.0,58.0
Student5064,56.0,68.0,70.0,64.7
Student5065,62.0,62.0,74.0,66.0
Student5066,54.0,75.0,76.0,68.3
Student5067,75.0,71.0,59.0,68.3
Student5068,unknown,70.0,unknown,70.0
Student5069,52.0,85.0,61.0,66.0
Student5070,56.0,51.0,77.0,61.3
Student5071,98.0,unknown,98.0,98.0
Student5072,88.0,93.0,81.0,87.3
Student5073,50.0,79.0,82.0,70.3
Student5074,98.0,76.0,57.0,77.0
Student5075,66.0,56.0,91.0,71.0
Student5076,92.0,69.0,75.0,78.7
Student5077,74.0,99.0,91.0,88.0
Student5078,52.0,80.0,99.0,77.0
Student5079,64.0,72.0,90.0,75.3
Student5080,78.0,62.0,51.0,63.7
Student5081,92.0,unknown,84.0,88.0
Student5082,81.0,53.0,83.0,72.3
Student5083,75.0,unknown,55.0,65.0
Student5084,65.0,69.0,80.0,71.3
Student5085,74.0,62.0,72.0,69.3
Student5086,unknown,52.0,61.0,56.5
Student5087,58.0,75.0,77.0,70.0
Student5088,50.0,75.0,64.0,63.0
Student5089,78.0,67.0,68.0,71.0
Student5090,71.0,81.0,61.0,71.0
Student5091,65.0,63.0,99.0,75.7
Student5092,90.0,96.0,97.0,94.3
Student5093,93.0,52.0,51.0,65.3
Student5094,90.0,50.0,60.0,66.7
Student5095,56.0,75.0,93.0,74.7
Student5096,63.0,73.0,unknown,68.0
Student5097,unknown,98.0,87.0,92.5
Student5098,68.0,84.0,74.0,75.3
Student5099,68.0,63.0,92.0,74.3
Student5100,51.0,52.0,70.0,57.7
Student5101,90.0,62.0,91.0,81.0
Student5102,94.0,96.0,85.0,91.7
Student5103,64.0,99.0,58.0,73.7
Student5104,52.0,63.0,61.0,58.7
Student5105,60.0,70.0,59.0,63.0
Student5106,95.0,unknown,95.0,95.0
Student5107,79.0,52.0,54.0,61.7
Student5108,unknown,89.0,82.0,85.5
Student5109,67.0,53.0,54.0,58.0
Student5110,97.0,85.0,65.0,82.3
Student5111,51.0,92.0,86.0,76.3
Student5112,unknown,50.0,86.0,68.0
Student5113,57.0,89.0,78.0,74.7
Student5114,71.0,96.0,67.0,78.0
Student5115,55.0,82.0,78.0,71.7
Student5116,61.0,56.0,55.0,57.3
Student5117,96.0,60.0,67.0,74.3
Student5118,89.0,76.0,81.0,82.0
Student5119,85.0,63.0,91.0,79.7
Student5120,64.0,71.0,96.0,77.0
Student5121,77.0,65.0,80.0,74.0
Student5122,98.0,95.0,unknown,96.5
Student5123,94.0,61.0,75.0,76.7
Student5124,67.0,98.0,unknown,82.5
Student5125,51.0,95.0,76.0,74.0
Student5126,62.0,59.0,68.0,63.0
Student5127,94.0,73.0,unknown,83.5
Student5128,64.0,95.0,76.0,78.3
Student5129,69.0,67.0,69.0,68.3
Student5130,78.0,71.0,52.0,67.0
Student5131,91.0,58.0,65.0,71.3
Student5132,78.0,66.0,88.0,77.3
Student5133,52.0,87.0,93.0,77.3
Student5134,68.0,89.0,78.0,78.3
Student5135,52.0,62.0,64.0,59.3
Student5136,63.0,99.0,79.0,80.3
Student5137,89.0,86.0,89.0,88.0
Student5138,53.0,55.0,98.0,68.7
Student5139,unknown,70.0,50.0,60.0
Student5140,unknown,85.0,unknown,85.0
Student5141,92.0,56.0,79.0,75.7
Student5142,81.0,85.0,89.0,85.0
Student5143,76.0,74.0,95.0,81.7
Student5144,unknown,60.0,81.0,70.5
Student5145,92.0,93.0,59.0,81.3
Student5146,51.0,63.0,76.0,63.3
Student5147,98.0,94.0,57.0,83.0
Student5148,unknown,78.0,85.0,81.5
Student5149,77.0,59.0,91.0,75.7
Student5150,80.0,99.0,84.0,87.7
Student5151,83.0,97.0,unknown,90.0
Student5152,64.0,54.0,97.0,71.7
Student5153,97.0,57.0,unknown,77.0
Student5154,74.0,95.0,74.0,81.0
Student5155,85.0,54.0,69.0,69.3
Student5156,unknown,73.0,94.0,83.5
Student5157,58.0,89.0,66.0,71.0
Student5158,86.0,75.0,72.0,77.7
Student5159,97.0,55.0,74.0,75.3
Student5160,94.0,65.0,97.0,85.3
Student5161,88.0,85.0,98.0,90.3
Student5162,81.0,61.0,80.0,74.0
Student5163,66.0,60.0,55.0,60.3
Student5164,84.0,52.0,84.0,73.3
Student5165,86.0,93.0,53.0,77.3
Student5166,68.0,86.0,89.0,81.0
Student5167,93.0,55.0,69.0,72.3
Student5168,78.0,68.0,90.0,78.7
Student5169,unknown,67.0,50.0,58.5
Student5170,77.0,65.0,94.0,78.7
Student5171,58.0,72.0,75.0,68.3
Student5172,77.0,92.0,83.0,84.0
Student5173,55.0,86.0,59.0,66.7
Student5174,78.0,58.0,72.0,69.3
Student5175,66.0,52.0,98.0,72.0
Student5176,65.0,57.0,73.0,65.0
Student5177,72.0,87.0,62.0,73.7
Student5178,80.0,53.0,78.0,70.3
Student5179,52.0,61.0,95.0,69.3
Student5180,70.0,unknown,76.0,73.0
Student5181,unknown,80.0,80.0,80.0
Student5182,85.0,74.0,92.0,83.7
Student5183,91.0,65.0,59.0,71.7
Student5184,86.0,91.0,80.0,85.7
Student5185,71.0,63.0,88.0,74.0
Student5186,91.0,62.0,59.0,70.7
Student5187,61.0,90.0,73.0,74.7
Student5188,91.0,56.0,82.0,76.3
Student5189,62.0,unknown,63.0,62.5
Student5190,60.0,86.0,84.0,76.7
Student5191,65.0,99.0,94.0,86.0
Student5192,57.0,53.0,83.0,64.3
Student5193,89.0,51.0,66.0,68.7
Student5194,89.0,84.0,70.0,81.0
Student5195,94.0,93.0,81.0,89.3
Student5196,51.0,52.0,52.0,51.7
Student5197,79.0,53.0,64.0,65.3
Student5198,79.0,87.0,57.0,74.3
Student5199,61.0,61.0,81.0,67.7
Student5200,59.0,68.0,87.0,71.3
Student5201,93.0,59.0,75.0,75.7
Student5202,60.0,50.0,79.0,63.0
Student5203,64.0,66.0,58.0,62.7
Student5204,65.0,65.0,81.0,70.3
Student5205,66.0,58.0,60.0,61.3
Student5206,75.0,58.0,71.0,68.0
Student5207,51.0,58.0,83.0,64.0
Student5208,99.0,61.0,90.0,83.3
Student5209,61.0,90.0,67.0,72.7
Student5210,75.0,64.0,68.0,69.0
Student5211,72.0,51.0,67.0,63.3
Student5212,67.0,60.0,86.0,71.0
Student5213,81.0,60.0,67.0,69.3
Student5214,98.0,unknown,61.0,79.5
Student5215,87.0,81.0,53.0,73.7
Student5216,96.0,55.0,96.0,82.3
Student5217,52.0,69.0,92.0,71.0
Student5218,87.0,88.0,76.0,83.7
Student5219,52.0,84.0,unknown,68.0
Student5220,79.0,57.0,55.0,63.7
Student5221,50.0,99.0,62.0,70.3
Student5222,79.0,unknown,72.0,75.5
Student5223,94.0,92.0,unknown,93.0
Student5224,81.0,83.0,74.0,79.3
Student5225,77.0,68.0,95.0,80.0
Student5226,70.0,56.0,53.0,59.7
Student5227,95.0,80.0,81.0,85.3
Student5228,62.0,67.0,93.0,74.0
Student5229,76.0,89.0,64.0,76.3
Student5230,85.0,63.0,75.0,74.3
Student5231,56.0,88.0,91.0,78.3
Student5232,71.0,85.0,unknown,78.0
Student5233,59.0,66.0,58.0,61.0
Student5234,88.0,86.0,60.0,78.0
Student5235,64.0,93.0,51.0,69.3
Student5236,64.0,58.0,94.0,72.0
Student5237,53.0,69.0,unknown,61.0
Student5238,81.0,94.0,75.0,83.3
Student5239,unknown,77.0,57.0,67.0
Student5240,55.0,99.0,70.0,74.7
Student5241,73.0,69.0,70.0,70.7
Student5242,69.0,90.0,57.0,72.0
Student5243,86.0,85.0,50.0,73.7
Student5244,69.0,76.0,87.0,77.3
Student5245,61.0,57.0,62.0,60.0
Student5246,82.0,81.0,58.0,73.7
Student5247,77.0,50.0,77.0,68.0
Student5248,57.0,66.0,55.0,59.3
Student5249,50.0,58.0,96.0,68.0
Student5250,86.0,69.0,72.0,75.7
Student5251,71.0,94.0,97.0,87.3
Student5252,55.0,81.0,85.0,73.7
Student5253,70.0,51.0,66.0,62.3
Student5254,81.0,81.0,unknown,81.0
Student5255,84.0,94.0,61.0,79.7
Student5256,64.0,58.0,71.0,64.3
Student5257,54.0,79.0,61.0,64.7
Student5258,95.0,69.0,55.0,73.0
Student5259,99.0,87.0,93.0,93.0
Student5260,97.0,50.0,58.0,68.3
Student5261,55.0,unknown,86.0,70.5
Student5262,74.0,84.0,52.0,70.0
Student5263,95.0,85.0,unknown,90.0
Student5264,89.0,50.0,57.0,65.3
Student5265,78.0,63.0,59.0,66.7
Student5266,56.0,58.0,96.0,70.0
Student5267,89.0,79.0,90.0,86.0
Student5268,62.0,73.0,91.0,75.3
Student5269,87.0,53.0,92.0,77.3
Student5270,67.0,99.0,unknown,83.0
Student5271,51.0,63.0,63.0,59.0
Student5272,57.0,74.0,86.0,72.3
Student5273,60.0,53.0,76.0,63.0
Student5274,82.0,74.0,90.0,82.0
Student5275,87.0,59.0,81.0,75.7
Student5276,97.0,84.0,53.0,78.0
Student5277,76.0,56.0,51.0,61.0
Student5278,69.0,91.0,82.0,80.7
Student5279,61.0,62.0,70.0,64.3
Student5280,unknown,53.0,50.0,51.5
Student5281,unknown,99.0,93.0,96.0
Student5282,76.0,92.0,60.0,76.0
Student5283,81.0,85.0,50.0,72.0
Student5284,59.0,63.0,95.0,72.3
Student5285,52.0,67.0,60.0,59.7
Student5286,94.0,57.0,56.0,69.0
Student5287,76.0,81.0,unknown,78.5
Student5288,84.0,76.0,64.0,74.7
Student5289,80.0,91.0,57.0,76.0
Student5290,64.0,86.0,96.0,82.0
Student5291,65.0,72.0,75.0,70.7
Student5292,62.0,56.0,89.0,69.0
Student5293,98.0,61.0,91.0,83.3
Student5294,84.0,74.0,84.0,80.7
Student5295,60.0,52.0,95.0,69.0
Student5296,70.0,unknown,90.0,80.0
Student5297,60.0,53.0,90.0,67.7
Student5298,79.0,91.0,70.0,80.0
Student5299,97.0,85.0,87.0,89.7
Student5300,84.0,64.0,57.0,68.3
Student5301,71.0,81.0,92.0,81.3
Student5302,87.0,78.0,unknown,82.5
Student5303,80.0,59.0,57.0,65.3
Student5304,63.0,70.0,93.0,75.3
Student5305,73.0,unknown,59.0,66.0
Student5306,99.0,96.0,72.0,89.0
Student5307,98.0,68.0,53.0,73.0
Student5308,81.0,78.0,97.0,85.3
Student5309,85.0,67.0,87.0,79.7
Student5310,81.0,93.0,79.0,84.3
Student5311,unknown,65.0,90.0,77.5
Student5312,92.0,50.0,72.0,71.3
Student5313,84.0,97.0,54.0,78.3
Student5314,unknown,51.0,70.0,60.5
Student5315,65.0,unknown,55.0,60.0
Student5316,54.0,88.0,98.0,80.0
Student5317,70.0,77.0,66.0,71.0
Student5318,59.0,50.0,74.0,61.0
Student5319,68.0,54.0,73.0,65.0
Student5320,74.0,91.0,71.0,78.7
Student5321,53.0,71.0,62.0,62.0
Student5322,78.0,85.0,66.0,76.3
Student5323,68.0,95.0,63.0,75.3
Student5324,92.0,62.0,83.0,79.0
Student5325,51.0,50.0,75.0,58.7
Student5326,unknown,65.0,unknown,65.0
Student5327,92.0,90.0,75.0,85.7
Student5328,74.0,unknown,52.0,63.0
Student5329,69.0,81.0,51.0,67.0
Student5330,97.0,65.0,77.0,79.7
Student5331,68.0,64.0,51.0,61.0
Student5332,72.0,95.0,71.0,79.3
Student5333,73.0,91.0,56.0,73.3
Student5334,60.0,61.0,53.0,58.0
Student5335,95.0,50.0,98.0,81.0
Student5336,83.0,66.0,87.0,78.7
Student5337,77.0,90.0,88.0,85.0
Student5338,54.0,99.0,69.0,74.0
Student5339,54.0,77.0,55.0,62.0
Student5340,70.0,56.0,58.0,61.3
Student5341,61.0,58.0,80.0,66.3
Student5342,99.0,71.0,75.0,81.7
Student5343,53.0,75.0,85.0,71.0
Student5344,98.0,61.0,75.0,78.0
Student5345,91.0,56.0,77.0,74.7
Student5346,69.0,95.0,54.0,72.7
Student5347,87.0,96.0,59.0,80.7
Student5348,74.0,64.0,unknown,69.0
Student5349,63.0,87.0,64.0,71.3
Student5350,60.0,70.0,82.0,70.7
Student5351,81.0,63.0,54.0,66.0
Student5352,60.0,51.0,86.0,65.7
Student5353,67.0,57.0,89.0,71.0
Student5354,76.0,94.0,71.0,80.3
Student5355,67.0,55.0,71.0,64.3
Student5356,unknown,86.0,71.0,78.5
Student5357,60.0,86.0,64.0,70.0
Student5358,70.0,82.0,66.0,72.7
Student5359,93.0,90.0,94.0,92.3
Student5360,54.0,55.0,77.0,62.0
Student5361,72.0,75.0,71.0,72.7
Student5362,90.0,88.0,70.0,82.7
Student5363,74.0,90.0,91.0,85.0
Student5364,90.0,86.0,66.0,80.7
Student5365,59.0,63.0,54.0,58.7
Student5366,71.0,86.0,67.0,74.7
Student5367,68.0,57.0,66.0,63.7
Student5368,50.0,88.0,53.0,63.7
Student5369,56.0,62.0,56.0,58.0
Student5370,53.0,62.0,74.0,63.0
Student5371,50.0,89.0,86.0,75.0
Student5372,64.0,92.0,89.0,81.7
Student5373,89.0,77.0,unknown,83.0
Student5374,61.0,67.0,unknown,64.0
Student5375,71.0,68.0,58.0,65.7
Student5376,71.0,87.0,unknown,79.0
Student5377,99.0,81.0,58.0,79.3
Student5378,96.0,71.0,72.0,79.7
Student5379,unknown,51.0,80.0,65.5
Student5380,78.0,62.0,81.0,73.7
Student5381,95.0,72.0,80.0,82.3
Student5382,63.0,unknown,66.0,64.5
Student5383,99.0,77.0,97.0,91.0
Student5384,69.0,unknown,88.0,78.5
Student5385,99.0,82.0,71.0,84.0
Student5386,97.0,73.0,84.0,84.7
Student5387,82.0,51.0,79.0,70.7
Student5388,92.0,79.0,89.0,86.7
Student5389,64.0,66.0,86.0,72.0
Student5390,61.0,89.0,75.0,75.0
Student5391,89.0,83.0,55.0,75.7
Student5392,69.0,87.0,83.0,79.7
Student5393,79.0,71.0,81.0,77.0
Student5394,87.0,54.0,74.0,71.7
Student5395,52.0,97.0,62.0,70.3
Student5396,77.0,89.0,87.0,84.3
Student5397,75.0,65.0,87.0,75.7
Student5398,79.0,62.0,51.0,64.0
Student5399,62.0,75.0,54.0,63.7
Student5400,62.0,80.0,60.0,67.3
Student5401,51.0,88.0,unknown,69.5
Student5402,86.0,unknown,73.0,79.5
Student5403,98.0,72.0,63.0,77.7
Student5404,87.0,unknown,94.0,90.5
Student5405,51.0,61.0,unknown,56.0
Student5406,85.0,63.0,89.0,79.0
Student5407,75.0,67.0,96.0,79.3
Student5408,60.0,76.0,93.0,76.3
Student5409,57.0,77.0,84.0,72.7
Student5410,unknown,67.0,70.0,68.5
Student5411,89.0,65.0,54.0,69.3
Student5412,92.0,65.0,unknown,78.5
Student5413,71.0,62.0,51.0,61.3
Student5414,unknown,78.0,89.0,83.5
Student5415,57.0,58.0,86.0,67.0
Student5416,78.0,75.0,98.0,83.7
Student5417,89.0,77.0,83.0,83.0
Student5418,75.0,90.0,60.0,75.0
Student5419,79.0,62.0,85.0,75.3
Student5420,66.0,85.0,60.0,70.3
Student5421,69.0,58.0,58.0,61.7
Student5422,unknown,96.0,55.0,75.5
Student5423,95.0,63.0,83.0,80.3
Student5424,92.0,61.0,96.0,83.0
Student5425,56.0,81.0,86.0,74.3
Student5426,65.0,87.0,81.0,77.7
Student5427,94.0,52.0,61.0,69.0
Student5428,96.0,65.0,unknown,80.5
Student5429,97.0,69.0,81.0,82.3
Student5430,76.0,81.0,66.0,74.3
Student5431,72.0,72.0,53.0,65.7
Student5432,73.0,66.0,91.0,76.7
Student5433,58.0,65.0,82.0,68.3
Student5434,84.0,87.0,92.0,87.7
Student5435,69.0,57.0,97.0,74.3
Student5436,86.0,68.0,92.0,82.0
Student5437,91.0,79.0,58.0,76.0
Student5438,66.0,83.0,83.0,77.3
Student5439,96.0,unknown,88.0,92.0
Student5440,80.0,unknown,79.0,79.5
Student5441,57.0,93.0,99.0,83.0
Student5442,64.0,66.0,69.0,66.3
Student5443,unknown,64.0,88.0,76.0
Student5444,79.0,99.0,72.0,83.3
Student5445,95.0,97.0,90.0,94.0
Student5446,69.0,81.0,93.0,81.0
Student5447,88.0,unknown,84.0,86.0
Student5448,61.0,unknown,72.0,66.5
Student5449,98.0,98.0,97.0,97.7
Student5450,66.0,89.0,88.0,81.0
Student5451,91.0,82.0,72.0,81.7
Student5452,79.0,76.0,86.0,80.3
Student5453,78.0,84.0,72.0,78.0
Student5454,68.0,65.0,88.0,73.7
Student5455,95.0,77.0,77.0,83.0
Student5456,60.0,83.0,unknown,71.5
Student5457,83.0,unknown,unknown,83.0
Student5458,99.0,50.0,97.0,82.0
Student5459,56.0,90.0,79.0,75.0
Student5460,93.0,97.0,70.0,86.7
Student5461,83.0,80.0,73.0,78.7
Student5462,69.0,unknown,70.0,69.5
Student5463,99.0,93.0,75.0,89.0
Student5464,87.0,82.0,99.0,89.3
Student5465,unknown,82.0,85.0,83.5
Student5466,59.0,88.0,75.0,74.0
Student5467,81.0,67.0,82.0,76.7
Student5468,64.0,72.0,85.0,73.7
Student5469,86.0,72.0,53.0,70.3
Student5470,69.0,64.0,58.0,63.7
Student5471,52.0,75.0,57.0,61.3
Student5472,86.0,79.0,51.0,72.0
Student5473,89.0,74.0,78.0,80.3
Student5474,57.0,94.0,72.0,74.3
Student5475,89.0,65.0,55.0,69.7
Student5476,93.0,88.0,92.0,91.0
Student5477,72.0,97.0,85.0,84.7
Student5478,89.0,94.0,95.0,92.7
Student5479,60.0,63.0,70.0,64.3
Student5480,95.0,66.0,71.0,77.3
Student5481,57.0,61.0,58.0,58.7
Student5482,78.0,78.0,83.0,79.7
Student5483,79.0,unknown,75.0,77.0
Student5484,59.0,73.0,50.0,60.7
Student5485,88.0,62.0,85.0,78.3
Student5486,77.0,69.0,93.0,79.7
Student5487,98.0,64.0,54.0,72.0
Student5488,85.0,53.0,90.0,76.0
Student5489,62.0,83.0,71.0,72.0
Student5490,81.0,77.0,53.0,70.3
Student5491,85.0,99.0,97.0,93.7
Student5492,unknown,51.0,51.0,51.0
Student5493,75.0,96.0,65.0,78.7
Student5494,71.0,unknown,65.0,68.0
Student5495,53.0,75.0,71.0,66.3
Student5496,80.0,96.0,92.0,89.3
Student5497,67.0,75.0,50.0,64.0
Student5498,87.0,69.0,64.0,73.3
Student5499,73.0,91.0,73.0,79.0
Student5500,72.0,77.0,53.0,67.3
Student5501,71.0,69.0,67.0,69.0
Student5502,51.0,60.0,66.0,59.0
Student5503,80.0,59.0,56.0,65.0
Student5504,60.0,72.0,99.0,77.0
Student5505,77.0,86.0,94.0,85.7
Student5506,95.0,90.0,59.0,81.3
Student5507,81.0,68.0,50.0,66.3
Student5508,unknown,94.0,51.0,72.5
Student5509,87.0,67.0,98.0,84.0
Student5510,59.0,98.0,71.0,76.0
Student5511,89.0,76.0,81.0,82.0
Student5512,95.0,55.0,unknown,75.0
Student5513,73.0,59.0,84.0,72.0
Student5514,84.0,51.0,66.0,67.0
Student5515,93.0,73.0,61.0,75.7
Student5516,97.0,87.0,73.0,85.7
Student5517,72.0,77.0,79.0,76.0
Student5518,66.0,unknown,93.0,79.5
Student5519,50.0,94.0,79.0,74.3
Student5520,80.0,99.0,69.0,82.7
Student5521,80.0,88.0,91.0,86.3
Student5522,91.0,51.0,56.0,66.0
Student5523,91.0,95.0,91.0,92.3
Student5524,83.0,54.0,unknown,68.5
Student5525,58.0,99.0,87.0,81.3
Student5526,71.0,60.0,56.0,62.3
Student5527,62.0,59.0,98.0,73.0
Student5528,74.0,92.0,79.0,81.7
Student5529,97.0,51.0,61.0,69.7
Student5530,67.0,64.0,98.0,76.3
Student5531,61.0,88.0,unknown,74.5
Student5532,89.0,90.0,67.0,82.0
Student5533,66.0,86.0,95.0,82.3
Student5534,64.0,56.0,92.0,70.7
Student5535,91.0,69.0,51.0,70.3
Student5536,64.0,83.0,82.0,76.3
Student5537,64.0,84.0,60.0,69.3
Student5538,88.0,83.0,83.0,84.7
Student5539,62.0,71.0,65.0,66.0
Student5540,unknown,80.0,84.0,82.0
Student5541,81.0,72.0,82.0,78.3
Student5542,58.0,68.0,70.0,65.3
Student5543,89.0,53.0,69.0,70.3
Student5544,69.0,73.0,57.0,66.3
Student5545,75.0,69.0,75.0,73.0
Student5546,76.0,88.0,82.0,82.0
Student5547,70.0,unknown,75.0,72.5
Student5548,67.0,88.0,86.0,80.3
Student5549,62.0,66.0,79.0,69.0
Student5550,65.0,unknown,80.0,72.5
Student5551,58.0,97.0,82.0,79.0
Student5552,61.0,84.0,60.0,68.3
Student5553,93.0,81.0,90.0,88.0
Student5554,87.0,96.0,54.0,79.0
Student5555,68.0,unknown,51.0,59.5
Student5556,56.0,96.0,62.0,71.3
Student5557,84.0,95.0,67.0,82.0
Student5558,97.0,88.0,75.0,86.7
Student5559,67.0,84.0,74.0,75.0
Student5560,unknown,79.0,93.0,86.0
Student5561,88.0,66.0,63.0,72.3
Student5562,53.0,91.0,54.0,66.0
Student5563,74.0,unknown,91.0,82.5
Student5564,81.0,78.0,51.0,70.0
Student5565,89.0,55.0,53.0,65.7
Student5566,62.0,66.0,61.0,63.0
Student5567,94.0,66.0,60.0,73.3
Student5568,66.0,63.0,53.0,60.7
Student5569,98.0,unknown,92.0,95.0
Student5570,86.0,99.0,58.0,81.0
Student5571,55.0,86.0,59.0,66.7
Student5572,68.0,89.0,76.0,77.7
Student5573,62.0,88.0,55.0,68.3
Student5574,unknown,81.0,64.0,72.5
Student5575,63.0,85.0,91.0,79.7
Student5576,80.0,99.0,80.0,86.3
Student5577,unknown,86.0,71.0,78.5
Student5578,88.0,97.0,55.0,80.0
Student5579,57.0,63.0,82.0,67.3
Student5580,74.0,76.0,78.0,76.0
Student5581,62.0,68.0,unknown,65.0
Student5582,81.0,80.0,79.0,80.0
Student5583,unknown,95.0,70.0,82.5
Student5584,87.0,58.0,85.0,76.7
Student5585,77.0,87.0,71.0,78.3
Student5586,79.0,66.0,95.0,80.0
Student5587,52.0,68.0,69.0,63.0
Student5588,77.0,93.0,71.0,80.3
Student5589,52.0,53.0,89.0,64.7
Student5590,94.0,97.0,60.0,83.7
Student5591,unknown,60.0,96.0,78.0
Student5592,65.0,71.0,80.0,72.0
Student5593,71.0,53.0,89.0,71.0
Student5594,81.0,66.0,62.0,69.7
Student5595,87.0,57.0,67.0,70.3
Student5596,57.0,95.0,71.0,74.3
Student5597,57.0,83.0,66.0,68.7
Student5598,55.0,60.0,87.0,67.3
Student5599,63.0,unknown,74.0,68.5
Student5600,81.0,60.0,81.0,74.0
Student5601,84.0,87.0,64.0,78.3
Student5602,59.0,70.0,62.0,63.7
Student5603,52.0,95.0,75.0,74.0
Student5604,61.0,79.0,99.0,79.7
Student5605,98.0,59.0,60.0,72.3
Student5606,80.0,75.0,62.0,72.3
Student5607,78.0,76.0,82.0,78.7
Student5608,54.0,57.0,99.0,70.0
Student5609,74.0,88.0,86.0,82.7
Student5610,90.0,57.0,87.0,78.0
Student5611,80.0,57.0,50.0,62.3
Student5612,70.0,83.0,88.0,80.3
Student5613,69.0,65.0,76.0,70.0
Student5614,88.0,90.0,85.0,87.7
Student5615,71.0,62.0,81.0,71.3
Student5616,53.0,72.0,90.0,71.7
Student5617,62.0,61.0,64.0,62.3
Student5618,unknown,76.0,80.0,78.0
Student5619,91.0,71.0,55.0,72.3
Student5620,99.0,81.0,74.0,84.7
Student5621,98.0,98.0,98.0,98.0
Student5622,69.0,76.0,67.0,70.7
Student5623,62.0,51.0,71.0,61.3
Student5624,66.0,94.0,80.0,80.0
Student5625,85.0,82.0,85.0,84.0
Student5626,82.0,75.0,58.0,71.7
Student5627,50.0,77.0,95.0,74.0
Student5628,64.0,68.0,52.0,61.3
Student5629,62.0,92.0,82.0,78.7
Student5630,66.0,54.0,76.0,65.3
Student5631,73.0,82.0,92.0,82.3
Student5632,57.0,69.0,50.0,58.7
Student5633,99.0,79.0,93.0,90.3
Student5634,76.0,94.0,58.0,76.0
Student5635,94.0,57.0,54.0,68.3
Student5636,72.0,87.0,64.0,74.3
Student5637,95.0,66.0,99.0,86.7
Student5638,57.0,93.0,58.0,69.3
Student5639,57.0,50.0,94.0,67.0
Student5640,75.0,52.0,77.0,68.0
Student5641,96.0,95.0,62.0,84.3
Student5642,62.0,75.0,73.0,70.0
Student5643,88.0,80.0,unknown,84.0
Student5644,86.0,57.0,59.0,67.3
Student5645,98.0,92.0,91.0,93.7
Student5646,77.0,95.0,71.0,81.0
Student5647,74.0,57.0,88.0,73.0
Student5648,65.0,84.0,71.0,73.3
Student5649,51.0,88.0,86.0,75.0
Student5650,67.0,77.0,88.0,77.3
Student5651,66.0,53.0,69.0,62.7
Student5652,79.0,65.0,59.0,67.7
Student5653,88.0,62.0,59.0,69.7
Student5654,62.0,69.0,75.0,68.7
Student5655,81.0,54.0,74.0,69.7
Student5656,99.0,86.0,77.0,87.3
Student5657,78.0,69.0,62.0,69.7
Student5658,95.0,73.0,64.0,77.3
Student5659,79.0,85.0,unknown,82.0
Student5660,67.0,83.0,61.0,70.3
Student5661,62.0,94.0,68.0,74.7
Student5662,92.0,unknown,81.0,86.5
Student5663,70.0,83.0,60.0,71.0
Student5664,unknown,68.0,87.0,77.5
Student5665,70.0,66.0,82.0,72.7
Student5666,97.0,54.0,51.0,67.3
Student5667,66.0,74.0,unknown,70.0
Student5668,89.0,67.0,85.0,80.3
Student5669,68.0,99.0,54.0,73.7
Student5670,64.0,57.0,64.0,61.7
Student5671,58.0,76.0,92.0,75.3
Student5672,59.0,64.0,59.0,60.7
Student5673,93.0,94.0,66.0,84.3
Student5674,80.0,62.0,83.0,75.0
Student5675,72.0,65.0,73.0,70.0
Student5676,79.0,71.0,59.0,69.7
Student5677,82.0,69.0,79.0,76.7
Student5678,58.0,62.0,52.0,57.3
Student5679,96.0,69.0,86.0,83.7
Student5680,50.0,51.0,52.0,51.0
Student5681,93.0,84.0,89.0,88.7
Student5682,84.0,96.0,54.0,78.0
Student5683,60.0,68.0,77.0,68.3
Student5684,83.0,94.0,93.0,90.0
Student5685,65.0,86.0,63.0,71.3
Student5686,58.0,55.0,88.0,67.0
Student5687,81.0,63.0,60.0,68.0
Student5688,64.0,53.0,57.0,58.0
Student5689,unknown,71.0,86.0,78.5
Student5690,82.0,88.0,57.0,75.7
Student5691,94.0,85.0,61.0,80.0
Student5692,63.0,83.0,64.0,70.0
Student5693,57.0,76.0,unknown,66.5
Student5694,57.0,56.0,97.0,70.0
Student5695,76.0,52.0,95.0,74.3
Student5696,61.0,96.0,77.0,78.0
Student5697,50.0,82.0,56.0,62.7
Student5698,92.0,51.0,unknown,71.5
Student5699,89.0,91.0,56.0,78.7
Student5700,91.0,65.0,79.0,78.3
Student5701,60.0,74.0,67.0,67.0
Student5702,88.0,64.0,73.0,75.0
Student5703,92.0,73.0,55.0,73.3
Student5704,80.0,64.0,53.0,65.7
Student5705,66.0,80.0,52.0,66.0
Student5706,82.0,63.0,98.0,81.0
Student5707,81.0,63.0,96.0,80.0
Student5708,78.0,55.0,55.0,62.7
Student5709,70.0,63.0,75.0,69.3
Student5710,70.0,66.0,93.0,76.3
Student5711,89.0,67.0,87.0,81.0
Student5712,72.0,69.0,60.0,67.0
Student5713,55.0,66.0,78.0,66.3
Student5714,71.0,65.0,69.0,68.3
Student5715,99.0,89.0,59.0,82.3
Student5716,87.0,88.0,75.0,83.3
Student5717,86.0,81.0,97.0,88.0
Student5718,94.0,93.0,76.0,87.7
Student5719,unknown,58.0,99.0,78.5
Student5720,90.0,76.0,63.0,76.3
Student5721,98.0,95.0,85.0,92.7
Student5722,84.0,82.0,61.0,75.7
Student5723,60.0,59.0,72.0,63.7
Student5724,73.0,66.0,70.0,69.7
Student5725,98.0,unknown,57.0,77.5
Student5726,70.0,98.0,88.0,85.3
Student5727,51.0,85.0,58.0,64.7
Student5728,89.0,66.0,73.0,76.0
Student5729,68.0,67.0,80.0,71.7
Student5730,88.0,72.0,74.0,78.0
Student5731,77.0,83.0,66.0,75.3
Student5732,66.0,57.0,91.0,71.3
Student5733,55.0,62.0,78.0,65.0
Student5734,unknown,72.0,52.0,62.0
Student5735,87.0,69.0,70.0,75.3
Student5736,77.0,71.0,57.0,68.3
Student5737,51.0,96.0,63.0,70.0
Student5738,87.0,72.0,88.0,82.3
Student5739,86.0,90.0,65.0,80.3
Student5740,53.0,84.0,67.0,68.0
Student5741,71.0,52.0,80.0,67.7
Student5742,75.0,83.0,60.0,72.7
Student5743,98.0,82.0,87.0,89.0
Student5744,92.0,95.0,69.0,85.3
Student5745,85.0,66.0,95.0,82.0
Student5746,62.0,94.0,94.0,83.3
Student5747,81.0,68.0,53.0,67.3
Student5748,66.0,79.0,69.0,71.3
Student5749,90.0,72.0,80.0,80.7
Student5750,85.0,64.0,69.0,72.7
Student5751,95.0,63.0,60.0,72.7
Student5752,68.0,unknown,99.0,83.5
Student5753,84.0,88.0,50.0,74.0
Student5754,unknown,98.0,93.0,95.5
Student5755,89.0,67.0,67.0,74.3
Student5756,77.0,55.0,88.0,73.3
Student5757,50.0,81.0,93.0,74.7
Student5758,91.0,70.0,82.0,81.0
Student5759,67.0,89.0,85.0,80.3
Student5760,97.0,77.0,67.0,80.3
Student5761,89.0,76.0,96.0,87.0
Student5762,82.0,unknown,80.0,81.0
Student5763,61.0,82.0,84.0,75.7
Student5764,57.0,65.0,88.0,70.0
Student5765,unknown,88.0,87.0,87.5
Student5766,65.0,71.0,64.0,66.7
Student5767,99.0,unknown,96.0,97.5
Student5768,53.0,96.0,55.0,68.0
Student5769,87.0,62.0,57.0,68.7
Student5770,93.0,51.0,89.0,77.7
Student5771,76.0,63.0,unknown,69.5
Student5772,58.0,87.0,50.0,65.0
Student5773,96.0,unknown,62.0,79.0
Student5774,65.0,77.0,73.0,71.7
Student5775,61.0,56.0,70.0,62.3
Student5776,80.0,67.0,94.0,80.3
Student5777,73.0,90.0,unknown,81.5
Student5778,63.0,85.0,53.0,67.0
Student5779,94.0,90.0,56.0,80.0
Student5780,74.0,85.0,61.0,73.3
Student5781,83.0,unknown,62.0,72.5
Student5782,52.0,53.0,93.0,66.0
Student5783,73.0,79.0,65.0,72.3
Student5784,91.0,73.0,55.0,73.0
Student5785,58.0,69.0,63.0,63.3
Student5786,75.0,95.0,97.0,89.0
Student5787,69.0,80.0,80.0,76.3
Student5788,89.0,73.0,85.0,82.3
Student5789,59.0,56.0,86.0,67.0
Student5790,68.0,75.0,90.0,77.7
Student5791,52.0,62.0,84.0,66.0
Student5792,73.0,57.0,59.0,63.0
Student5793,54.0,54.0,66.0,58.0
Student5794,52.0,unknown,91.0,71.5
Student5795,76.0,62.0,79.0,72.3
Student5796,65.0,78.0,93.0,78.7
Student5797,98.0,69.0,56.0,74.3
Student5798,64.0,63.0,67.0,64.7
Student5799,84.0,81.0,68.0,77.7
Student5800,61.0,99.0,64.0,74.7
Student5801,90.0,76.0,88.0,84.7
Student5802,93.0,74.0,93.0,86.7
Student5803,75.0,unknown,71.0,73.0
Student5804,96.0,70.0,88.0,84.7
Student5805,83.0,67.0,91.0,80.3
Student5806,72.0,88.0,79.0,79.7
Student5807,80.0,64.0,69.0,71.0
Student5808,99.0,87.0,unknown,93.0
Student5809,69.0,97.0,91.0,85.7
Student5810,61.0,73.0,74.0,69.3
Student5811,72.0,57.0,72.0,67.0
Student5812,53.0,77.0,54.0,61.3
Student5813,72.0,70.0,99.0,80.3
Student5814,unknown,65.0,90.0,77.5
Student5815,97.0,65.0,79.0,80.3
Student5816,50.0,84.0,97.0,77.0
Student5817,74.0,66.0,88.0,76.0
Student5818,51.0,58.0,76.0,61.7
Student5819,79.0,84.0,91.0,84.7
Student5820,52.0,78.0,86.0,72.0
Student5821,70.0,88.0,56.0,71.3
Student5822,74.0,67.0,54.0,65.0
Student5823,69.0,61.0,64.0,64.7
Student5824,98.0,68.0,91.0,85.7
Student5825,71.0,97.0,57.0,75.0
Student5826,70.0,71.0,58.0,66.3
Student5827,82.0,98.0,60.0,80.0
Student5828,87.0,64.0,71.0,74.0
Student5829,64.0,50.0,83.0,65.7
Student5830,95.0,51.0,unknown,73.0
Student5831,64.0,57.0,62.0,61.0
Student5832,95.0,71.0,60.0,75.3
Student5833,74.0,74.0,81.0,76.3
Student5834,70.0,51.0,91.0,70.7
Student5835,73.0,58.0,64.0,65.0
Student5836,54.0,58.0,87.0,66.3
Student5837,55.0,62.0,50.0,55.7
Student5838,98.0,55.0,95.0,82.7
Student5839,92.0,79.0,99.0,90.0
Student5840,97.0,64.0,73.0,78.0
Student5841,93.0,64.0,92.0,83.0
Student5842,96.0,99.0,89.0,94.7
Student5843,72.0,56.0,71.0,66.3
Student5844,53.0,60.0,52.0,55.0
Student5845,76.0,89.0,63.0,76.0
Student5846,67.0,87.0,51.0,68.3
Student5847,70.0,89.0,81.0,80.0
Student5848,77.0,51.0,97.0,75.0
Student5849,84.0,unknown,87.0,85.5
Student5850,71.0,88.0,82.0,80.3
Student5851,89.0,59.0,95.0,81.0
Student5852,72.0,93.0,91.0,85.3
Student5853,52.0,66.0,55.0,57.7
Student5854,89.0,56.0,90.0,78.3
Student5855,99.0,89.0,88.0,92.0
Student5856,59.0,88.0,74.0,73.7
Student5857,74.0,53.0,83.0,70.0
Student5858,98.0,84.0,60.0,80.7
Student5859,57.0,96.0,95.0,82.7
Student5860,60.0,85.0,86.0,77.0
Student5861,54.0,80.0,90.0,74.7
Student5862,94.0,74.0,56.0,74.7
Student5863,86.0,90.0,95.0,90.3
Student5864,94.0,62.0,97.0,84.3
Student5865,87.0,67.0,71.0,75.0
Student5866,78.0,70.0,97.0,81.7
Student5867,54.0,97.0,88.0,79.7
Student5868,58.0,50.0,59.0,55.7
Student5869,97.0,85.0,70.0,84.0
Student5870,51.0,99.0,55.0,68.3
Student5871,50.0,57.0,98.0,68.3
Student5872,89.0,97.0,50.0,78.7
Student5873,79.0,70.0,83.0,77.3
Student5874,60.0,unknown,63.0,61.5
Student5875,77.0,70.0,85.0,77.3
Student5876,93.0,76.0,76.0,81.7
Student5877,61.0,unknown,58.0,59.5
Student5878,88.0,72.0,55.0,71.7
Student5879,75.0,99.0,80.0,84.7
Student5880,62.0,92.0,66.0,73.3
Student5881,57.0,84.0,92.0,77.7
Student5882,unknown,unknown,85.0,85.0
Student5883,79.0,91.0,70.0,80.0
Student5884,58.0,97.0,76.0,77.0
Student5885,88.0,54.0,90.0,77.3
Student5886,80.0,90.0,77.0,82.3
Student5887,70.0,57.0,unknown,63.5
Student5888,96.0,60.0,84.0,80.0
Student5889,83.0,65.0,85.0,77.7
Student5890,80.0,88.0,84.0,84.0
Student5891,74.0,96.0,unknown,85.0
Student5892,61.0,73.0,68.0,67.3
Student5893,50.0,70.0,70.0,63.3
Student5894,71.0,72.0,82.0,75.0
Student5895,89.0,98.0,72.0,86.3
Student5896,86.0,87.0,55.0,76.0
Student5897,96.0,96.0,81.0,91.0
Student5898,50.0,57.0,71.0,59.3
Student5899,50.0,56.0,52.0,52.7
Student5900,91.0,51.0,84.0,75.3
Student5901,91.0,79.0,65.0,78.3
Student5902,70.0,62.0,91.0,74.3
Student5903,64.0,72.0,74.0,70.0
Student5904,66.0,78.0,66.0,70.0
Student5905,71.0,87.0,88.0,82.0
Student5906,87.0,86.0,62.0,78.3
Student5907,84.0,69.0,77.0,76.7
Student5908,94.0,82.0,60.0,78.7
Student5909,65.0,unknown,59.0,62.0
Student5910,57.0,99.0,unknown,78.0
Student5911,96.0,64.0,73.0,77.7
Student5912,66.0,72.0,87.0,75.0
Student5913,unknown,91.0,unknown,91.0
Student5914,75.0,52.0,82.0,69.7
Student5915,62.0,86.0,66.0,71.3
Student5916,66.0,78.0,93.0,79.0
Student5917,87.0,94.0,85.0,88.7
Student5918,66.0,57.0,84.0,69.0
Student5919,97.0,71.0,55.0,74.3
Student5920,63.0,78.0,65.0,68.7
Student5921,94.0,51.0,94.0,79.7
Student5922,55.0,90.0,77.0,74.0
Student5923,84.0,98.0,90.0,90.7
Student5924,95.0,99.0,81.0,91.7
Student5925,63.0,94.0,75.0,77.3
Student5926,unknown,50.0,60.0,55.0
Student5927,57.0,93.0,74.0,74.7
Student5928,64.0,unknown,unknown,64.0
Student5929,76.0,unknown,70.0,73.0
Student5930,62.0,86.0,94.0,80.7
Student5931,unknown,57.0,52.0,54.5
Student5932,80.0,76.0,61.0,72.3
Student5933,84.0,96.0,89.0,89.7
Student5934,55.0,84.0,95.0,78.0
Student5935,unknown,55.0,90.0,72.5
Student5936,71.0,94.0,74.0,79.7
Student5937,98.0,93.0,66.0,85.7
Student5938,72.0,68.0,87.0,75.7
Student5939,74.0,67.0,85.0,75.3
Student5940,83.0,50.0,85.0,72.7
Student5941,75.0,unknown,68.0,71.5
Student5942,96.0,76.0,93.0,88.3
Student5943,54.0,56.0,51.0,53.7
Student5944,75.0,93.0,66.0,78.0
Student5945,69.0,91.0,79.0,79.7
Student5946,55.0,78.0,96.0,76.3
Student5947,55.0,80.0,59.0,64.7
Student5948,unknown,93.0,84.0,88.5
Student5949,67.0,92.0,85.0,81.3
Student5950,53.0,85.0,82.0,73.3
Student5951,66.0,68.0,50.0,61.3
Student5952,63.0,55.0,67.0,61.7
Student5953,63.0,74.0,53.0,63.3
Student5954,62.0,80.0,96.0,79.3
Student5955,56.0,58.0,76.0,63.3
Student5956,93.0,69.0,74.0,78.7
Student5957,64.0,59.0,77.0,66.7
Student5958,68.0,86.0,71.0,75.0
Student5959,92.0,76.0,91.0,86.3
Student5960,96.0,62.0,74.0,77.3
Student5961,93.0,90.0,66.0,83.0
Student5962,84.0,51.0,93.0,76.0
Student5963,66.0,unknown,61.0,63.5
Student5964,84.0,70.0,65.0,73.0
Student5965,68.0,82.0,86.0,78.7
Student5966,69.0,73.0,65.0,69.0
Student5967,85.0,93.0,66.0,81.3
Student5968,84.0,91.0,80.0,85.0
Student5969,81.0,83.0,64.0,76.0
Student5970,97.0,58.0,62.0,72.3
Student5971,93.0,51.0,89.0,77.7
Student5972,89.0,79.0,76.0,81.3
Student5973,73.0,71.0,70.0,71.3
Student5974,66.0,95.0,51.0,70.7
Student5975,56.0,60.0,57.0,57.7
Student5976,92.0,92.0,91.0,91.7
Student5977,99.0,66.0,56.0,73.7
Student5978,unknown,85.0,59.0,72.0
Student5979,84.0,62.0,53.0,66.3
Student5980,81.0,56.0,92.0,76.3
Student5981,85.0,65.0,90.0,80.0
Student5982,62.0,82.0,85.0,76.3
Student5983,55.0,94.0,84.0,77.7
Student5984,63.0,50.0,92.0,68.3
Student5985,86.0,60.0,52.0,66.0
Student5986,97.0,55.0,67.0,73.0
Student5987,64.0,69.0,95.0,76.0
Student5988,96.0,84.0,92.0,90.7
Student5989,53.0,93.0,73.0,73.0
Student5990,89.0,86.0,81.0,85.3
Student5991,65.0,90.0,83.0,79.3
Student5992,77.0,75.0,51.0,67.7
Student5993,65.0,unknown,unknown,65.0
Student5994,53.0,79.0,59.0,63.7
Student5995,94.0,77.0,72.0,81.0
Student5996,75.0,76.0,unknown,75.5
Student5997,77.0,91.0,61.0,76.3
Student5998,81.0,68.0,92.0,80.3
Student5999,94.0,54.0,66.0,71.3
Student6000,51.0,54.0,67.0,57.3
Student6001,80.0,90.0,63.0,77.7
Student6002,52.0,76.0,unknown,64.0
Student6003,57.0,77.0,64.0,66.0
Student6004,73.0,75.0,61.0,69.7
Student6005,64.0,76.0,65.0,68.3
Student6006,92.0,98.0,81.0,90.3
Student6007,80.0,91.0,72.0,81.0
Student6008,58.0,70.0,87.0,71.7
Student6009,88.0,50.0,83.0,73.7
Student6010,94.0,77.0,83.0,84.7
Student6011,51.0,97.0,65.0,71.0
Student6012,57.0,64.0,83.0,68.0
Student6013,56.0,66.0,unknown,61.0
Student6014,93.0,75.0,56.0,74.7
Student6015,88.0,69.0,82.0,79.7
Student6016,91.0,74.0,53.0,72.7
Student6017,65.0,62.0,92.0,73.0
Student6018,84.0,82.0,56.0,74.0
Student6019,79.0,unknown,67.0,73.0
Student6020,59.0,57.0,53.0,56.3
Student6021,87.0,54.0,98.0,79.7
Student6022,67.0,55.0,60.0,60.7
Student6023,99.0,72.0,92.0,87.7
Student6024,54.0,79.0,69.0,67.3
Student6025,78.0,63.0,60.0,67.0
Student6026,88.0,72.0,64.0,74.7
Student6027,83.0,60.0,95.0,79.3
Student6028,92.0,80.0,66.0,79.3
Student6029,94.0,55.0,83.0,77.3
Student6030,72.0,60.0,99.0,77.0
Student6031,54.0,62.0,97.0,71.0
Student6032,79.0,61.0,61.0,67.0
Student6033,55.0,51.0,91.0,65.7
Student6034,95.0,84.0,77.0,85.3
Student6035,93.0,85.0,97.0,91.7
Student6036,53.0,66.0,unknown,59.5
Student6037,78.0,77.0,57.0,70.7
Student6038,72.0,77.0,76.0,75.0
Student6039,55.0,unknown,71.0,63.0
Student6040,81.0,87.0,73.0,80.3
Student6041,91.0,56.0,51.0,66.0
Student6042,67.0,unknown,80.0,73.5
Student6043,64.0,81.0,71.0,72.0
Student6044,89.0,60.0,50.0,66.3
Student6045,81.0,73.0,63.0,72.3
Student6046,58.0,52.0,74.0,61.3
Student6047,86.0,79.0,85.0,83.3
Student6048,59.0,55.0,85.0,66.3
Student6049,69.0,51.0,90.0,70.0
Student6050,55.0,63.0,52.0,56.7
Student6051,97.0,90.0,54.0,80.3
Student6052,52.0,67.0,50.0,56.3
Student6053,91.0,93.0,68.0,84.0
Student6054,60.0,80.0,82.0,74.0
Student6055,92.0,62.0,91.0,81.7
Student6056,66.0,75.0,79.0,73.3
Student6057,81.0,93.0,61.0,78.3
Student6058,53.0,61.0,59.0,57.7
Student6059,53.0,67.0,83.0,67.7
Student6060,66.0,58.0,65.0,63.0
Student6061,90.0,98.0,89.0,92.3
Student6062,68.0,70.0,95.0,77.7
Student6063,54.0,97.0,78.0,76.3
Student6064,81.0,98.0,64.0,81.0
Student6065,71.0,89.0,97.0,85.7
Student6066,unknown,92.0,60.0,76.0
Student6067,84.0,73.0,93.0,83.3
Student6068,71.0,83.0,83.0,79.0
Student6069,50.0,57.0,85.0,64.0
Student6070,69.0,93.0,79.0,80.3
Student6071,71.0,unknown,84.0,77.5
Student6072,unknown,72.0,58.0,65.0
Student6073,60.0,62.0,67.0,63.0
Student6074,62.0,98.0,68.0,76.0
Student6075,91.0,63.0,88.0,80.7
Student6076,52.0,63.0,53.0,56.0
Student6077,58.0,65.0,55.0,59.3
Student6078,61.0,98.0,82.0,80.3
Student6079,72.0,unknown,81.0,76.5
Student6080,63.0,88.0,unknown,75.5
Student6081,82.0,75.0,60.0,72.3
Student6082,67.0,75.0,71.0,71.0
Student6083,98.0,50.0,85.0,77.7
Student6084,90.0,81.0,99.0,90.0
Student6085,58.0,64.0,72.0,64.7
Student6086,72.0,70.0,75.0,72.3
Student6087,59.0,unknown,80.0,69.5
Student6088,68.0,79.0,78.0,75.0
Student6089,96.0,62.0,54.0,70.7
Student6090,54.0,73.0,87.0,71.3
Student6091,96.0,79.0,74.0,83.0
Student6092,72.0,51.0,83.0,68.7
Student6093,79.0,68.0,61.0,69.3
Student6094,74.0,96.0,71.0,80.3
Student6095,77.0,93.0,58.0,76.0
Student6096,83.0,96.0,unknown,89.5
Student6097,94.0,74.0,78.0,82.0
Student6098,97.0,99.0,93.0,96.3
Student6099,96.0,63.0,78.0,79.0
Student6100,74.0,55.0,94.0,74.3
Student6101,59.0,61.0,76.0,65.3
Student6102,63.0,69.0,66.0,66.0
Student6103,91.0,72.0,54.0,72.3
Student6104,95.0,79.0,94.0,89.3
Student6105,79.0,79.0,62.0,73.3
Student6106,90.0,unknown,91.0,90.5
Student6107,74.0,79.0,64.0,72.3
Student6108,63.0,90.0,64.0,72.3
Student6109,84.0,79.0,67.0,76.7
Student6110,97.0,85.0,99.0,93.7
Student6111,83.0,98.0,51.0,77.3
Student6112,59.0,83.0,72.0,71.3
Student6113,84.0,65.0,unknown,74.5
Student6114,60.0,73.0,62.0,65.0
Student6115,60.0,63.0,unknown,61.5
Student6116,70.0,75.0,53.0,66.0
Student6117,70.0,57.0,96.0,74.3
Student6118,71.0,63.0,74.0,69.3
Student6119,unknown,80.0,60.0,70.0
Student6120,56.0,51.0,99.0,68.7
Student6121,66.0,97.0,97.0,86.7
Student6122,51.0,53.0,91.0,65.0
Student6123,61.0,50.0,61.0,57.3
Student6124,91.0,69.0,62.0,74.0
Student6125,67.0,63.0,58.0,62.7
Student6126,60.0,89.0,94.0,81.0
Student6127,unknown,74.0,87.0,80.5
Student6128,98.0,74.0,55.0,75.7
Student6129,67.0,52.0,92.0,70.3
Student6130,84.0,54.0,92.0,76.7
Student6131,75.0,87.0,59.0,73.7
Student6132,65.0,75.0,72.0,70.7
Student6133,55.0,89.0,64.0,69.3
Student6134,93.0,87.0,94.0,91.3
Student6135,92.0,87.0,72.0,83.7
Student6136,96.0,53.0,89.0,79.3
Student6137,96.0,56.0,86.0,79.3
Student6138,97.0,79.0,83.0,86.3
Student6139,91.0,79.0,65.0,78.3
Student6140,61.0,68.0,94.0,74.3
Student6141,62.0,88.0,90.0,80.0
Student6142,53.0,84.0,96.0,77.7
Student6143,88.0,89.0,81.0,86.0
Student6144,51.0,82.0,87.0,73.3
Student6145,75.0,82.0,89.0,82.0
Student6146,76.0,63.0,95.0,78.0
Student6147,76.0,87.0,54.0,72.3
Student6148,64.0,59.0,66.0,63.0
Student6149,57.0,77.0,71.0,68.3
Student6150,unknown,63.0,88.0,75.5
Student6151,96.0,85.0,unknown,90.5
Student6152,95.0,87.0,97.0,93.0
Student6153,89.0,65.0,67.0,73.7
Student6154,61.0,70.0,77.0,69.3
Student6155,62.0,77.0,62.0,67.0
Student6156,92.0,82.0,99.0,91.0
Student6157,66.0,55.0,91.0,70.7
Student6158,66.0,90.0,50.0,68.7
Student6159,85.0,64.0,99.0,82.7
Student6160,70.0,93.0,68.0,77.0
Student6161,57.0,52.0,83.0,64.0
Student6162,54.0,92.0,53.0,66.3
Student6163,75.0,96.0,92.0,87.7
Student6164,65.0,unknown,52.0,58.5
Student6165,85.0,63.0,90.0,79.3
Student6166,77.0,51.0,59.0,62.3
Student6167,78.0,78.0,77.0,77.7
Student6168,96.0,53.0,unknown,74.5
Student6169,61.0,75.0,88.0,74.7
Student6170,86.0,61.0,96.0,81.0
Student6171,79.0,51.0,68.0,66.0
Student6172,72.0,66.0,91.0,76.3
Student6173,65.0,unknown,95.0,80.0
Student6174,63.0,59.0,unknown,61.0
Student6175,59.0,97.0,92.0,82.7
Student6176,56.0,71.0,52.0,59.7
Student6177,94.0,90.0,72.0,85.3
Student6178,86.0,92.0,66.0,81.3
Student6179,78.0,70.0,56.0,68.0
Student6180,52.0,64.0,unknown,58.0
Student6181,64.0,84.0,92.0,80.0
Student6182,85.0,97.0,67.0,83.0
Student6183,96.0,70.0,95.0,87.0
Student6184,95.0,70.0,95.0,86.7
Student6185,68.0,70.0,unknown,69.0
Student6186,62.0,93.0,80.0,78.3
Student6187,91.0,81.0,78.0,83.3
Student6188,70.0,54.0,58.0,60.7
Student6189,86.0,88.0,84.0,86.0
Student6190,76.0,58.0,66.0,66.7
Student6191,78.0,67.0,61.0,68.7
Student6192,69.0,70.0,85.0,74.7
Student6193,74.0,57.0,97.0,76.0
Student6194,55.0,93.0,73.0,73.7
Student6195,85.0,83.0,59.0,75.7
Student6196,51.0,59.0,79.0,63.0
Student6197,71.0,90.0,78.0,79.7
Student6198,81.0,73.0,88.0,80.7
Student6199,65.0,89.0,59.0,71.0
Student6200,67.0,73.0,88.0,76.0
Student6201,54.0,81.0,77.0,70.7
Student6202,85.0,82.0,67.0,78.0
Student6203,79.0,87.0,90.0,85.3
Student6204,94.0,93.0,99.0,95.3
Student6205,68.0,98.0,66.0,77.3
Student6206,72.0,83.0,60.0,71.7
Student6207,83.0,60.0,50.0,64.3
Student6208,62.0,80.0,66.0,69.3
Student6209,92.0,67.0,85.0,81.3
Student6210,unknown,72.0,85.0,78.5
Student6211,85.0,71.0,95.0,83.7
Student6212,unknown,92.0,58.0,75.0
Student6213,96.0,67.0,94.0,85.7
Student6214,85.0,89.0,77.0,83.7
Student6215,58.0,96.0,97.0,83.7
Student6216,88.0,90.0,82.0,86.7
Student6217,68.0,96.0,52.0,72.0
Student6218,87.0,88.0,57.0,77.3
Student6219,55.0,69.0,99.0,74.3
Student6220,96.0,62.0,55.0,71.0
Student6221,64.0,94.0,55.0,71.0
Student6222,69.0,50.0,78.0,65.7
Student6223,58.0,53.0,86.0,65.7
Student6224,81.0,73.0,unknown,77.0
Student6225,unknown,85.0,58.0,71.5
Student6226,99.0,85.0,unknown,92.0
Student6227,67.0,94.0,98.0,86.3
Student6228,54.0,51.0,unknown,52.5
Student6229,69.0,77.0,66.0,70.7
Student6230,72.0,75.0,unknown,73.5
Student6231,60.0,72.0,93.0,75.0
Student6232,86.0,64.0,81.0,77.0
Student6233,unknown,85.0,84.0,84.5
Student6234,53.0,76.0,63.0,64.0
Student6235,78.0,55.0,98.0,77.0
Student6236,93.0,84.0,65.0,80.7
Student6237,83.0,88.0,unknown,85.5
Student6238,62.0,87.0,61.0,70.0
Student6239,91.0,84.0,73.0,82.7
Student6240,58.0,85.0,83.0,75.3
Student6241,91.0,59.0,57.0,69.0
Student6242,80.0,79.0,93.0,84.0
Student6243,56.0,unknown,70.0,63.0
Student6244,53.0,87.0,97.0,79.0
Student6245,68.0,78.0,unknown,73.0
Student6246,91.0,92.0,77.0,86.7
Student6247,79.0,unknown,65.0,72.0
Student6248,80.0,99.0,59.0,79.3
Student6249,84.0,unknown,64.0,74.0
Student6250,70.0,54.0,53.0,59.0
Student6251,80.0,53.0,75.0,69.3
Student6252,68.0,85.0,64.0,72.3
Student6253,unknown,94.0,85.0,89.5
Student6254,81.0,65.0,81.0,75.7
Student6255,51.0,74.0,92.0,72.3
Student6256,59.0,63.0,87.0,69.7
Student6257,51.0,unknown,53.0,52.0
Student6258,51.0,78.0,90.0,73.0
Student6259,73.0,83.0,58.0,71.3
Student6260,66.0,71.0,84.0,73.7
Student6261,81.0,63.0,77.0,73.7
Student6262,65.0,73.0,86.0,74.7
Student6263,65.0,88.0,96.0,83.0
Student6264,95.0,75.0,58.0,76.0
Student6265,88.0,92.0,51.0,77.0
Student6266,80.0,85.0,52.0,72.3
Student6267,92.0,88.0,unknown,90.0
Student6268,73.0,65.0,97.0,78.3
Student6269,50.0,87.0,54.0,63.7
Student6270,60.0,81.0,59.0,66.7
Student6271,70.0,55.0,77.0,67.3
Student6272,53.0,83.0,64.0,66.7
Student6273,56.0,57.0,unknown,56.5
Student6274,75.0,79.0,95.0,83.0
Student6275,96.0,unknown,72.0,84.0
Student6276,unknown,56.0,62.0,59.0
Student6277,61.0,76.0,65.0,67.3
Student6278,80.0,74.0,79.0,77.7
Student6279,66.0,95.0,89.0,83.3
Student6280,82.0,90.0,57.0,76.3
Student6281,60.0,64.0,66.0,63.3
Student6282,77.0,74.0,79.0,76.7
Student6283,81.0,71.0,66.0,72.7
Student6284,50.0,67.0,84.0,67.0
Student6285,96.0,unknown,unknown,96.0
Student6286,77.0,72.0,98.0,82.3
Student6287,91.0,94.0,73.0,86.0
Student6288,56.0,88.0,97.0,80.3
Student6289,51.0,74.0,unknown,62.5
Student6290,91.0,59.0,74.0,74.7
Student6291,73.0,79.0,51.0,67.7
Student6292,unknown,59.0,74.0,66.5
Student6293,93.0,83.0,63.0,79.7
Student6294,68.0,95.0,unknown,81.5
Student6295,75.0,62.0,82.0,73.0
Student6296,60.0,78.0,66.0,68.0
Student6297,89.0,87.0,80.0,85.3
Student6298,99.0,90.0,59.0,82.7
Student6299,92.0,94.0,55.0,80.3
Student6300,60.0,unknown,88.0,74.0
Student6301,94.0,62.0,74.0,76.7
Student6302,52.0,86.0,87.0,75.0
Student6303,61.0,unknown,86.0,73.5
Student6304,52.0,86.0,79.0,72.3
Student6305,91.0,58.0,83.0,77.3
Student6306,76.0,57.0,67.0,66.7
Student6307,98.0,88.0,73.0,86.3
Student6308,51.0,89.0,98.0,79.3
Student6309,98.0,52.0,76.0,75.3
Student6310,65.0,96.0,76.0,79.0
Student6311,51.0,89.0,88.0,76.0
Student6312,79.0,82.0,70.0,77.0
Student6313,69.0,81.0,68.0,72.7
Student6314,87.0,56.0,88.0,77.0
Student6315,77.0,68.0,72.0,72.3
Student6316,74.0,83.0,88.0,81.7
Student6317,81.0,63.0,97.0,80.3
Student6318,59.0,99.0,93.0,83.7
Student6319,91.0,96.0,96.0,94.3
Student6320,89.0,95.0,64.0,82.7
Student6321,82.0,68.0,92.0,80.7
Student6322,62.0,75.0,51.0,62.7
Student6323,90.0,66.0,84.0,80.0
Student6324,91.0,77.0,69.0,79.0
Student6325,96.0,68.0,77.0,80.3
Student6326,86.0,76.0,64.0,75.3
Student6327,65.0,97.0,65.0,75.7
Student6328,94.0,68.0,82.0,81.3
Student6329,71.0,82.0,96.0,83.0
Student6330,69.0,56.0,61.0,62.0
Student6331,99.0,78.0,88.0,88.3
Student6332,92.0,92.0,88.0,90.7
Student6333,76.0,54.0,92.0,74.0
Student6334,90.0,unknown,69.0,79.5
Student6335,65.0,98.0,78.0,80.3
Student6336,83.0,92.0,92.0,89.0
Student6337,81.0,57.0,98.0,78.7
Student6338,75.0,91.0,52.0,72.7
Student6339,74.0,unknown,97.0,85.5
Student6340,51.0,91.0,54.0,65.3
Student6341,61.0,62.0,51.0,58.0
Student6342,89.0,75.0,72.0,78.7
Student6343,58.0,67.0,75.0,66.7
Student6344,61.0,91.0,75.0,75.7
Student6345,75.0,98.0,56.0,76.3
Student6346,58.0,69.0,59.0,62.0
Student6347,59.0,65.0,54.0,59.3
Student6348,81.0,86.0,96.0,87.7
Student6349,83.0,52.0,61.0,65.3
Student6350,97.0,76.0,81.0,84.7
Student6351,69.0,64.0,91.0,74.7
Student6352,88.0,83.0,80.0,83.7
Student6353,51.0,94.0,71.0,72.0
Student6354,50.0,71.0,66.0,62.3
Student6355,85.0,89.0,69.0,81.0
Student6356,73.0,72.0,69.0,71.3
Student6357,76.0,98.0,92.0,88.7
Student6358,51.0,53.0,57.0,53.7
Student6359,80.0,90.0,96.0,88.7
Student6360,63.0,72.0,83.0,72.7
Student6361,51.0,96.0,98.0,81.7
Student6362,78.0,58.0,72.0,69.3
Student6363,64.0,73.0,87.0,74.7
Student6364,61.0,70.0,77.0,69.3
Student6365,86.0,90.0,62.0,79.3
Student6366,77.0,95.0,78.0,83.3
Student6367,69.0,65.0,57.0,63.7
Student6368,88.0,unknown,60.0,74.0
Student6369,73.0,75.0,96.0,81.3
Student6370,70.0,98.0,94.0,87.3
Student6371,59.0,94.0,67.0,73.3
Student6372,95.0,58.0,99.0,84.0
Student6373,63.0,64.0,74.0,67.0
Student6374,86.0,88.0,98.0,90.7
Student6375,67.0,82.0,71.0,73.3
Student6376,73.0,50.0,94.0,72.3
Student6377,63.0,54.0,84.0,67.0
Student6378,83.0,58.0,78.0,73.0
Student6379,61.0,93.0,70.0,74.7
Student6380,71.0,55.0,56.0,60.7
Student6381,55.0,77.0,61.0,64.3
Student6382,85.0,94.0,85.0,88.0
Student6383,94.0,75.0,73.0,80.7
Student6384,85.0,77.0,unknown,81.0
Student6385,71.0,89.0,76.0,78.7
Student6386,63.0,64.0,81.0,69.3
Student6387,65.0,55.0,81.0,67.0
Student6388,85.0,76.0,81.0,80.7
Student6389,74.0,87.0,75.0,78.7
Student6390,81.0,53.0,60.0,64.7
Student6391,82.0,60.0,95.0,79.0
Student6392,94.0,70.0,67.0,77.0
Student6393,85.0,79.0,88.0,84.0
Student6394,69.0,67.0,54.0,63.3
Student6395,67.0,84.0,65.0,72.0
Student6396,87.0,52.0,60.0,66.3
Student6397,unknown,61.0,84.0,72.5
Student6398,72.0,unknown,97.0,84.5
Student6399,81.0,79.0,60.0,73.3
Student6400,94.0,70.0,91.0,85.0
Student6401,65.0,87.0,72.0,74.7
Student6402,54.0,70.0,83.0,69.0
Student6403,53.0,87.0,97.0,79.0
Student6404,70.0,89.0,66.0,75.0
Student6405,89.0,64.0,59.0,70.7
Student6406,63.0,67.0,67.0,65.7
Student6407,88.0,78.0,93.0,86.3
Student6408,80.0,97.0,57.0,78.0
Student6409,63.0,87.0,75.0,75.0
Student6410,55.0,70.0,52.0,59.0
Student6411,61.0,66.0,73.0,66.7
Student6412,65.0,90.0,52.0,69.0
Student6413,66.0,67.0,87.0,73.3
Student6414,94.0,86.0,51.0,77.0
Student6415,72.0,87.0,84.0,81.0
Student6416,63.0,61.0,66.0,63.3
Student6417,56.0,60.0,58.0,58.0
Student6418,95.0,97.0,85.0,92.3
Student6419,81.0,98.0,71.0,83.3
Student6420,64.0,69.0,80.0,71.0
Student6421,93.0,58.0,83.0,78.0
Student6422,66.0,unknown,73.0,69.5
Student6423,90.0,52.0,58.0,66.7
Student6424,96.0,70.0,95.0,87.0
Student6425,93.0,72.0,92.0,85.7
Student6426,83.0,58.0,51.0,64.0
Student6427,54.0,68.0,70.0,64.0
Student6428,94.0,94.0,83.0,90.3
Student6429,76.0,95.0,76.0,82.3
Student6430,72.0,68.0,86.0,75.3
Student6431,89.0,72.0,56.0,72.3
Student6432,63.0,76.0,71.0,70.0
Student6433,64.0,76.0,53.0,64.3
Student6434,92.0,88.0,63.0,81.0
Student6435,82.0,85.0,83.0,83.3
Student6436,80.0,61.0,72.0,71.0
Student6437,84.0,76.0,93.0,84.3
Student6438,66.0,95.0,91.0,84.0
Student6439,77.0,83.0,unknown,80.0
Student6440,68.0,82.0,unknown,75.0
Student6441,95.0,77.0,97.0,89.7
Student6442,72.0,80.0,64.0,72.0
Student6443,81.0,81.0,81.0,81.0
Student6444,89.0,99.0,63.0,83.7
Student6445,62.0,69.0,90.0,73.7
Student6446,69.0,89.0,70.0,76.0
Student6447,84.0,84.0,96.0,88.0
Student6448,54.0,80.0,56.0,63.3
Student6449,58.0,80.0,85.0,74.3
Student6450,78.0,87.0,70.0,78.3
Student6451,55.0,71.0,99.0,75.0
Student6452,74.0,94.0,89.0,85.7
Student6453,80.0,90.0,61.0,77.0
Student6454,71.0,58.0,64.0,64.3
Student6455,51.0,58.0,64.0,57.7
Student6456,unknown,64.0,66.0,65.0
Student6457,54.0,62.0,83.0,66.3
Student6458,76.0,71.0,93.0,80.0
Student6459,74.0,65.0,84.0,74.3
Student6460,57.0,81.0,88.0,75.3
Student6461,50.0,51.0,87.0,62.7
Student6462,69.0,75.0,63.0,69.0
Student6463,93.0,63.0,54.0,70.0
Student6464,72.0,87.0,79.0,79.3
Student6465,81.0,unknown,unknown,81.0
Student6466,60.0,57.0,64.0,60.3
Student6467,88.0,85.0,88.0,87.0
Student6468,96.0,70.0,84.0,83.3
Student6469,73.0,95.0,94.0,87.3
Student6470,60.0,92.0,59.0,70.3
Student6471,78.0,77.0,51.0,68.7
Student6472,75.0,95.0,93.0,87.7
Student6473,65.0,93.0,73.0,77.0
Student6474,84.0,97.0,77.0,86.0
Student6475,69.0,55.0,71.0,65.0
Student6476,95.0,69.0,93.0,85.7
Student6477,52.0,80.0,81.0,71.0
Student6478,50.0,82.0,80.0,70.7
Student6479,96.0,93.0,68.0,85.7
Student6480,50.0,56.0,70.0,58.7
Student6481,66.0,57.0,52.0,58.3
Student6482,51.0,58.0,55.0,54.7
Student6483,78.0,51.0,81.0,70.0
Student6484,69.0,66.0,51.0,62.0
Student6485,55.0,unknown,73.0,64.0
Student6486,57.0,86.0,94.0,79.0
Student6487,78.0,91.0,76.0,81.7
Student6488,97.0,93.0,58.0,82.7
Student6489,82.0,66.0,62.0,70.0
Student6490,52.0,87.0,63.0,67.3
Student6491,84.0,84.0,60.0,76.0
Student6492,54.0,96.0,63.0,71.0
Student6493,76.0,88.0,65.0,76.3
Student6494,93.0,79.0,59.0,77.0
Student6495,61.0,55.0,69.0,61.7
Student6496,69.0,53.0,65.0,62.3
Student6497,94.0,86.0,83.0,87.7
Student6498,69.0,84.0,65.0,72.7
Student6499,58.0,58.0,63.0,59.7
Student6500,88.0,55.0,77.0,73.3
Student6501,53.0,62.0,67.0,60.7
Student6502,68.0,71.0,75.0,71.3
Student6503,87.0,77.0,unknown,82.0
Student6504,76.0,79.0,56.0,70.3
Student6505,94.0,85.0,94.0,91.0
Student6506,92.0,unknown,83.0,87.5
Student6507,62.0,85.0,96.0,81.0
Student6508,62.0,57.0,98.0,72.3
Student6509,71.0,94.0,94.0,86.3
Student6510,77.0,91.0,56.0,74.7
Student6511,96.0,99.0,82.0,92.3
Student6512,94.0,unknown,84.0,89.0
Student6513,71.0,unknown,99.0,85.0
Student6514,92.0,62.0,88.0,80.7
Student6515,68.0,99.0,70.0,79.0
Student6516,57.0,64.0,98.0,73.0
Student6517,57.0,81.0,77.0,71.7
Student6518,91.0,83.0,81.0,85.0
Student6519,75.0,92.0,93.0,86.7
Student6520,97.0,80.0,65.0,80.7
Student6521,75.0,63.0,59.0,65.7
Student6522,72.0,96.0,72.0,80.0
Student6523,92.0,63.0,97.0,84.0
Student6524,62.0,unknown,99.0,80.5
Student6525,77.0,unknown,64.0,70.5
Student6526,58.0,96.0,unknown,77.0
Student6527,69.0,68.0,99.0,78.7
Student6528,68.0,76.0,55.0,66.3
Student6529,97.0,58.0,82.0,79.0
Student6530,88.0,86.0,88.0,87.3
Student6531,61.0,86.0,61.0,69.3
Student6532,64.0,92.0,85.0,80.3
Student6533,80.0,77.0,80.0,79.0
Student6534,63.0,73.0,59.0,65.0
Student6535,60.0,77.0,83.0,73.3
Student6536,75.0,85.0,90.0,83.3
Student6537,91.0,67.0,59.0,72.3
Student6538,76.0,74.0,60.0,70.0
Student6539,60.0,84.0,63.0,69.0
Student6540,87.0,53.0,52.0,64.0
Student6541,83.0,63.0,82.0,76.0
Student6542,92.0,88.0,56.0,78.7
Student6543,68.0,75.0,53.0,65.3
Student6544,55.0,57.0,88.0,66.7
Student6545,95.0,73.0,97.0,88.3
Student6546,87.0,65.0,59.0,70.3
Student6547,98.0,69.0,64.0,77.0
Student6548,unknown,64.0,65.0,64.5
Student6549,77.0,56.0,87.0,73.3
Student6550,50.0,66.0,53.0,56.3
Student6551,84.0,71.0,53.0,69.3
Student6552,89.0,71.0,85.0,81.7
Student6553,57.0,61.0,76.0,64.7
Student6554,96.0,67.0,71.0,78.0
Student6555,56.0,95.0,71.0,74.0
Student6556,60.0,96.0,66.0,74.0
Student6557,88.0,64.0,94.0,82.0
Student6558,53.0,86.0,83.0,74.0
Student6559,74.0,65.0,81.0,73.3
Student6560,61.0,54.0,55.0,56.7
Student6561,75.0,51.0,82.0,69.3
Student6562,87.0,unknown,57.0,72.0
Student6563,95.0,90.0,99.0,94.7
Student6564,61.0,76.0,unknown,68.5
Student6565,92.0,80.0,54.0,75.3
Student6566,86.0,90.0,54.0,76.7
Student6567,95.0,unknown,96.0,95.5
Student6568,73.0,96.0,59.0,76.0
Student6569,65.0,92.0,89.0,82.0
Student6570,62.0,50.0,56.0,56.0
Student6571,74.0,99.0,61.0,78.0
Student6572,53.0,78.0,79.0,70.0
Student6573,60.0,50.0,74.0,61.3
Student6574,81.0,57.0,77.0,71.7
Student6575,98.0,65.0,92.0,85.0
Student6576,56.0,77.0,62.0,65.0
Student6577,95.0,71.0,unknown,83.0
Student6578,60.0,67.0,98.0,75.0
Student6579,77.0,71.0,71.0,73.0
Student6580,90.0,90.0,67.0,82.3
Student6581,72.0,61.0,76.0,69.7
Student6582,94.0,68.0,57.0,73.0
Student6583,72.0,74.0,55.0,67.0
Student6584,99.0,99.0,60.0,86.0
Student6585,77.0,54.0,78.0,69.7
Student6586,92.0,83.0,90.0,88.3
Student6587,96.0,88.0,54.0,79.3
Student6588,75.0,59.0,56.0,63.3
Student6589,74.0,96.0,71.0,80.3
Student6590,78.0,56.0,96.0,76.7
Student6591,68.0,86.0,53.0,69.0
Student6592,82.0,96.0,81.0,86.3
Student6593,unknown,64.0,68.0,66.0
Student6594,63.0,91.0,94.0,82.7
Student6595,unknown,73.0,82.0,77.5
Student6596,84.0,75.0,50.0,69.7
Student6597,unknown,75.0,95.0,85.0
Student6598,77.0,95.0,90.0,87.3
Student6599,66.0,75.0,93.0,78.0
Student6600,52.0,59.0,99.0,70.0
Student6601,65.0,66.0,90.0,73.7
Student6602,95.0,63.0,57.0,71.7
Student6603,79.0,51.0,81.0,70.3
Student6604,78.0,97.0,79.0,84.7
Student6605,94.0,62.0,95.0,83.7
Student6606,64.0,76.0,77.0,72.3
Student6607,95.0,58.0,90.0,81.0
Student6608,74.0,56.0,81.0,70.3
Student6609,87.0,97.0,74.0,86.0
Student6610,91.0,59.0,83.0,77.7
Student6611,96.0,58.0,82.0,78.7
Student6612,87.0,71.0,62.0,73.3
Student6613,72.0,72.0,74.0,72.7
Student6614,74.0,56.0,91.0,73.7
Student6615,91.0,97.0,89.0,92.3
Student6616,56.0,58.0,88.0,67.3
Student6617,71.0,76.0,93.0,80.0
Student6618,66.0,73.0,98.0,79.0
Student6619,67.0,78.0,93.0,79.3
Student6620,98.0,66.0,97.0,87.0
Student6621,90.0,69.0,59.0,72.7
Student6622,59.0,56.0,80.0,65.0
Student6623,59.0,92.0,93.0,81.3
Student6624,56.0,89.0,60.0,68.3
Student6625,unknown,56.0,74.0,65.0
Student6626,unknown,77.0,95.0,86.0
Student6627,87.0,68.0,94.0,83.0
Student6628,76.0,69.0,83.0,76.0
Student6629,82.0,93.0,69.0,81.3
Student6630,50.0,88.0,56.0,64.7
Student6631,93.0,89.0,82.0,88.0
Student6632,83.0,56.0,84.0,74.3
Student6633,53.0,55.0,78.0,62.0
Student6634,66.0,74.0,61.0,67.0
Student6635,53.0,90.0,54.0,65.7
Student6636,92.0,62.0,61.0,71.7
Student6637,75.0,88.0,78.0,80.3
Student6638,53.0,89.0,84.0,75.3
Student6639,50.0,71.0,69.0,63.3
Student6640,56.0,98.0,86.0,80.0
Student6641,79.0,66.0,unknown,72.5
Student6642,99.0,97.0,65.0,87.0
Student6643,58.0,71.0,unknown,64.5
Student6644,84.0,83.0,unknown,83.5
Student6645,57.0,57.0,91.0,68.3
Student6646,73.0,98.0,59.0,76.7
Student6647,68.0,94.0,62.0,74.7
Student6648,85.0,67.0,97.0,83.0
Student6649,99.0,73.0,69.0,80.3
Student6650,92.0,91.0,78.0,87.0
Student6651,76.0,51.0,53.0,60.0
Student6652,81.0,51.0,95.0,75.7
Student6653,63.0,76.0,98.0,79.0
Student6654,unknown,63.0,unknown,63.0
Student6655,77.0,97.0,86.0,86.7
Student6656,78.0,88.0,unknown,83.0
Student6657,65.0,61.0,52.0,59.3
Student6658,84.0,81.0,86.0,83.7
Student6659,unknown,77.0,97.0,87.0
Student6660,80.0,77.0,68.0,75.0
Student6661,53.0,95.0,77.0,75.0
Student6662,86.0,74.0,68.0,76.0
Student6663,66.0,53.0,66.0,61.7
Student6664,88.0,75.0,67.0,76.7
Student6665,97.0,85.0,67.0,83.0
Student6666,95.0,99.0,72.0,88.7
Student6667,75.0,52.0,unknown,63.5
Student6668,97.0,50.0,99.0,82.0
Student6669,88.0,66.0,58.0,70.7
Student6670,90.0,56.0,78.0,74.7
Student6671,53.0,97.0,91.0,80.3
Student6672,79.0,54.0,78.0,70.3
Student6673,79.0,68.0,51.0,66.0
Student6674,71.0,88.0,66.0,75.0
Student6675,60.0,95.0,94.0,83.0
Student6676,51.0,83.0,80.0,71.3
Student6677,93.0,84.0,77.0,84.7
Student6678,61.0,98.0,92.0,83.7
Student6679,79.0,65.0,97.0,80.3
Student6680,85.0,89.0,88.0,87.3
Student6681,67.0,99.0,79.0,81.7
Student6682,75.0,96.0,84.0,85.0
Student6683,56.0,88.0,97.0,80.3
Student6684,50.0,76.0,69.0,65.0
Student6685,75.0,90.0,65.0,76.7
Student6686,72.0,87.0,83.0,80.7
Student6687,75.0,unknown,63.0,69.0
Student6688,94.0,99.0,75.0,89.3
Student6689,55.0,74.0,69.0,66.0
Student6690,55.0,unknown,91.0,73.0
Student6691,93.0,unknown,73.0,83.0
Student6692,unknown,63.0,92.0,77.5
Student6693,73.0,63.0,67.0,67.7
Student6694,unknown,74.0,92.0,83.0
Student6695,68.0,85.0,58.0,70.3
Student6696,86.0,53.0,68.0,69.0
Student6697,67.0,96.0,69.0,77.3
Student6698,80.0,unknown,91.0,85.5
Student6699,86.0,81.0,79.0,82.0
Student6700,79.0,67.0,75.0,73.7
Student6701,91.0,63.0,80.0,78.0
Student6702,82.0,50.0,84.0,72.0
Student6703,59.0,91.0,52.0,67.3
Student6704,86.0,69.0,89.0,81.3
Student6705,61.0,59.0,78.0,66.0
Student6706,79.0,59.0,55.0,64.3
Student6707,76.0,73.0,50.0,66.3
Student6708,88.0,83.0,73.0,81.3
Student6709,58.0,77.0,87.0,74.0
Student6710,70.0,76.0,83.0,76.3
Student6711,61.0,89.0,56.0,68.7
Student6712,78.0,50.0,60.0,62.7
Student6713,82.0,82.0,60.0,74.7
Student6714,92.0,53.0,85.0,76.7
Student6715,64.0,56.0,69.0,63.0
Student6716,51.0,58.0,65.0,58.0
Student6717,88.0,65.0,54.0,69.0
Student6718,93.0,54.0,73.0,73.3
Student6719,67.0,83.0,79.0,76.3
Student6720,52.0,72.0,79.0,67.7
Student6721,56.0,92.0,88.0,78.7
Student6722,92.0,99.0,97.0,96.0
Student6723,67.0,74.0,96.0,79.0
Student6724,93.0,62.0,86.0,80.3
Student6725,87.0,73.0,82.0,80.7
Student6726,86.0,60.0,69.0,71.7
Student6727,82.0,66.0,71.0,73.0
Student6728,93.0,86.0,90.0,89.7
Student6729,80.0,62.0,70.0,70.7
Student6730,60.0,76.0,86.0,74.0
Student6731,53.0,unknown,unknown,53.0
Student6732,67.0,unknown,87.0,77.0
Student6733,53.0,91.0,84.0,76.0
Student6734,98.0,81.0,87.0,88.7
Student6735,83.0,57.0,89.0,76.3
Student6736,78.0,78.0,55.0,70.3
Student6737,73.0,89.0,81.0,81.0
Student6738,71.0,68.0,65.0,68.0
Student6739,51.0,55.0,77.0,61.0
Student6740,93.0,93.0,65.0,83.7
Student6741,55.0,88.0,76.0,73.0
Student6742,91.0,97.0,52.0,80.0
Student6743,74.0,90.0,98.0,87.3
Student6744,70.0,70.0,70.0,70.0
Student6745,65.0,71.0,87.0,74.3
Student6746,80.0,91.0,87.0,86.0
Student6747,63.0,59.0,79.0,67.0
Student6748,88.0,59.0,71.0,72.7
Student6749,77.0,78.0,68.0,74.3
Student6750,81.0,65.0,80.0,75.3
Student6751,77.0,50.0,69.0,65.3
Student6752,98.0,unknown,96.0,97.0
Student6753,58.0,79.0,68.0,68.3
Student6754,94.0,75.0,51.0,73.3
Student6755,71.0,95.0,89.0,85.0
Student6756,unknown,68.0,88.0,78.0
Student6757,54.0,70.0,unknown,62.0
Student6758,72.0,66.0,57.0,65.0
Student6759,54.0,95.0,94.0,81.0
Student6760,91.0,89.0,76.0,85.3
Student6761,81.0,70.0,64.0,71.7
Student6762,59.0,90.0,unknown,74.5
Student6763,88.0,89.0,96.0,91.0
Student6764,64.0,94.0,63.0,73.7
Student6765,56.0,98.0,56.0,70.0
Student6766,78.0,68.0,66.0,70.7
Student6767,96.0,56.0,75.0,75.7
Student6768,52.0,66.0,86.0,68.0
Student6769,68.0,50.0,69.0,62.3
Student6770,59.0,86.0,59.0,68.0
Student6771,77.0,unknown,68.0,72.5
Student6772,78.0,75.0,67.0,73.3
Student6773,64.0,51.0,79.0,64.7
Student6774,84.0,81.0,79.0,81.3
Student6775,55.0,97.0,74.0,75.3
Student6776,61.0,54.0,unknown,57.5
Student6777,96.0,86.0,59.0,80.3
Student6778,87.0,80.0,51.0,72.7
Student6779,62.0,61.0,87.0,70.0
Student6780,78.0,unknown,81.0,79.5
Student6781,68.0,79.0,84.0,77.0
Student6782,52.0,97.0,86.0,78.3
Student6783,57.0,55.0,56.0,56.0
Student6784,57.0,64.0,56.0,59.0
Student6785,69.0,64.0,76.0,69.7
Student6786,96.0,unknown,59.0,77.5
Student6787,53.0,69.0,82.0,68.0
Student6788,70.0,62.0,92.0,74.7
Student6789,52.0,93.0,56.0,67.0
Student6790,94.0,91.0,55.0,80.0
Student6791,unknown,95.0,55.0,75.0
Student6792,72.0,80.0,62.0,71.3
Student6793,65.0,83.0,97.0,81.7
Student6794,62.0,78.0,62.0,67.3
Student6795,52.0,52.0,51.0,51.7
Student6796,97.0,58.0,68.0,74.3
Student6797,58.0,60.0,68.0,62.0
Student6798,unknown,60.0,99.0,79.5
Student6799,62.0,74.0,87.0,74.3
Student6800,56.0,71.0,51.0,59.3
Student6801,64.0,91.0,75.0,76.7
Student6802,56.0,95.0,55.0,68.7
Student6803,87.0,58.0,69.0,71.3
Student6804,83.0,69.0,72.0,74.7
Student6805,90.0,70.0,64.0,74.7
Student6806,71.0,59.0,55.0,61.7
Student6807,73.0,71.0,77.0,73.7
Student6808,98.0,unknown,84.0,91.0
Student6809,86.0,58.0,60.0,68.0
Student6810,93.0,54.0,57.0,68.0
Student6811,50.0,89.0,99.0,79.3
Student6812,59.0,60.0,98.0,72.3
Student6813,92.0,50.0,73.0,71.7
Student6814,65.0,91.0,unknown,78.0
Student6815,95.0,50.0,98.0,81.0
Student6816,57.0,unknown,85.0,71.0
Student6817,98.0,95.0,56.0,83.0
Student6818,74.0,54.0,54.0,60.7
Student6819,99.0,98.0,78.0,91.7
Student6820,61.0,71.0,65.0,65.7
Student6821,74.0,75.0,55.0,68.0
Student6822,66.0,55.0,unknown,60.5
Student6823,75.0,81.0,51.0,69.0
Student6824,95.0,97.0,74.0,88.7
Student6825,97.0,60.0,80.0,79.0
Student6826,63.0,59.0,unknown,61.0
Student6827,90.0,96.0,99.0,95.0
Student6828,85.0,88.0,62.0,78.3
Student6829,72.0,83.0,67.0,74.0
Student6830,92.0,80.0,66.0,79.3
Student6831,55.0,61.0,94.0,70.0
Student6832,96.0,93.0,77.0,88.7
Student6833,54.0,65.0,61.0,60.0
Student6834,92.0,87.0,84.0,87.7
Student6835,74.0,52.0,71.0,65.7
Student6836,67.0,51.0,88.0,68.7
Student6837,62.0,54.0,50.0,55.3
Student6838,92.0,60.0,86.0,79.3
Student6839,63.0,74.0,70.0,69.0
Student6840,77.0,84.0,50.0,70.3
Student6841,67.0,84.0,53.0,68.0
Student6842,77.0,71.0,unknown,74.0
Student6843,76.0,86.0,50.0,70.7
Student6844,81.0,unknown,62.0,71.5
Student6845,96.0,60.0,95.0,83.7
Student6846,58.0,81.0,96.0,78.3
Student6847,89.0,84.0,unknown,86.5
Student6848,81.0,80.0,61.0,74.0
Student6849,69.0,94.0,56.0,73.0
Student6850,77.0,57.0,52.0,62.0
Student6851,82.0,69.0,unknown,75.5
Student6852,53.0,91.0,75.0,73.0
Student6853,95.0,83.0,80.0,86.0
Student6854,83.0,53.0,85.0,73.7
Student6855,97.0,67.0,75.0,79.7
Student6856,52.0,53.0,52.0,52.3
Student6857,75.0,69.0,93.0,79.0
Student6858,57.0,58.0,77.0,64.0
Student6859,55.0,65.0,93.0,71.0
Student6860,65.0,75.0,66.0,68.7
Student6861,73.0,87.0,87.0,82.3
Student6862,97.0,74.0,96.0,89.0
Student6863,88.0,53.0,79.0,73.3
Student6864,79.0,90.0,51.0,73.3
Student6865,94.0,94.0,57.0,81.7
Student6866,unknown,90.0,63.0,76.5
Student6867,54.0,87.0,86.0,75.7
Student6868,74.0,68.0,84.0,75.3
Student6869,69.0,63.0,unknown,66.0
Student6870,67.0,70.0,88.0,75.0
Student6871,96.0,64.0,60.0,73.3
Student6872,67.0,52.0,64.0,61.0
Student6873,51.0,86.0,51.0,62.7
Student6874,59.0,99.0,86.0,81.3
Student6875,94.0,95.0,92.0,93.7
Student6876,99.0,65.0,81.0,81.7
Student6877,96.0,63.0,89.0,82.7
Student6878,61.0,58.0,62.0,60.3
Student6879,96.0,unknown,92.0,94.0
Student6880,62.0,56.0,66.0,61.3
Student6881,99.0,63.0,64.0,75.3
Student6882,96.0,55.0,82.0,77.7
Student6883,unknown,70.0,65.0,67.5
Student6884,unknown,64.0,62.0,63.0
Student6885,84.0,57.0,71.0,70.7
Student6886,88.0,83.0,72.0,81.0
Student6887,75.0,89.0,85.0,83.0
Student6888,95.0,50.0,unknown,72.5
Student6889,unknown,81.0,99.0,90.0
Student6890,94.0,98.0,99.0,97.0
Student6891,93.0,54.0,59.0,68.7
Student6892,73.0,79.0,66.0,72.7
Student6893,90.0,71.0,79.0,80.0
Student6894,50.0,69.0,62.0,60.3
Student6895,92.0,65.0,79.0,78.7
Student6896,71.0,56.0,95.0,74.0
Student6897,72.0,56.0,79.0,69.0
Student6898,68.0,unknown,56.0,62.0
Student6899,67.0,99.0,59.0,75.0
Student6900,61.0,51.0,84.0,65.3
Student6901,77.0,96.0,51.0,74.7
Student6902,77.0,63.0,79.0,73.0
Student6903,82.0,80.0,68.0,76.7
Student6904,68.0,99.0,88.0,85.0
Student6905,77.0,90.0,86.0,84.3
Student6906,98.0,63.0,52.0,71.0
Student6907,unknown,54.0,74.0,64.0
Student6908,75.0,60.0,83.0,72.7
Student6909,84.0,89.0,71.0,81.3
Student6910,83.0,54.0,87.0,74.7
Student6911,84.0,78.0,63.0,75.0
Student6912,89.0,60.0,88.0,79.0
Student6913,unknown,54.0,51.0,52.5
Student6914,87.0,98.0,81.0,88.7
Student6915,62.0,81.0,92.0,78.3
Student6916,72.0,85.0,52.0,69.7
Student6917,unknown,64.0,90.0,77.0
Student6918,65.0,68.0,57.0,63.3
Student6919,77.0,71.0,75.0,74.3
Student6920,97.0,83.0,81.0,87.0
Student6921,84.0,66.0,60.0,70.0
Student6922,94.0,61.0,99.0,84.7
Student6923,95.0,74.0,50.0,73.0
Student6924,57.0,66.0,64.0,62.3
Student6925,unknown,59.0,53.0,56.0
Student6926,71.0,77.0,53.0,67.0
Student6927,70.0,67.0,77.0,71.3
Student6928,75.0,67.0,59.0,67.0
Student6929,89.0,94.0,60.0,81.0
Student6930,70.0,unknown,99.0,84.5
Student6931,unknown,63.0,72.0,67.5
Student6932,90.0,65.0,96.0,83.7
Student6933,unknown,99.0,52.0,75.5
Student6934,55.0,67.0,88.0,70.0
Student6935,72.0,unknown,88.0,80.0
Student6936,72.0,66.0,66.0,68.0
Student6937,92.0,56.0,71.0,73.0
Student6938,92.0,unknown,76.0,84.0
Student6939,72.0,83.0,65.0,73.3
Student6940,unknown,59.0,65.0,62.0
Student6941,79.0,54.0,89.0,74.0
Student6942,62.0,70.0,unknown,66.0
Student6943,92.0,52.0,96.0,80.0
Student6944,67.0,68.0,82.0,72.3
Student6945,72.0,94.0,91.0,85.7
Student6946,64.0,93.0,51.0,69.3
Student6947,82.0,84.0,88.0,84.7
Student6948,70.0,unknown,95.0,82.5
Student6949,88.0,63.0,97.0,82.7
Student6950,72.0,53.0,76.0,67.0
Student6951,76.0,94.0,64.0,78.0
Student6952,94.0,unknown,56.0,75.0
Student6953,93.0,78.0,94.0,88.3
Student6954,67.0,84.0,91.0,80.7
Student6955,73.0,87.0,58.0,72.7
Student6956,96.0,unknown,90.0,93.0
Student6957,89.0,69.0,55.0,71.0
Student6958,91.0,73.0,61.0,75.0
Student6959,56.0,84.0,79.0,73.0
Student6960,99.0,93.0,69.0,87.0
Student6961,97.0,68.0,69.0,78.0
Student6962,69.0,53.0,95.0,72.3
Student6963,76.0,82.0,76.0,78.0
Student6964,55.0,51.0,69.0,58.3
Student6965,76.0,62.0,56.0,64.7
Student6966,unknown,94.0,89.0,91.5
Student6967,94.0,79.0,89.0,87.3
Student6968,80.0,83.0,79.0,80.7
Student6969,70.0,79.0,57.0,68.7
Student6970,75.0,73.0,51.0,66.3
Student6971,89.0,97.0,63.0,83.0
Student6972,unknown,93.0,59.0,76.0
Student6973,94.0,82.0,99.0,91.7
Student6974,62.0,90.0,67.0,73.0
Student6975,98.0,98.0,67.0,87.7
Student6976,72.0,59.0,65.0,65.3
Student6977,69.0,67.0,54.0,63.3
Student6978,86.0,68.0,80.0,78.0
Student6979,77.0,56.0,86.0,73.0
Student6980,66.0,68.0,69.0,67.7
Student6981,77.0,73.0,72.0,74.0
Student6982,90.0,64.0,unknown,77.0
Student6983,51.0,90.0,91.0,77.3
Student6984,74.0,91.0,66.0,77.0
Student6985,99.0,unknown,62.0,80.5
Student6986,90.0,53.0,98.0,80.3
Student6987,55.0,87.0,99.0,80.3
Student6988,60.0,53.0,62.0,58.3
Student6989,87.0,54.0,66.0,69.0
Student6990,55.0,90.0,64.0,69.7
Student6991,94.0,93.0,75.0,87.3
Student6992,60.0,72.0,93.0,75.0
Student6993,63.0,unknown,77.0,70.0
Student6994,51.0,86.0,91.0,76.0
Student6995,89.0,60.0,94.0,81.0
Student6996,52.0,60.0,79.0,63.7
Student6997,84.0,62.0,92.0,79.3
Student6998,82.0,63.0,84.0,76.3
Student6999,73.0,57.0,71.0,67.0
Student7000,68.0,74.0,unknown,71.0
Student7001,67.0,67.0,60.0,64.7
Student7002,98.0,93.0,87.0,92.7
Student7003,73.0,93.0,82.0,82.7
Student7004,94.0,67.0,55.0,72.0
Student7005,84.0,59.0,86.0,76.3
Student7006,50.0,56.0,56.0,54.0
Student7007,85.0,99.0,93.0,92.3
Student7008,unknown,93.0,61.0,77.0
Student7009,94.0,63.0,56.0,71.0
Student7010,98.0,64.0,51.0,71.0
Student7011,92.0,65.0,50.0,69.0
Student7012,83.0,51.0,72.0,68.7
Student7013,74.0,79.0,74.0,75.7
Student7014,65.0,79.0,67.0,70.3
Student7015,83.0,67.0,93.0,81.0
Student7016,78.0,80.0,56.0,71.3
Student7017,68.0,93.0,52.0,71.0
Student7018,72.0,97.0,78.0,82.3
Student7019,unknown,62.0,59.0,60.5
Student7020,74.0,69.0,92.0,78.3
Student7021,65.0,98.0,54.0,72.3
Student7022,58.0,99.0,83.0,80.0
Student7023,unknown,84.0,57.0,70.5
Student7024,91.0,72.0,63.0,75.3
Student7025,68.0,91.0,89.0,82.7
Student7026,82.0,82.0,55.0,73.0
Student7027,83.0,87.0,50.0,73.3
Student7028,65.0,84.0,82.0,77.0
Student7029,93.0,85.0,89.0,89.0
Student7030,89.0,69.0,60.0,72.7
Student7031,67.0,unknown,99.0,83.0
Student7032,83.0,57.0,73.0,71.0
Student7033,74.0,unknown,59.0,66.5
Student7034,94.0,81.0,93.0,89.3
Student7035,55.0,78.0,72.0,68.3
Student7036,70.0,56.0,65.0,63.7
Student7037,55.0,51.0,86.0,64.0
Student7038,81.0,70.0,65.0,72.0
Student7039,90.0,55.0,93.0,79.3
Student7040,97.0,77.0,80.0,84.7
Student7041,92.0,97.0,55.0,81.3
Student7042,88.0,91.0,79.0,86.0
Student7043,80.0,85.0,86.0,83.7
Student7044,unknown,unknown,50.0,50.0
Student7045,59.0,94.0,91.0,81.3
Student7046,79.0,91.0,74.0,81.3
Student7047,67.0,95.0,95.0,85.7
Student7048,73.0,58.0,70.0,67.0
Student7049,58.0,unknown,84.0,71.0
Student7050,80.0,72.0,87.0,79.7
Student7051,64.0,99.0,54.0,72.3
Student7052,53.0,60.0,98.0,70.3
Student7053,89.0,98.0,99.0,95.3
Student7054,58.0,51.0,61.0,56.7
Student7055,94.0,52.0,unknown,73.0
Student7056,58.0,unknown,58.0,58.0
Student7057,75.0,unknown,93.0,84.0
Student7058,53.0,84.0,58.0,65.0
Student7059,66.0,64.0,84.0,71.3
Student7060,65.0,92.0,50.0,69.0
Student7061,64.0,60.0,96.0,73.3
Student7062,84.0,80.0,59.0,74.3
Student7063,unknown,77.0,95.0,86.0
Student7064,54.0,77.0,88.0,73.0
Student7065,69.0,81.0,85.0,78.3
Student7066,64.0,74.0,86.0,74.7
Student7067,unknown,69.0,97.0,83.0
Student7068,96.0,77.0,84.0,85.7
Student7069,51.0,74.0,66.0,63.7
Student7070,78.0,60.0,62.0,66.7
Student7071,62.0,68.0,55.0,61.7
Student7072,53.0,77.0,86.0,72.0
Student7073,91.0,50.0,97.0,79.3
Student7074,94.0,54.0,81.0,76.3
Student7075,59.0,59.0,60.0,59.3
Student7076,80.0,91.0,66.0,79.0
Student7077,90.0,95.0,54.0,79.7
Student7078,57.0,83.0,55.0,65.0
Student7079,52.0,85.0,59.0,65.3
Student7080,97.0,51.0,82.0,76.7
Student7081,95.0,67.0,79.0,80.3
Student7082,58.0,62.0,70.0,63.3
Student7083,79.0,54.0,91.0,74.7
Student7084,60.0,69.0,66.0,65.0
Student7085,84.0,51.0,76.0,70.3
Student7086,86.0,60.0,52.0,66.0
Student7087,91.0,79.0,78.0,82.7
Student7088,62.0,81.0,51.0,64.7
Student7089,85.0,81.0,78.0,81.3
Student7090,62.0,99.0,98.0,86.3
Student7091,61.0,87.0,85.0,77.7
Student7092,86.0,77.0,83.0,82.0
Student7093,59.0,59.0,86.0,68.0
Student7094,58.0,71.0,91.0,73.3
Student7095,56.0,66.0,50.0,57.3
Student7096,51.0,71.0,75.0,65.7
Student7097,72.0,92.0,50.0,71.3
Student7098,88.0,68.0,53.0,69.7
Student7099,89.0,66.0,88.0,81.0
Student7100,88.0,73.0,63.0,74.7
Student7101,70.0,85.0,95.0,83.3
Student7102,72.0,81.0,67.0,73.3
Student7103,78.0,95.0,83.0,85.3
Student7104,63.0,85.0,50.0,66.0
Student7105,75.0,77.0,71.0,74.3
Student7106,54.0,63.0,65.0,60.7
Student7107,80.0,85.0,71.0,78.7
Student7108,74.0,55.0,99.0,76.0
Student7109,80.0,58.0,65.0,67.7
Student7110,99.0,70.0,77.0,82.0
Student7111,69.0,61.0,77.0,69.0
Student7112,93.0,79.0,71.0,81.0
Student7113,66.0,80.0,55.0,67.0
Student7114,94.0,89.0,74.0,85.7
Student7115,51.0,53.0,91.0,65.0
Student7116,74.0,80.0,51.0,68.3
Student7117,62.0,76.0,56.0,64.7
Student7118,88.0,74.0,66.0,76.0
Student7119,77.0,54.0,84.0,71.7
Student7120,91.0,55.0,69.0,71.7
Student7121,55.0,54.0,93.0,67.3
Student7122,52.0,76.0,51.0,59.7
Student7123,84.0,57.0,56.0,65.7
Student7124,67.0,58.0,81.0,68.7
Student7125,60.0,64.0,98.0,74.0
Student7126,69.0,85.0,68.0,74.0
Student7127,54.0,90.0,unknown,72.0
Student7128,68.0,56.0,58.0,60.7
Student7129,71.0,81.0,76.0,76.0
Student7130,68.0,57.0,63.0,62.7
Student7131,96.0,96.0,51.0,81.0
Student7132,65.0,64.0,70.0,66.3
Student7133,73.0,86.0,53.0,70.7
Student7134,90.0,68.0,70.0,76.0
Student7135,53.0,88.0,97.0,79.3
Student7136,64.0,55.0,71.0,63.3
Student7137,74.0,68.0,98.0,80.0
Student7138,93.0,77.0,51.0,73.7
Student7139,84.0,66.0,66.0,72.0
Student7140,63.0,91.0,68.0,74.0
Student7141,unknown,68.0,89.0,78.5
Student7142,68.0,unknown,73.0,70.5
Student7143,87.0,60.0,69.0,72.0
Student7144,85.0,64.0,87.0,78.7
Student7145,unknown,59.0,61.0,60.0
Student7146,79.0,92.0,74.0,81.7
Student7147,68.0,72.0,72.0,70.7
Student7148,98.0,52.0,99.0,83.0
Student7149,74.0,52.0,83.0,69.7
Student7150,65.0,67.0,81.0,71.0
Student7151,96.0,74.0,73.0,81.0
Student7152,89.0,92.0,91.0,90.7
Student7153,57.0,69.0,74.0,66.7
Student7154,67.0,78.0,52.0,65.7
Student7155,77.0,71.0,74.0,74.0
Student7156,65.0,unknown,77.0,71.0
Student7157,68.0,64.0,61.0,64.3
Student7158,91.0,88.0,75.0,84.7
Student7159,66.0,59.0,97.0,74.0
Student7160,94.0,unknown,93.0,93.5
Student7161,62.0,78.0,57.0,65.7
Student7162,56.0,81.0,54.0,63.7
Student7163,76.0,59.0,60.0,65.0
Student7164,59.0,62.0,91.0,70.7
Student7165,83.0,96.0,84.0,87.7
Student7166,85.0,72.0,76.0,77.7
Student7167,74.0,99.0,90.0,87.7
Student7168,55.0,72.0,93.0,73.3
Student7169,73.0,80.0,87.0,80.0
Student7170,67.0,53.0,68.0,62.7
Student7171,72.0,unknown,97.0,84.5
Student7172,55.0,52.0,81.0,62.7
Student7173,78.0,unknown,95.0,86.5
Student7174,74.0,51.0,77.0,67.3
Student7175,66.0,53.0,85.0,68.0
Student7176,95.0,50.0,67.0,70.7
Student7177,73.0,64.0,59.0,65.3
Student7178,60.0,82.0,81.0,74.3
Student7179,75.0,55.0,67.0,65.7
Student7180,unknown,56.0,unknown,56.0
Student7181,77.0,68.0,57.0,67.3
Student7182,52.0,93.0,82.0,75.7
Student7183,60.0,50.0,95.0,68.3
Student7184,87.0,88.0,87.0,87.3
Student7185,63.0,68.0,63.0,64.7
Student7186,75.0,94.0,51.0,73.3
Student7187,97.0,75.0,58.0,76.7
Student7188,70.0,93.0,93.0,85.3
Student7189,88.0,61.0,54.0,67.7
Student7190,79.0,71.0,83.0,77.7
Student7191,57.0,62.0,68.0,62.3
Student7192,69.0,77.0,unknown,73.0
Student7193,97.0,63.0,88.0,82.7
Student7194,81.0,71.0,91.0,81.0
Student7195,71.0,79.0,66.0,72.0
Student7196,unknown,93.0,75.0,84.0
Student7197,58.0,69.0,95.0,74.0
Student7198,94.0,93.0,76.0,87.7
Student7199,50.0,76.0,92.0,72.7
Student7200,78.0,87.0,77.0,80.7
Student7201,57.0,91.0,69.0,72.3
Student7202,53.0,90.0,55.0,66.0
Student7203,84.0,83.0,unknown,83.5
Student7204,52.0,88.0,81.0,73.7
Student7205,94.0,unknown,68.0,81.0
Student7206,89.0,unknown,81.0,85.0
Student7207,unknown,86.0,68.0,77.0
Student7208,76.0,50.0,73.0,66.3
Student7209,50.0,64.0,73.0,62.3
Student7210,76.0,81.0,66.0,74.3
Student7211,65.0,57.0,67.0,63.0
Student7212,87.0,82.0,61.0,76.7
Student7213,56.0,67.0,90.0,71.0
Student7214,93.0,unknown,72.0,82.5
Student7215,72.0,78.0,97.0,82.3
Student7216,90.0,81.0,67.0,79.3
Student7217,60.0,82.0,65.0,69.0
Student7218,91.0,54.0,65.0,70.0
Student7219,82.0,67.0,85.0,78.0
Student7220,99.0,97.0,72.0,89.3
Student7221,85.0,59.0,71.0,71.7
Student7222,86.0,85.0,88.0,86.3
Student7223,90.0,unknown,82.0,86.0
Student7224,66.0,72.0,73.0,70.3
Student7225,84.0,89.0,69.0,80.7
Student7226,97.0,54.0,82.0,77.7
Student7227,54.0,83.0,80.0,72.3
Student7228,97.0,73.0,89.0,86.3
Student7229,81.0,66.0,57.0,68.0
Student7230,52.0,80.0,59.0,63.7
Student7231,96.0,56.0,50.0,67.3
Student7232,84.0,66.0,70.0,73.3
Student7233,63.0,77.0,74.0,71.3
Student7234,97.0,87.0,81.0,88.3
Student7235,80.0,71.0,95.0,82.0
Student7236,80.0,64.0,95.0,79.7
Student7237,66.0,86.0,59.0,70.3
Student7238,73.0,64.0,97.0,78.0
Student7239,unknown,99.0,58.0,78.5
Student7240,unknown,99.0,unknown,99.0
Student7241,99.0,74.0,97.0,90.0
Student7242,63.0,70.0,69.0,67.3
Student7243,99.0,unknown,89.0,94.0
Student7244,64.0,51.0,56.0,57.0
Student7245,64.0,76.0,60.0,66.7
Student7246,unknown,98.0,70.0,84.0
Student7247,76.0,81.0,87.0,81.3
Student7248,64.0,70.0,unknown,67.0
Student7249,99.0,53.0,68.0,73.3
Student7250,85.0,93.0,95.0,91.0
Student7251,57.0,68.0,64.0,63.0
Student7252,unknown,51.0,55.0,53.0
Student7253,52.0,75.0,59.0,62.0
Student7254,unknown,83.0,95.0,89.0
Student7255,62.0,63.0,65.0,63.3
Student7256,90.0,64.0,94.0,82.7
Student7257,83.0,69.0,60.0,70.7
Student7258,73.0,83.0,84.0,80.0
Student7259,89.0,85.0,57.0,77.0
Student7260,81.0,unknown,77.0,79.0
Student7261,unknown,58.0,52.0,55.0
Student7262,79.0,56.0,51.0,62.0
Student7263,98.0,79.0,63.0,80.0
Student7264,62.0,62.0,78.0,67.3
Student7265,50.0,unknown,96.0,73.0
Student7266,83.0,93.0,52.0,76.0
Student7267,64.0,84.0,50.0,66.0
Student7268,93.0,unknown,64.0,78.5
Student7269,63.0,64.0,69.0,65.3
Student7270,78.0,95.0,71.0,81.3
Student7271,83.0,58.0,83.0,74.7
Student7272,67.0,94.0,99.0,86.7
Student7273,56.0,72.0,unknown,64.0
Student7274,78.0,85.0,58.0,73.7
Student7275,80.0,89.0,52.0,73.7
Student7276,74.0,52.0,51.0,59.0
Student7277,87.0,83.0,53.0,74.3
Student7278,63.0,68.0,65.0,65.3
Student7279,57.0,77.0,82.0,72.0
Student7280,76.0,72.0,58.0,68.7
Student7281,51.0,89.0,89.0,76.3
Student7282,66.0,98.0,87.0,83.7
Student7283,86.0,94.0,67.0,82.3
Student7284,63.0,56.0,65.0,61.3
Student7285,74.0,90.0,57.0,73.7
Student7286,79.0,61.0,72.0,70.7
Student7287,78.0,63.0,85.0,75.3
Student7288,69.0,95.0,52.0,72.0
Student7289,70.0,64.0,64.0,66.0
Student7290,71.0,52.0,87.0,70.0
Student7291,84.0,64.0,82.0,76.7
Student7292,86.0,73.0,67.0,75.3
Student7293,65.0,95.0,unknown,80.0
Student7294,99.0,57.0,92.0,82.7
Student7295,98.0,54.0,52.0,68.0
Student7296,92.0,53.0,79.0,74.7
Student7297,66.0,63.0,94.0,74.3
Student7298,65.0,65.0,66.0,65.3
Student7299,51.0,69.0,unknown,60.0
Student7300,53.0,73.0,81.0,69.0
Student7301,70.0,55.0,95.0,73.3
Student7302,88.0,80.0,56.0,74.7
Student7303,83.0,55.0,88.0,75.3
Student7304,79.0,84.0,63.0,75.3
Student7305,55.0,64.0,64.0,61.0
Student7306,66.0,78.0,unknown,72.0
Student7307,88.0,52.0,61.0,67.0
Student7308,74.0,60.0,57.0,63.7
Student7309,54.0,52.0,65.0,57.0
Student7310,54.0,77.0,90.0,73.7
Student7311,69.0,59.0,83.0,70.3
Student7312,65.0,99.0,unknown,82.0
Student7313,90.0,82.0,73.0,81.7
Student7314,86.0,97.0,78.0,87.0
Student7315,89.0,65.0,65.0,73.0
Student7316,58.0,59.0,54.0,57.0
Student7317,54.0,unknown,54.0,54.0
Student7318,91.0,85.0,79.0,85.0
Student7319,51.0,52.0,99.0,67.3
Student7320,58.0,54.0,unknown,56.0
Student7321,92.0,61.0,54.0,69.0
Student7322,85.0,93.0,92.0,90.0
Student7323,71.0,62.0,62.0,65.0
Student7324,71.0,73.0,84.0,76.0
Student7325,71.0,93.0,98.0,87.3
Student7326,83.0,81.0,unknown,82.0
Student7327,78.0,65.0,99.0,80.7
Student7328,87.0,81.0,63.0,77.0
Student7329,95.0,94.0,93.0,94.0
Student7330,82.0,86.0,95.0,87.7
Student7331,67.0,85.0,75.0,75.7
Student7332,56.0,70.0,67.0,64.3
Student7333,50.0,96.0,69.0,71.7
Student7334,82.0,61.0,83.0,75.3
Student7335,50.0,70.0,56.0,58.7
Student7336,73.0,70.0,96.0,79.7
Student7337,53.0,92.0,59.0,68.0
Student7338,53.0,55.0,64.0,57.3
Student7339,67.0,58.0,66.0,63.7
Student7340,76.0,50.0,60.0,62.0
Student7341,92.0,61.0,83.0,78.7
Student7342,81.0,63.0,76.0,73.3
Student7343,82.0,55.0,70.0,69.0
Student7344,77.0,50.0,80.0,69.0
Student7345,91.0,unknown,99.0,95.0
Student7346,90.0,83.0,53.0,75.3
Student7347,85.0,60.0,90.0,78.3
Student7348,55.0,52.0,98.0,68.3
Student7349,65.0,91.0,66.0,74.0
Student7350,83.0,55.0,98.0,78.7
Student7351,unknown,55.0,97.0,76.0
Student7352,99.0,69.0,69.0,79.0
Student7353,91.0,70.0,74.0,78.3
Student7354,73.0,51.0,89.0,71.0
Student7355,98.0,unknown,72.0,85.0
Student7356,62.0,unknown,64.0,63.0
Student7357,67.0,75.0,82.0,74.7
Student7358,62.0,81.0,68.0,70.3
Student7359,98.0,59.0,64.0,73.7
Student7360,86.0,72.0,90.0,82.7
Student7361,92.0,55.0,54.0,67.0
Student7362,88.0,unknown,65.0,76.5
Student7363,91.0,77.0,94.0,87.3
Student7364,66.0,98.0,97.0,87.0
Student7365,64.0,79.0,81.0,74.7
Student7366,67.0,63.0,71.0,67.0
Student7367,72.0,86.0,unknown,79.0
Student7368,79.0,81.0,81.0,80.3
Student7369,83.0,98.0,62.0,81.0
Student7370,53.0,83.0,87.0,74.3
Student7371,52.0,90.0,75.0,72.3
Student7372,56.0,93.0,unknown,74.5
Student7373,67.0,71.0,54.0,64.0
Student7374,91.0,80.0,98.0,89.7
Student7375,56.0,56.0,82.0,64.7
Student7376,89.0,90.0,76.0,85.0
Student7377,55.0,70.0,54.0,59.7
Student7378,71.0,65.0,86.0,74.0
Student7379,50.0,69.0,56.0,58.3
Student7380,53.0,92.0,97.0,80.7
Student7381,95.0,93.0,67.0,85.0
Student7382,98.0,96.0,80.0,91.3
Student7383,99.0,99.0,55.0,84.3
Student7384,92.0,68.0,51.0,70.3
Student7385,78.0,97.0,62.0,79.0
Student7386,unknown,81.0,91.0,86.0
Student7387,75.0,64.0,60.0,66.3
Student7388,63.0,54.0,75.0,64.0
Student7389,58.0,60.0,70.0,62.7
Student7390,96.0,64.0,51.0,70.3
Student7391,61.0,78.0,89.0,76.0
Student7392,91.0,unknown,69.0,80.0
Student7393,55.0,94.0,66.0,71.7
Student7394,69.0,53.0,65.0,62.3
Student7395,73.0,98.0,91.0,87.3
Student7396,76.0,85.0,54.0,71.7
Student7397,87.0,97.0,63.0,82.3
Student7398,57.0,72.0,73.0,67.3
Student7399,50.0,unknown,53.0,51.5
Student7400,98.0,95.0,97.0,96.7
Student7401,98.0,93.0,73.0,88.0
Student7402,73.0,52.0,96.0,73.7
Student7403,96.0,81.0,58.0,78.3
Student7404,56.0,59.0,52.0,55.7
Student7405,68.0,89.0,58.0,71.7
Student7406,71.0,87.0,67.0,75.0
Student7407,84.0,71.0,85.0,80.0
Student7408,79.0,63.0,68.0,70.0
Student7409,78.0,66.0,73.0,72.3
Student7410,71.0,70.0,53.0,64.7
Student7411,60.0,97.0,58.0,71.7
Student7412,69.0,64.0,82.0,71.7
Student7413,78.0,64.0,50.0,64.0
Student7414,90.0,50.0,84.0,74.7
Student7415,91.0,73.0,59.0,74.3
Student7416,83.0,61.0,61.0,68.3
Student7417,50.0,59.0,67.0,58.7
Student7418,80.0,95.0,63.0,79.3
Student7419,79.0,91.0,59.0,76.3
Student7420,97.0,91.0,59.0,82.3
Student7421,67.0,80.0,67.0,71.3
Student7422,66.0,60.0,73.0,66.3
Student7423,87.0,65.0,50.0,67.3
Student7424,63.0,58.0,79.0,66.7
Student7425,72.0,96.0,64.0,77.3
Student7426,74.0,63.0,57.0,64.7
Student7427,64.0,68.0,84.0,72.0
Student7428,95.0,80.0,67.0,80.7
Student7429,71.0,58.0,90.0,73.0
Student7430,52.0,85.0,unknown,68.5
Student7431,68.0,unknown,unknown,68.0
Student7432,93.0,75.0,64.0,77.3
Student7433,83.0,unknown,54.0,68.5
Student7434,84.0,73.0,94.0,83.7
Student7435,unknown,57.0,56.0,56.5
Student7436,50.0,68.0,97.0,71.7
Student7437,70.0,96.0,56.0,74.0
Student7438,78.0,97.0,76.0,83.7
Student7439,unknown,79.0,74.0,76.5
Student7440,86.0,71.0,71.0,76.0
Student7441,50.0,58.0,97.0,68.3
Student7442,50.0,93.0,62.0,68.3
Student7443,76.0,97.0,66.0,79.7
Student7444,70.0,53.0,90.0,71.0
Student7445,65.0,86.0,93.0,81.3
Student7446,93.0,57.0,62.0,70.7
Student7447,89.0,50.0,75.0,71.3
Student7448,75.0,77.0,58.0,70.0
Student7449,65.0,55.0,54.0,58.0
Student7450,77.0,96.0,88.0,87.0
Student7451,50.0,unknown,82.0,66.0
Student7452,85.0,60.0,53.0,66.0
Student7453,59.0,54.0,77.0,63.3
Student7454,92.0,99.0,75.0,88.7
Student7455,unknown,73.0,53.0,63.0
Student7456,72.0,96.0,65.0,77.7
Student7457,56.0,67.0,86.0,69.7
Student7458,93.0,69.0,71.0,77.7
Student7459,56.0,77.0,85.0,72.7
Student7460,93.0,62.0,87.0,80.7
Student7461,64.0,unknown,84.0,74.0
Student7462,83.0,79.0,74.0,78.7
Student7463,95.0,50.0,57.0,67.3
Student7464,94.0,71.0,66.0,77.0
Student7465,53.0,67.0,67.0,62.3
Student7466,63.0,95.0,99.0,85.7
Student7467,63.0,54.0,61.0,59.3
Student7468,65.0,80.0,82.0,75.7
Student7469,56.0,55.0,72.0,61.0
Student7470,81.0,76.0,61.0,72.7
Student7471,68.0,74.0,60.0,67.3
Student7472,51.0,78.0,unknown,64.5
Student7473,59.0,77.0,84.0,73.3
Student7474,99.0,65.0,76.0,80.0
Student7475,66.0,61.0,74.0,67.0
Student7476,86.0,69.0,89.0,81.3
Student7477,61.0,67.0,52.0,60.0
Student7478,55.0,83.0,98.0,78.7
Student7479,unknown,72.0,74.0,73.0
Student7480,81.0,94.0,94.0,89.7
Student7481,90.0,76.0,59.0,75.0
Student7482,69.0,98.0,66.0,77.7
Student7483,50.0,66.0,52.0,56.0
Student7484,96.0,97.0,94.0,95.7
Student7485,55.0,70.0,unknown,62.5
Student7486,68.0,99.0,87.0,84.7
Student7487,67.0,89.0,63.0,73.0
Student7488,55.0,80.0,76.0,70.3
Student7489,94.0,52.0,91.0,79.0
Student7490,82.0,unknown,69.0,75.5
Student7491,72.0,99.0,97.0,89.3
Student7492,72.0,75.0,67.0,71.3
Student7493,75.0,72.0,62.0,69.7
Student7494,62.0,55.0,91.0,69.3
Student7495,56.0,77.0,55.0,62.7
Student7496,64.0,57.0,59.0,60.0
Student7497,93.0,94.0,86.0,91.0
Student7498,76.0,57.0,78.0,70.3
Student7499,75.0,unknown,55.0,65.0
Student7500,82.0,87.0,88.0,85.7
Student7501,64.0,78.0,60.0,67.3
Student7502,85.0,72.0,97.0,84.7
Student7503,94.0,96.0,74.0,88.0
Student7504,76.0,81.0,93.0,83.3
Student7505,54.0,unknown,93.0,73.5
Student7506,51.0,76.0,79.0,68.7
Student7507,82.0,98.0,69.0,83.0
Student7508,65.0,50.0,86.0,67.0
Student7509,72.0,88.0,65.0,75.0
Student7510,87.0,78.0,80.0,81.7
Student7511,65.0,94.0,78.0,79.0
Student7512,63.0,52.0,55.0,56.7
Student7513,78.0,96.0,78.0,84.0
Student7514,75.0,86.0,81.0,80.7
Student7515,84.0,80.0,58.0,74.0
Student7516,64.0,60.0,86.0,70.0
Student7517,52.0,71.0,72.0,65.0
Student7518,unknown,67.0,65.0,66.0
Student7519,78.0,84.0,unknown,81.0
Student7520,83.0,55.0,68.0,68.7
Student7521,82.0,52.0,unknown,67.0
Student7522,90.0,54.0,51.0,65.0
Student7523,90.0,58.0,59.0,69.0
Student7524,72.0,77.0,61.0,70.0
Student7525,56.0,68.0,95.0,73.0
Student7526,52.0,77.0,67.0,65.3
Student7527,81.0,76.0,68.0,75.0
Student7528,unknown,62.0,87.0,74.5
Student7529,67.0,87.0,86.0,80.0
Student7530,92.0,92.0,76.0,86.7
Student7531,56.0,70.0,97.0,74.3
Student7532,90.0,76.0,63.0,76.3
Student7533,unknown,95.0,94.0,94.5
Student7534,63.0,55.0,83.0,67.0
Student7535,81.0,87.0,51.0,73.0
Student7536,55.0,98.0,93.0,82.0
Student7537,88.0,60.0,82.0,76.7
Student7538,59.0,96.0,68.0,74.3
Student7539,56.0,unknown,76.0,66.0
Student7540,75.0,66.0,97.0,79.3
Student7541,83.0,88.0,79.0,83.3
Student7542,unknown,56.0,56.0,56.0
Student7543,85.0,79.0,76.0,80.0
Student7544,70.0,70.0,70.0,70.0
Student7545,66.0,50.0,56.0,57.3
Student7546,82.0,74.0,97.0,84.3
Student7547,59.0,81.0,unknown,70.0
Student7548,96.0,57.0,87.0,80.0
Student7549,91.0,54.0,67.0,70.7
Student7550,61.0,79.0,82.0,74.0
Student7551,65.0,57.0,82.0,68.0
Student7552,90.0,98.0,81.0,89.7
Student7553,81.0,68.0,74.0,74.3
Student7554,64.0,93.0,63.0,73.3
Student7555,76.0,79.0,87.0,80.7
Student7556,77.0,64.0,87.0,76.0
Student7557,66.0,85.0,53.0,68.0
Student7558,95.0,93.0,93.0,93.7
Student7559,99.0,76.0,67.0,80.7
Student7560,51.0,62.0,59.0,57.3
Student7561,85.0,63.0,84.0,77.3
Student7562,99.0,86.0,84.0,89.7
Student7563,56.0,97.0,89.0,80.7
Student7564,62.0,79.0,72.0,71.0
Student7565,unknown,unknown,74.0,74.0
Student7566,74.0,unknown,50.0,62.0
Student7567,72.0,62.0,67.0,67.0
Student7568,71.0,65.0,64.0,66.7
Student7569,75.0,93.0,74.0,80.7
Student7570,82.0,56.0,81.0,73.0
Student7571,60.0,97.0,69.0,75.3
Student7572,59.0,76.0,66.0,67.0
Student7573,74.0,94.0,60.0,76.0
Student7574,unknown,84.0,62.0,73.0
Student7575,97.0,64.0,74.0,78.3
Student7576,92.0,77.0,unknown,84.5
Student7577,87.0,84.0,74.0,81.7
Student7578,90.0,56.0,91.0,79.0
Student7579,94.0,99.0,94.0,95.7
Student7580,73.0,95.0,98.0,88.7
Student7581,89.0,99.0,80.0,89.3
Student7582,95.0,95.0,50.0,80.0
Student7583,82.0,69.0,65.0,72.0
Student7584,66.0,81.0,97.0,81.3
Student7585,73.0,87.0,77.0,79.0
Student7586,86.0,89.0,unknown,87.5
Student7587,51.0,81.0,79.0,70.3
Student7588,81.0,75.0,52.0,69.3
Student7589,73.0,88.0,83.0,81.3
Student7590,58.0,69.0,55.0,60.7
Student7591,53.0,67.0,92.0,70.7
Student7592,66.0,99.0,78.0,81.0
Student7593,66.0,64.0,52.0,60.7
Student7594,99.0,71.0,82.0,84.0
Student7595,97.0,71.0,60.0,76.0
Student7596,79.0,70.0,94.0,81.0
Student7597,89.0,51.0,54.0,64.7
Student7598,60.0,89.0,99.0,82.7
Student7599,70.0,92.0,81.0,81.0
Student7600,70.0,67.0,96.0,77.7
Student7601,67.0,72.0,67.0,68.7
Student7602,78.0,62.0,96.0,78.7
Student7603,73.0,90.0,69.0,77.3
Student7604,59.0,58.0,88.0,68.3
Student7605,94.0,98.0,98.0,96.7
Student7606,66.0,56.0,89.0,70.3
Student7607,67.0,unknown,77.0,72.0
Student7608,91.0,50.0,62.0,67.7
Student7609,97.0,51.0,75.0,74.3
Student7610,69.0,53.0,65.0,62.3
Student7611,86.0,63.0,74.0,74.3
Student7612,94.0,81.0,59.0,78.0
Student7613,unknown,unknown,78.0,78.0
Student7614,unknown,51.0,95.0,73.0
Student7615,58.0,89.0,87.0,78.0
Student7616,63.0,99.0,69.0,77.0
Student7617,unknown,63.0,75.0,69.0
Student7618,78.0,69.0,81.0,76.0
Student7619,80.0,74.0,88.0,80.7
Student7620,53.0,91.0,87.0,77.0
Student7621,67.0,98.0,98.0,87.7
Student7622,69.0,57.0,73.0,66.3
Student7623,96.0,77.0,80.0,84.3
Student7624,92.0,95.0,89.0,92.0
Student7625,93.0,70.0,61.0,74.7
Student7626,58.0,72.0,85.0,71.7
Student7627,62.0,81.0,59.0,67.3
Student7628,64.0,57.0,55.0,58.7
Student7629,76.0,80.0,56.0,70.7
Student7630,64.0,86.0,80.0,76.7
Student7631,77.0,65.0,76.0,72.7
Student7632,86.0,89.0,57.0,77.3
Student7633,68.0,91.0,unknown,79.5
Student7634,unknown,76.0,89.0,82.5
Student7635,75.0,89.0,96.0,86.7
Student7636,74.0,90.0,unknown,82.0
Student7637,75.0,67.0,50.0,64.0
Student7638,75.0,84.0,94.0,84.3
Student7639,95.0,98.0,99.0,97.3
Student7640,77.0,64.0,64.0,68.3
Student7641,98.0,76.0,56.0,76.7
Student7642,67.0,66.0,64.0,65.7
Student7643,81.0,89.0,74.0,81.3
Student7644,52.0,51.0,52.0,51.7
Student7645,51.0,98.0,79.0,76.0
Student7646,82.0,99.0,63.0,81.3
Student7647,91.0,80.0,53.0,74.7
Student7648,68.0,86.0,85.0,79.7
Student7649,66.0,90.0,52.0,69.3
Student7650,93.0,90.0,54.0,79.0
Student7651,82.0,83.0,74.0,79.7
Student7652,unknown,83.0,80.0,81.5
Student7653,98.0,52.0,60.0,70.0
Student7654,52.0,66.0,57.0,58.3
Student7655,92.0,63.0,75.0,76.7
Student7656,98.0,63.0,51.0,70.7
Student7657,75.0,95.0,77.0,82.3
Student7658,84.0,87.0,unknown,85.5
Student7659,57.0,84.0,59.0,66.7
Student7660,85.0,50.0,99.0,78.0
Student7661,56.0,97.0,88.0,80.3
Student7662,95.0,78.0,86.0,86.3
Student7663,95.0,53.0,88.0,78.7
Student7664,85.0,82.0,70.0,79.0
Student7665,65.0,66.0,77.0,69.3
Student7666,73.0,77.0,87.0,79.0
Student7667,50.0,99.0,82.0,77.0
Student7668,98.0,75.0,60.0,77.7
Student7669,unknown,57.0,94.0,75.5
Student7670,59.0,83.0,93.0,78.3
Student7671,65.0,67.0,50.0,60.7
Student7672,65.0,80.0,96.0,80.3
Student7673,57.0,76.0,82.0,71.7
Student7674,78.0,unknown,52.0,65.0
Student7675,88.0,59.0,75.0,74.0
Student7676,77.0,89.0,64.0,76.7
Student7677,55.0,61.0,90.0,68.7
Student7678,65.0,71.0,63.0,66.3
Student7679,69.0,65.0,72.0,68.7
Student7680,unknown,61.0,57.0,59.0
Student7681,56.0,60.0,85.0,67.0
Student7682,90.0,69.0,69.0,76.0
Student7683,63.0,unknown,55.0,59.0
Student7684,92.0,76.0,82.0,83.3
Student7685,75.0,52.0,77.0,68.0
Student7686,75.0,unknown,99.0,87.0
Student7687,63.0,79.0,87.0,76.3
Student7688,56.0,58.0,79.0,64.3
Student7689,82.0,86.0,95.0,87.7
Student7690,75.0,50.0,92.0,72.3
Student7691,94.0,91.0,66.0,83.7
Student7692,69.0,98.0,58.0,75.0
Student7693,52.0,unknown,unknown,52.0
Student7694,53.0,64.0,56.0,57.7
Student7695,75.0,76.0,95.0,82.0
Student7696,60.0,57.0,77.0,64.7
Student7697,51.0,72.0,66.0,63.0
Student7698,63.0,64.0,89.0,72.0
Student7699,93.0,76.0,97.0,88.7
Student7700,79.0,80.0,93.0,84.0
Student7701,98.0,unknown,93.0,95.5
Student7702,61.0,96.0,54.0,70.3
Student7703,75.0,57.0,54.0,62.0
Student7704,93.0,79.0,63.0,78.3
Student7705,82.0,91.0,55.0,76.0
Student7706,62.0,67.0,56.0,61.7
Student7707,63.0,53.0,66.0,60.7
Student7708,73.0,96.0,58.0,75.7
Student7709,unknown,92.0,80.0,86.0
Student7710,93.0,71.0,71.0,78.3
Student7711,75.0,52.0,unknown,63.5
Student7712,70.0,64.0,58.0,64.0
Student7713,77.0,84.0,65.0,75.3
Student7714,97.0,96.0,85.0,92.7
Student7715,85.0,87.0,83.0,85.0
Student7716,89.0,82.0,94.0,88.3
Student7717,51.0,63.0,62.0,58.7
Student7718,91.0,97.0,68.0,85.3
Student7719,58.0,50.0,61.0,56.3
Student7720,72.0,98.0,85.0,85.0
Student7721,64.0,75.0,59.0,66.0
Student7722,62.0,57.0,65.0,61.3
Student7723,72.0,99.0,77.0,82.7
Student7724,66.0,65.0,68.0,66.3
Student7725,97.0,87.0,89.0,91.0
Student7726,51.0,59.0,55.0,55.0
Student7727,69.0,91.0,unknown,80.0
Student7728,69.0,86.0,79.0,78.0
Student7729,95.0,75.0,88.0,86.0
Student7730,52.0,77.0,80.0,69.7
Student7731,61.0,61.0,95.0,72.3
Student7732,89.0,69.0,76.0,78.0
Student7733,51.0,98.0,94.0,81.0
Student7734,85.0,63.0,70.0,72.7
Student7735,63.0,95.0,unknown,79.0
Student7736,65.0,84.0,58.0,69.0
Student7737,68.0,78.0,84.0,76.7
Student7738,83.0,61.0,91.0,78.3
Student7739,93.0,67.0,96.0,85.3
Student7740,95.0,93.0,unknown,94.0
Student7741,55.0,51.0,66.0,57.3
Student7742,62.0,51.0,73.0,62.0
Student7743,85.0,66.0,80.0,77.0
Student7744,71.0,59.0,55.0,61.7
Student7745,unknown,67.0,84.0,75.5
Student7746,61.0,71.0,99.0,77.0
Student7747,79.0,68.0,86.0,77.7
Student7748,89.0,50.0,62.0,67.0
Student7749,56.0,73.0,74.0,67.7
Student7750,unknown,unknown,81.0,81.0
Student7751,97.0,74.0,50.0,73.7
Student7752,68.0,85.0,98.0,83.7
Student7753,unknown,80.0,84.0,82.0
Student7754,unknown,80.0,68.0,74.0
Student7755,76.0,51.0,61.0,62.7
Student7756,92.0,68.0,89.0,83.0
Student7757,86.0,unknown,89.0,87.5
Student7758,97.0,59.0,96.0,84.0
Student7759,56.0,80.0,92.0,76.0
Student7760,54.0,94.0,69.0,72.3
Student7761,60.0,71.0,82.0,71.0
Student7762,64.0,72.0,78.0,71.3
Student7763,52.0,72.0,65.0,63.0
Student7764,54.0,64.0,63.0,60.3
Student7765,72.0,75.0,56.0,67.7
Student7766,86.0,52.0,55.0,64.3
Student7767,58.0,72.0,70.0,66.7
Student7768,64.0,69.0,85.0,72.7
Student7769,52.0,94.0,71.0,72.3
Student7770,78.0,89.0,89.0,85.3
Student7771,55.0,unknown,68.0,61.5
Student7772,66.0,57.0,74.0,65.7
Student7773,75.0,67.0,52.0,64.7
Student7774,70.0,90.0,85.0,81.7
Student7775,57.0,55.0,94.0,68.7
Student7776,70.0,76.0,unknown,73.0
Student7777,60.0,85.0,60.0,68.3
Student7778,unknown,64.0,97.0,80.5
Student7779,57.0,86.0,91.0,78.0
Student7780,91.0,54.0,96.0,80.3
Student7781,73.0,88.0,unknown,80.5
Student7782,84.0,58.0,91.0,77.7
Student7783,63.0,56.0,51.0,56.7
Student7784,63.0,90.0,55.0,69.3
Student7785,59.0,69.0,95.0,74.3
Student7786,61.0,59.0,51.0,57.0
Student7787,87.0,75.0,91.0,84.3
Student7788,unknown,53.0,66.0,59.5
Student7789,95.0,87.0,89.0,90.3
Student7790,83.0,73.0,97.0,84.3
Student7791,90.0,63.0,63.0,72.0
Student7792,59.0,90.0,59.0,69.3
Student7793,66.0,50.0,94.0,70.0
Student7794,66.0,66.0,unknown,66.0
Student7795,52.0,94.0,91.0,79.0
Student7796,80.0,73.0,61.0,71.3
Student7797,50.0,76.0,81.0,69.0
Student7798,61.0,56.0,98.0,71.7
Student7799,88.0,58.0,unknown,73.0
Student7800,53.0,92.0,63.0,69.3
Student7801,unknown,84.0,54.0,69.0
Student7802,62.0,61.0,54.0,59.0
Student7803,83.0,70.0,96.0,83.0
Student7804,91.0,52.0,81.0,74.7
Student7805,70.0,64.0,94.0,76.0
Student7806,71.0,70.0,98.0,79.7
Student7807,53.0,59.0,82.0,64.7
Student7808,67.0,82.0,95.0,81.3
Student7809,54.0,95.0,53.0,67.3
Student7810,68.0,55.0,79.0,67.3
Student7811,51.0,51.0,90.0,64.0
Student7812,unknown,78.0,66.0,72.0
Student7813,66.0,89.0,52.0,69.0
Student7814,59.0,82.0,62.0,67.7
Student7815,83.0,53.0,93.0,76.3
Student7816,55.0,53.0,97.0,68.3
Student7817,57.0,78.0,85.0,73.3
Student7818,60.0,86.0,67.0,71.0
Student7819,61.0,69.0,72.0,67.3
Student7820,58.0,90.0,84.0,77.3
Student7821,51.0,72.0,98.0,73.7
Student7822,57.0,94.0,82.0,77.7
Student7823,60.0,67.0,85.0,70.7
Student7824,85.0,98.0,66.0,83.0
Student7825,59.0,74.0,88.0,73.7
Student7826,70.0,50.0,83.0,67.7
Student7827,69.0,64.0,61.0,64.7
Student7828,unknown,83.0,54.0,68.5
Student7829,57.0,97.0,97.0,83.7
Student7830,85.0,69.0,89.0,81.0
Student7831,78.0,86.0,76.0,80.0
Student7832,91.0,76.0,89.0,85.3
Student7833,61.0,71.0,62.0,64.7
Student7834,63.0,54.0,75.0,64.0
Student7835,97.0,83.0,63.0,81.0
Student7836,99.0,88.0,81.0,89.3
Student7837,70.0,52.0,60.0,60.7
Student7838,71.0,66.0,unknown,68.5
Student7839,70.0,73.0,65.0,69.3
Student7840,93.0,73.0,71.0,79.0
Student7841,99.0,unknown,96.0,97.5
Student7842,79.0,94.0,65.0,79.3
Student7843,88.0,56.0,unknown,72.0
Student7844,unknown,74.0,61.0,67.5
Student7845,73.0,52.0,67.0,64.0
Student7846,72.0,64.0,78.0,71.3
Student7847,56.0,78.0,unknown,67.0
Student7848,58.0,unknown,95.0,76.5
Student7849,50.0,78.0,51.0,59.7
Student7850,75.0,59.0,unknown,67.0
Student7851,87.0,81.0,52.0,73.3
Student7852,87.0,72.0,78.0,79.0
Student7853,93.0,88.0,57.0,79.3
Student7854,71.0,58.0,60.0,63.0
Student7855,93.0,86.0,unknown,89.5
Student7856,59.0,89.0,81.0,76.3
Student7857,55.0,63.0,53.0,57.0
Student7858,66.0,53.0,58.0,59.0
Student7859,99.0,69.0,73.0,80.3
Student7860,87.0,77.0,98.0,87.3
Student7861,73.0,63.0,65.0,67.0
Student7862,59.0,93.0,unknown,76.0
Student7863,57.0,83.0,96.0,78.7
Student7864,70.0,62.0,71.0,67.7
Student7865,55.0,80.0,56.0,63.7
Student7866,70.0,82.0,59.0,70.3
Student7867,88.0,88.0,78.0,84.7
Student7868,73.0,77.0,85.0,78.3
Student7869,82.0,74.0,73.0,76.3
Student7870,67.0,81.0,95.0,81.0
Student7871,77.0,58.0,63.0,66.0
Student7872,81.0,77.0,unknown,79.0
Student7873,61.0,80.0,74.0,71.7
Student7874,97.0,unknown,95.0,96.0
Student7875,91.0,72.0,71.0,78.0
Student7876,76.0,62.0,99.0,79.0
Student7877,59.0,59.0,96.0,71.3
Student7878,95.0,65.0,72.0,77.3
Student7879,91.0,55.0,81.0,75.7
Student7880,81.0,97.0,75.0,84.3
Student7881,91.0,60.0,76.0,75.7
Student7882,75.0,52.0,94.0,73.7
Student7883,74.0,77.0,61.0,70.7
Student7884,60.0,90.0,68.0,72.7
Student7885,72.0,64.0,68.0,68.0
Student7886,83.0,62.0,83.0,76.0
Student7887,89.0,91.0,81.0,87.0
Student7888,72.0,94.0,78.0,81.3
Student7889,78.0,66.0,70.0,71.3
Student7890,80.0,56.0,84.0,73.3
Student7891,56.0,77.0,91.0,74.7
Student7892,89.0,87.0,54.0,76.7
Student7893,82.0,62.0,61.0,68.3
Student7894,70.0,66.0,56.0,64.0
Student7895,51.0,64.0,90.0,68.3
Student7896,67.0,85.0,51.0,67.7
Student7897,96.0,77.0,74.0,82.3
Student7898,82.0,64.0,59.0,68.3
Student7899,86.0,95.0,87.0,89.3
Student7900,83.0,60.0,93.0,78.7
Student7901,69.0,unknown,55.0,62.0
Student7902,84.0,53.0,76.0,71.0
Student7903,99.0,84.0,84.0,89.0
Student7904,67.0,83.0,59.0,69.7
Student7905,95.0,76.0,58.0,76.3
Student7906,73.0,unknown,69.0,71.0
Student7907,57.0,79.0,86.0,74.0
Student7908,79.0,94.0,84.0,85.7
Student7909,93.0,69.0,86.0,82.7
Student7910,59.0,78.0,89.0,75.3
Student7911,72.0,78.0,57.0,69.0
Student7912,98.0,72.0,95.0,88.3
Student7913,60.0,99.0,80.0,79.7
Student7914,51.0,70.0,98.0,73.0
Student7915,75.0,97.0,92.0,88.0
Student7916,85.0,92.0,65.0,80.7
Student7917,82.0,59.0,unknown,70.5
Student7918,96.0,90.0,55.0,80.3
Student7919,62.0,61.0,81.0,68.0
Student7920,89.0,79.0,77.0,81.7
Student7921,74.0,82.0,60.0,72.0
Student7922,53.0,67.0,91.0,70.3
Student7923,91.0,63.0,72.0,75.3
Student7924,68.0,71.0,79.0,72.7
Student7925,67.0,70.0,58.0,65.0
Student7926,86.0,50.0,77.0,71.0
Student7927,79.0,98.0,73.0,83.3
Student7928,68.0,92.0,77.0,79.0
Student7929,72.0,64.0,73.0,69.7
Student7930,65.0,85.0,64.0,71.3
Student7931,50.0,96.0,88.0,78.0
Student7932,61.0,71.0,99.0,77.0
Student7933,73.0,81.0,unknown,77.0
Student7934,unknown,95.0,unknown,95.0
Student7935,57.0,82.0,83.0,74.0
Student7936,67.0,unknown,71.0,69.0
Student7937,97.0,88.0,78.0,87.7
Student7938,54.0,72.0,83.0,69.7
Student7939,75.0,92.0,91.0,86.0
Student7940,unknown,51.0,96.0,73.5
Student7941,62.0,51.0,59.0,57.3
Student7942,68.0,unknown,94.0,81.0
Student7943,78.0,78.0,79.0,78.3
Student7944,52.0,95.0,60.0,69.0
Student7945,75.0,52.0,83.0,70.0
Student7946,89.0,88.0,70.0,82.3
Student7947,61.0,56.0,62.0,59.7
Student7948,51.0,85.0,74.0,70.0
Student7949,60.0,78.0,70.0,69.3
Student7950,93.0,86.0,50.0,76.3
Student7951,77.0,98.0,54.0,76.3
Student7952,67.0,85.0,71.0,74.3
Student7953,62.0,72.0,56.0,63.3
Student7954,unknown,94.0,62.0,78.0
Student7955,71.0,65.0,94.0,76.7
Student7956,61.0,97.0,72.0,76.7
Student7957,unknown,80.0,70.0,75.0
Student7958,86.0,83.0,55.0,74.7
Student7959,56.0,99.0,69.0,74.7
Student7960,75.0,50.0,61.0,62.0
Student7961,75.0,67.0,89.0,77.0
Student7962,73.0,89.0,58.0,73.3
Student7963,unknown,92.0,99.0,95.5
Student7964,65.0,64.0,77.0,68.7
Student7965,72.0,97.0,60.0,76.3
Student7966,89.0,98.0,81.0,89.3
Student7967,58.0,66.0,60.0,61.3
Student7968,81.0,93.0,73.0,82.3
Student7969,64.0,59.0,64.0,62.3
Student7970,86.0,69.0,90.0,81.7
Student7971,62.0,55.0,84.0,67.0
Student7972,54.0,57.0,66.0,59.0
Student7973,60.0,94.0,74.0,76.0
Student7974,unknown,83.0,98.0,90.5
Student7975,62.0,81.0,84.0,75.7
Student7976,90.0,91.0,68.0,83.0
Student7977,95.0,53.0,90.0,79.3
Student7978,99.0,93.0,80.0,90.7
Student7979,64.0,99.0,66.0,76.3
Student7980,91.0,88.0,99.0,92.7
Student7981,56.0,69.0,72.0,65.7
Student7982,89.0,73.0,96.0,86.0
Student7983,77.0,73.0,50.0,66.7
Student7984,81.0,75.0,59.0,71.7
Student7985,84.0,74.0,57.0,71.7
Student7986,64.0,85.0,91.0,80.0
Student7987,97.0,56.0,75.0,76.0
Student7988,85.0,59.0,83.0,75.7
Student7989,unknown,96.0,68.0,82.0
Student7990,55.0,61.0,63.0,59.7
Student7991,50.0,50.0,57.0,52.3
Student7992,53.0,99.0,50.0,67.3
Student7993,60.0,74.0,97.0,77.0
Student7994,93.0,65.0,unknown,79.0
Student7995,75.0,unknown,73.0,74.0
Student7996,86.0,68.0,96.0,83.3
Student7997,72.0,53.0,69.0,64.7
Student7998,78.0,55.0,79.0,70.7
Student7999,70.0,75.0,54.0,66.3
Student8000,97.0,98.0,52.0,82.3
Student8001,94.0,88.0,81.0,87.7
Student8002,94.0,88.0,66.0,82.7
Student8003,98.0,58.0,91.0,82.3
Student8004,76.0,94.0,54.0,74.7
Student8005,unknown,63.0,60.0,61.5
Student8006,89.0,97.0,unknown,93.0
Student8007,62.0,58.0,53.0,57.7
Student8008,72.0,64.0,88.0,74.7
Student8009,65.0,86.0,68.0,73.0
Student8010,79.0,99.0,88.0,88.7
Student8011,53.0,69.0,95.0,72.3
Student8012,89.0,57.0,unknown,73.0
Student8013,65.0,81.0,72.0,72.7
Student8014,80.0,96.0,66.0,80.7
Student8015,91.0,70.0,62.0,74.3
Student8016,74.0,90.0,76.0,80.0
Student8017,93.0,68.0,50.0,70.3
Student8018,61.0,78.0,51.0,63.3
Student8019,75.0,80.0,67.0,74.0
Student8020,86.0,55.0,85.0,75.3
Student8021,97.0,53.0,94.0,81.3
Student8022,82.0,92.0,82.0,85.3
Student8023,77.0,unknown,85.0,81.0
Student8024,58.0,91.0,51.0,66.7
Student8025,61.0,52.0,53.0,55.3
Student8026,54.0,50.0,unknown,52.0
Student8027,77.0,93.0,53.0,74.3
Student8028,84.0,64.0,58.0,68.7
Student8029,54.0,96.0,98.0,82.7
Student8030,83.0,70.0,70.0,74.3
Student8031,95.0,95.0,72.0,87.3
Student8032,83.0,80.0,51.0,71.3
Student8033,62.0,56.0,52.0,56.7
Student8034,88.0,66.0,72.0,75.3
Student8035,91.0,68.0,75.0,78.0
Student8036,94.0,88.0,96.0,92.7
Student8037,97.0,52.0,56.0,68.3
Student8038,63.0,79.0,unknown,71.0
Student8039,60.0,84.0,unknown,72.0
Student8040,91.0,78.0,82.0,83.7
Student8041,87.0,99.0,98.0,94.7
Student8042,unknown,63.0,85.0,74.0
Student8043,unknown,84.0,53.0,68.5
Student8044,56.0,77.0,72.0,68.3
Student8045,90.0,79.0,74.0,81.0
Student8046,57.0,75.0,90.0,74.0
Student8047,86.0,56.0,75.0,72.3
Student8048,59.0,88.0,unknown,73.5
Student8049,92.0,80.0,77.0,83.0
Student8050,64.0,54.0,70.0,62.7
Student8051,87.0,84.0,59.0,76.7
Student8052,64.0,99.0,76.0,79.7
Student8053,54.0,96.0,64.0,71.3
Student8054,78.0,63.0,66.0,69.0
Student8055,68.0,85.0,88.0,80.3
Student8056,59.0,76.0,84.0,73.0
Student8057,unknown,unknown,54.0,54.0
Student8058,53.0,89.0,65.0,69.0
Student8059,80.0,78.0,72.0,76.7
Student8060,67.0,94.0,88.0,83.0
Student8061,65.0,71.0,97.0,77.7
Student8062,89.0,57.0,58.0,68.0
Student8063,85.0,64.0,82.0,77.0
Student8064,74.0,98.0,84.0,85.3
Student8065,72.0,54.0,89.0,71.7
Student8066,61.0,53.0,99.0,71.0
Student8067,83.0,60.0,73.0,72.0
Student8068,85.0,67.0,73.0,75.0
Student8069,86.0,91.0,99.0,92.0
Student8070,52.0,98.0,73.0,74.3
Student8071,58.0,79.0,68.0,68.3
Student8072,67.0,unknown,88.0,77.5
Student8073,92.0,55.0,74.0,73.7
Student8074,84.0,65.0,80.0,76.3
Student8075,83.0,96.0,87.0,88.7
Student8076,90.0,89.0,74.0,84.3
Student8077,63.0,58.0,76.0,65.7
Student8078,53.0,92.0,81.0,75.3
Student8079,78.0,83.0,60.0,73.7
Student8080,90.0,76.0,54.0,73.3
Student8081,94.0,62.0,93.0,83.0
Student8082,99.0,85.0,82.0,88.7
Student8083,64.0,76.0,68.0,69.3
Student8084,77.0,58.0,92.0,75.7
Student8085,91.0,54.0,96.0,80.3
Student8086,unknown,71.0,65.0,68.0
Student8087,61.0,80.0,84.0,75.0
Student8088,54.0,52.0,60.0,55.3
Student8089,83.0,79.0,60.0,74.0
Student8090,91.0,70.0,59.0,73.3
Student8091,unknown,84.0,83.0,83.5
Student8092,88.0,55.0,54.0,65.7
Student8093,81.0,77.0,unknown,79.0
Student8094,75.0,81.0,74.0,76.7
Student8095,66.0,91.0,unknown,78.5
Student8096,97.0,unknown,89.0,93.0
Student8097,76.0,74.0,62.0,70.7
Student8098,73.0,81.0,96.0,83.3
Student8099,84.0,84.0,81.0,83.0
Student8100,95.0,71.0,83.0,83.0
Student8101,91.0,73.0,61.0,75.0
Student8102,88.0,88.0,73.0,83.0
Student8103,75.0,79.0,89.0,81.0
Student8104,98.0,99.0,70.0,89.0
Student8105,87.0,81.0,78.0,82.0
Student8106,72.0,80.0,72.0,74.7
Student8107,71.0,72.0,82.0,75.0
Student8108,53.0,89.0,57.0,66.3
Student8109,98.0,82.0,91.0,90.3
Student8110,58.0,74.0,62.0,64.7
Student8111,53.0,85.0,54.0,64.0
Student8112,56.0,73.0,90.0,73.0
Student8113,72.0,80.0,59.0,70.3
Student8114,51.0,88.0,63.0,67.3
Student8115,98.0,95.0,73.0,88.7
Student8116,73.0,62.0,60.0,65.0
Student8117,89.0,59.0,unknown,74.0
Student8118,80.0,unknown,52.0,66.0
Student8119,96.0,67.0,78.0,80.3
Student8120,80.0,81.0,97.0,86.0
Student8121,96.0,82.0,unknown,89.0
Student8122,89.0,85.0,98.0,90.7
Student8123,97.0,77.0,86.0,86.7
Student8124,92.0,65.0,56.0,71.0
Student8125,83.0,65.0,66.0,71.3
Student8126,73.0,67.0,69.0,69.7
Student8127,98.0,57.0,60.0,71.7
Student8128,75.0,91.0,93.0,86.3
Student8129,65.0,65.0,74.0,68.0
Student8130,96.0,unknown,73.0,84.5
Student8131,62.0,55.0,51.0,56.0
Student8132,64.0,50.0,76.0,63.3
Student8133,76.0,61.0,68.0,68.3
Student8134,53.0,87.0,78.0,72.7
Student8135,65.0,77.0,86.0,76.0
Student8136,79.0,94.0,60.0,77.7
Student8137,93.0,66.0,68.0,75.7
Student8138,79.0,50.0,77.0,68.7
Student8139,85.0,unknown,88.0,86.5
Student8140,52.0,57.0,70.0,59.7
Student8141,71.0,89.0,75.0,78.3
Student8142,98.0,92.0,71.0,87.0
Student8143,71.0,95.0,55.0,73.7
Student8144,99.0,73.0,60.0,77.3
Student8145,99.0,59.0,63.0,73.7
Student8146,98.0,96.0,85.0,93.0
Student8147,61.0,88.0,89.0,79.3
Student8148,70.0,88.0,90.0,82.7
Student8149,53.0,59.0,unknown,56.0
Student8150,80.0,unknown,92.0,86.0
Student8151,93.0,74.0,69.0,78.7
Student8152,80.0,unknown,71.0,75.5
Student8153,72.0,59.0,88.0,73.0
Student8154,69.0,68.0,53.0,63.3
Student8155,64.0,95.0,78.0,79.0
Student8156,72.0,94.0,95.0,87.0
Student8157,77.0,64.0,73.0,71.3
Student8158,65.0,65.0,50.0,60.0
Student8159,86.0,51.0,73.0,70.0
Student8160,70.0,78.0,79.0,75.7
Student8161,64.0,53.0,61.0,59.3
Student8162,66.0,99.0,68.0,77.7
Student8163,99.0,78.0,86.0,87.7
Student8164,86.0,80.0,89.0,85.0
Student8165,62.0,66.0,92.0,73.3
Student8166,68.0,59.0,53.0,60.0
Student8167,79.0,76.0,64.0,73.0
Student8168,94.0,unknown,69.0,81.5
Student8169,67.0,64.0,93.0,74.7
Student8170,63.0,93.0,69.0,75.0
Student8171,85.0,80.0,70.0,78.3
Student8172,85.0,70.0,unknown,77.5
Student8173,69.0,90.0,79.0,79.3
Student8174,68.0,95.0,73.0,78.7
Student8175,94.0,94.0,97.0,95.0
Student8176,93.0,75.0,89.0,85.7
Student8177,56.0,87.0,89.0,77.3
Student8178,93.0,85.0,87.0,88.3
Student8179,53.0,66.0,52.0,57.0
Student8180,unknown,52.0,78.0,65.0
Student8181,51.0,63.0,57.0,57.0
Student8182,54.0,98.0,78.0,76.7
Student8183,59.0,62.0,59.0,60.0
Student8184,81.0,90.0,54.0,75.0
Student8185,91.0,76.0,60.0,75.7
Student8186,90.0,50.0,53.0,64.3
Student8187,62.0,66.0,98.0,75.3
Student8188,88.0,97.0,84.0,89.7
Student8189,54.0,99.0,99.0,84.0
Student8190,59.0,83.0,unknown,71.0
Student8191,59.0,63.0,61.0,61.0
Student8192,87.0,66.0,70.0,74.3
Student8193,76.0,52.0,65.0,64.3
Student8194,70.0,83.0,63.0,72.0
Student8195,57.0,89.0,70.0,72.0
Student8196,50.0,74.0,97.0,73.7
Student8197,77.0,51.0,76.0,68.0
Student8198,98.0,83.0,85.0,88.7
Student8199,88.0,75.0,50.0,71.0
Student8200,unknown,80.0,50.0,65.0
Student8201,70.0,58.0,71.0,66.3
Student8202,79.0,79.0,64.0,74.0
Student8203,70.0,69.0,69.0,69.3
Student8204,98.0,70.0,52.0,73.3
Student8205,58.0,78.0,63.0,66.3
Student8206,66.0,74.0,58.0,66.0
Student8207,54.0,87.0,68.0,69.7
Student8208,80.0,93.0,89.0,87.3
Student8209,89.0,74.0,83.0,82.0
Student8210,87.0,58.0,53.0,66.0
Student8211,92.0,88.0,82.0,87.3
Student8212,68.0,93.0,92.0,84.3
Student8213,85.0,75.0,86.0,82.0
Student8214,99.0,86.0,51.0,78.7
Student8215,82.0,unknown,76.0,79.0
Student8216,62.0,86.0,94.0,80.7
Student8217,63.0,61.0,66.0,63.3
Student8218,82.0,73.0,98.0,84.3
Student8219,78.0,75.0,99.0,84.0
Student8220,92.0,69.0,80.0,80.3
Student8221,98.0,58.0,90.0,82.0
Student8222,85.0,72.0,unknown,78.5
Student8223,93.0,88.0,80.0,87.0
Student8224,59.0,78.0,52.0,63.0
Student8225,80.0,unknown,89.0,84.5
Student8226,55.0,68.0,52.0,58.3
Student8227,50.0,69.0,82.0,67.0
Student8228,56.0,72.0,62.0,63.3
Student8229,76.0,92.0,unknown,84.0
Student8230,70.0,unknown,86.0,78.0
Student8231,77.0,79.0,65.0,73.7
Student8232,65.0,70.0,70.0,68.3
Student8233,95.0,93.0,97.0,95.0
Student8234,72.0,84.0,unknown,78.0
Student8235,69.0,98.0,unknown,83.5
Student8236,87.0,56.0,53.0,65.3
Student8237,74.0,71.0,80.0,75.0
Student8238,77.0,59.0,58.0,64.7
Student8239,54.0,72.0,unknown,63.0
Student8240,70.0,64.0,82.0,72.0
Student8241,67.0,79.0,86.0,77.3
Student8242,96.0,83.0,86.0,88.3
Student8243,55.0,62.0,73.0,63.3
Student8244,78.0,53.0,74.0,68.3
Student8245,68.0,67.0,90.0,75.0
Student8246,82.0,72.0,78.0,77.3
Student8247,50.0,82.0,89.0,73.7
Student8248,94.0,83.0,99.0,92.0
Student8249,52.0,83.0,96.0,77.0
Student8250,91.0,85.0,85.0,87.0
Student8251,70.0,84.0,64.0,72.7
Student8252,84.0,66.0,94.0,81.3
Student8253,90.0,77.0,67.0,78.0
Student8254,89.0,63.0,69.0,73.7
Student8255,52.0,unknown,54.0,53.0
Student8256,74.0,97.0,unknown,85.5
Student8257,94.0,60.0,89.0,81.0
Student8258,87.0,62.0,50.0,66.3
Student8259,94.0,82.0,68.0,81.3
Student8260,69.0,51.0,72.0,64.0
Student8261,93.0,83.0,75.0,83.7
Student8262,94.0,78.0,unknown,86.0
Student8263,83.0,86.0,78.0,82.3
Student8264,70.0,53.0,83.0,68.7
Student8265,97.0,61.0,68.0,75.3
Student8266,72.0,75.0,97.0,81.3
Student8267,55.0,77.0,67.0,66.3
Student8268,62.0,52.0,51.0,55.0
Student8269,98.0,69.0,76.0,81.0
Student8270,72.0,59.0,55.0,62.0
Student8271,unknown,67.0,88.0,77.5
Student8272,66.0,76.0,55.0,65.7
Student8273,51.0,80.0,55.0,62.0
Student8274,68.0,76.0,80.0,74.7
Student8275,68.0,91.0,90.0,83.0
Student8276,56.0,50.0,89.0,65.0
Student8277,91.0,55.0,79.0,75.0
Student8278,91.0,60.0,70.0,73.7
Student8279,69.0,83.0,90.0,80.7
Student8280,58.0,88.0,93.0,79.7
Student8281,66.0,69.0,67.0,67.3
Student8282,76.0,70.0,unknown,73.0
Student8283,96.0,unknown,87.0,91.5
Student8284,51.0,67.0,72.0,63.3
Student8285,85.0,70.0,77.0,77.3
Student8286,68.0,68.0,85.0,73.7
Student8287,66.0,53.0,74.0,64.3
Student8288,54.0,62.0,56.0,57.3
Student8289,88.0,67.0,67.0,74.0
Student8290,unknown,78.0,69.0,73.5
Student8291,56.0,74.0,54.0,61.3
Student8292,66.0,62.0,67.0,65.0
Student8293,88.0,76.0,91.0,85.0
Student8294,85.0,68.0,89.0,80.7
Student8295,89.0,98.0,82.0,89.7
Student8296,94.0,50.0,64.0,69.3
Student8297,53.0,87.0,84.0,74.7
Student8298,87.0,68.0,96.0,83.7
Student8299,74.0,50.0,95.0,73.0
Student8300,54.0,89.0,50.0,64.3
Student8301,79.0,66.0,70.0,71.7
Student8302,61.0,70.0,57.0,62.7
Student8303,53.0,71.0,56.0,60.0
Student8304,73.0,64.0,90.0,75.7
Student8305,78.0,99.0,99.0,92.0
Student8306,58.0,88.0,93.0,79.7
Student8307,53.0,97.0,89.0,79.7
Student8308,73.0,88.0,89.0,83.3
Student8309,63.0,81.0,79.0,74.3
Student8310,54.0,98.0,87.0,79.7
Student8311,67.0,53.0,84.0,68.0
Student8312,91.0,93.0,51.0,78.3
Student8313,68.0,unknown,95.0,81.5
Student8314,61.0,81.0,57.0,66.3
Student8315,67.0,53.0,87.0,69.0
Student8316,66.0,50.0,53.0,56.3
Student8317,79.0,82.0,86.0,82.3
Student8318,unknown,56.0,70.0,63.0
Student8319,60.0,58.0,62.0,60.0
Student8320,84.0,50.0,58.0,64.0
Student8321,72.0,65.0,94.0,77.0
Student8322,66.0,67.0,78.0,70.3
Student8323,50.0,96.0,90.0,78.7
Student8324,64.0,55.0,73.0,64.0
Student8325,81.0,51.0,65.0,65.7
Student8326,58.0,58.0,61.0,59.0
Student8327,64.0,53.0,51.0,56.0
Student8328,77.0,94.0,68.0,79.7
Student8329,73.0,72.0,79.0,74.7
Student8330,84.0,92.0,65.0,80.3
Student8331,71.0,94.0,73.0,79.3
Student8332,76.0,92.0,62.0,76.7
Student8333,68.0,57.0,54.0,59.7
Student8334,94.0,88.0,72.0,84.7
Student8335,61.0,74.0,87.0,74.0
Student8336,69.0,65.0,unknown,67.0
Student8337,50.0,84.0,66.0,66.7
Student8338,70.0,66.0,98.0,78.0
Student8339,98.0,67.0,98.0,87.7
Student8340,94.0,76.0,52.0,74.0
Student8341,50.0,64.0,75.0,63.0
Student8342,59.0,66.0,62.0,62.3
Student8343,96.0,92.0,93.0,93.7
Student8344,81.0,54.0,87.0,74.0
Student8345,88.0,65.0,71.0,74.7
Student8346,71.0,64.0,70.0,68.3
Student8347,unknown,91.0,78.0,84.5
Student8348,97.0,95.0,94.0,95.3
Student8349,95.0,83.0,95.0,91.0
Student8350,81.0,97.0,88.0,88.7
Student8351,76.0,68.0,54.0,66.0
Student8352,77.0,57.0,unknown,67.0
Student8353,67.0,96.0,67.0,76.7
Student8354,88.0,59.0,53.0,66.7
Student8355,98.0,54.0,82.0,78.0
Student8356,78.0,unknown,88.0,83.0
Student8357,67.0,75.0,69.0,70.3
Student8358,93.0,71.0,62.0,75.3
Student8359,57.0,93.0,85.0,78.3
Student8360,80.0,72.0,94.0,82.0
Student8361,83.0,62.0,53.0,66.0
Student8362,56.0,58.0,84.0,66.0
Student8363,85.0,98.0,57.0,80.0
Student8364,67.0,69.0,89.0,75.0
Student8365,87.0,77.0,98.0,87.3
Student8366,58.0,93.0,96.0,82.3
Student8367,58.0,86.0,85.0,76.3
Student8368,95.0,73.0,55.0,74.3
Student8369,57.0,93.0,71.0,73.7
Student8370,84.0,82.0,55.0,73.7
Student8371,67.0,69.0,91.0,75.7
Student8372,54.0,97.0,85.0,78.7
Student8373,63.0,79.0,58.0,66.7
Student8374,77.0,93.0,65.0,78.3
Student8375,79.0,58.0,88.0,75.0
Student8376,53.0,94.0,95.0,80.7
Student8377,88.0,98.0,87.0,91.0
Student8378,69.0,66.0,82.0,72.3
Student8379,74.0,85.0,67.0,75.3
Student8380,77.0,63.0,61.0,67.0
Student8381,61.0,68.0,76.0,68.3
Student8382,51.0,56.0,96.0,67.7
Student8383,92.0,52.0,50.0,64.7
Student8384,63.0,82.0,64.0,69.7
Student8385,71.0,93.0,96.0,86.7
Student8386,80.0,81.0,76.0,79.0
Student8387,72.0,96.0,65.0,77.7
Student8388,97.0,60.0,70.0,75.7
Student8389,69.0,91.0,50.0,70.0
Student8390,87.0,51.0,78.0,72.0
Student8391,53.0,75.0,52.0,60.0
Student8392,64.0,53.0,61.0,59.3
Student8393,73.0,66.0,77.0,72.0
Student8394,74.0,66.0,88.0,76.0
Student8395,50.0,77.0,86.0,71.0
Student8396,56.0,79.0,80.0,71.7
Student8397,80.0,89.0,80.0,83.0
Student8398,61.0,72.0,82.0,71.7
Student8399,91.0,95.0,82.0,89.3
Student8400,54.0,73.0,96.0,74.3
Student8401,93.0,78.0,89.0,86.7
Student8402,99.0,53.0,unknown,76.0
Student8403,91.0,87.0,95.0,91.0
Student8404,87.0,78.0,78.0,81.0
Student8405,61.0,68.0,74.0,67.7
Student8406,88.0,76.0,62.0,75.3
Student8407,67.0,78.0,unknown,72.5
Student8408,51.0,85.0,68.0,68.0
Student8409,59.0,unknown,85.0,72.0
Student8410,64.0,55.0,unknown,59.5
Student8411,79.0,72.0,53.0,68.0
Student8412,93.0,88.0,52.0,77.7
Student8413,66.0,95.0,87.0,82.7
Student8414,53.0,93.0,86.0,77.3
Student8415,56.0,97.0,92.0,81.7
Student8416,90.0,57.0,74.0,73.7
Student8417,80.0,51.0,90.0,73.7
Student8418,88.0,62.0,84.0,78.0
Student8419,83.0,89.0,78.0,83.3
Student8420,55.0,70.0,90.0,71.7
Student8421,99.0,80.0,78.0,85.7
Student8422,87.0,97.0,61.0,81.7
Student8423,94.0,85.0,84.0,87.7
Student8424,unknown,97.0,69.0,83.0
Student8425,93.0,87.0,66.0,82.0
Student8426,64.0,76.0,61.0,67.0
Student8427,63.0,85.0,99.0,82.3
Student8428,55.0,97.0,85.0,79.0
Student8429,99.0,72.0,59.0,76.7
Student8430,86.0,70.0,67.0,74.3
Student8431,99.0,62.0,79.0,80.0
Student8432,81.0,unknown,57.0,69.0
Student8433,52.0,96.0,90.0,79.3
Student8434,52.0,75.0,unknown,63.5
Student8435,71.0,89.0,80.0,80.0
Student8436,71.0,56.0,55.0,60.7
Student8437,59.0,95.0,56.0,70.0
Student8438,52.0,88.0,unknown,70.0
Student8439,61.0,71.0,87.0,73.0
Student8440,78.0,88.0,92.0,86.0
Student8441,97.0,72.0,98.0,89.0
Student8442,66.0,79.0,77.0,74.0
Student8443,56.0,67.0,unknown,61.5
Student8444,62.0,unknown,70.0,66.0
Student8445,51.0,67.0,70.0,62.7
Student8446,unknown,95.0,73.0,84.0
Student8447,59.0,59.0,unknown,59.0
Student8448,88.0,88.0,76.0,84.0
Student8449,73.0,79.0,62.0,71.3
Student8450,66.0,75.0,99.0,80.0
Student8451,55.0,56.0,78.0,63.0
Student8452,68.0,56.0,88.0,70.7
Student8453,54.0,unknown,77.0,65.5
Student8454,81.0,50.0,86.0,72.3
Student8455,59.0,95.0,78.0,77.3
Student8456,58.0,67.0,97.0,74.0
Student8457,76.0,62.0,71.0,69.7
Student8458,62.0,74.0,85.0,73.7
Student8459,68.0,89.0,79.0,78.7
Student8460,70.0,57.0,77.0,68.0
Student8461,73.0,59.0,72.0,68.0
Student8462,87.0,81.0,82.0,83.3
Student8463,53.0,66.0,53.0,57.3
Student8464,73.0,87.0,52.0,70.7
Student8465,84.0,64.0,81.0,76.3
Student8466,52.0,64.0,53.0,56.3
Student8467,53.0,97.0,50.0,66.7
Student8468,86.0,89.0,61.0,78.7
Student8469,89.0,69.0,62.0,73.3
Student8470,97.0,64.0,83.0,81.3
Student8471,84.0,84.0,78.0,82.0
Student8472,80.0,55.0,58.0,64.3
Student8473,93.0,79.0,80.0,84.0
Student8474,74.0,57.0,56.0,62.3
Student8475,89.0,80.0,62.0,77.0
Student8476,62.0,97.0,51.0,70.0
Student8477,53.0,96.0,unknown,74.5
Student8478,95.0,81.0,99.0,91.7
Student8479,63.0,94.0,56.0,71.0
Student8480,unknown,64.0,67.0,65.5
Student8481,76.0,67.0,57.0,66.7
Student8482,55.0,62.0,61.0,59.3
Student8483,66.0,73.0,unknown,69.5
Student8484,85.0,89.0,79.0,84.3
Student8485,89.0,63.0,58.0,70.0
Student8486,98.0,77.0,77.0,84.0
Student8487,unknown,60.0,53.0,56.5
Student8488,66.0,55.0,88.0,69.7
Student8489,90.0,74.0,66.0,76.7
Student8490,51.0,50.0,60.0,53.7
Student8491,62.0,74.0,51.0,62.3
Student8492,51.0,51.0,72.0,58.0
Student8493,77.0,81.0,99.0,85.7
Student8494,92.0,62.0,71.0,75.0
Student8495,75.0,82.0,75.0,77.3
Student8496,71.0,81.0,61.0,71.0
Student8497,96.0,73.0,81.0,83.3
Student8498,92.0,76.0,58.0,75.3
Student8499,52.0,53.0,92.0,65.7
Student8500,84.0,73.0,54.0,70.3
Student8501,61.0,72.0,75.0,69.3
Student8502,73.0,78.0,unknown,75.5
Student8503,54.0,83.0,78.0,71.7
Student8504,69.0,70.0,82.0,73.7
Student8505,88.0,79.0,73.0,80.0
Student8506,88.0,75.0,74.0,79.0
Student8507,62.0,69.0,80.0,70.3
Student8508,90.0,unknown,78.0,84.0
Student8509,94.0,52.0,unknown,73.0
Student8510,61.0,98.0,87.0,82.0
Student8511,62.0,86.0,94.0,80.7
Student8512,59.0,89.0,60.0,69.3
Student8513,82.0,93.0,81.0,85.3
Student8514,89.0,74.0,57.0,73.3
Student8515,65.0,72.0,69.0,68.7
Student8516,94.0,93.0,83.0,90.0
Student8517,84.0,50.0,96.0,76.7
Student8518,52.0,82.0,91.0,75.0
Student8519,unknown,64.0,57.0,60.5
Student8520,75.0,66.0,51.0,64.0
Student8521,60.0,83.0,70.0,71.0
Student8522,56.0,66.0,64.0,62.0
Student8523,59.0,90.0,55.0,68.0
Student8524,91.0,93.0,54.0,79.3
Student8525,83.0,53.0,52.0,62.7
Student8526,52.0,62.0,92.0,68.7
Student8527,57.0,53.0,92.0,67.3
Student8528,80.0,56.0,65.0,67.0
Student8529,60.0,95.0,84.0,79.7
Student8530,94.0,58.0,58.0,70.0
Student8531,56.0,72.0,84.0,70.7
Student8532,94.0,82.0,68.0,81.3
Student8533,51.0,82.0,92.0,75.0
Student8534,55.0,69.0,95.0,73.0
Student8535,90.0,53.0,83.0,75.3
Student8536,81.0,50.0,88.0,73.0
Student8537,69.0,91.0,59.0,73.0
Student8538,83.0,83.0,59.0,75.0
Student8539,99.0,76.0,69.0,81.3
Student8540,65.0,70.0,50.0,61.7
Student8541,74.0,73.0,unknown,73.5
Student8542,61.0,64.0,95.0,73.3
Student8543,56.0,84.0,51.0,63.7
Student8544,88.0,unknown,87.0,87.5
Student8545,66.0,58.0,82.0,68.7
Student8546,94.0,66.0,52.0,70.7
Student8547,60.0,70.0,85.0,71.7
Student8548,55.0,62.0,62.0,59.7
Student8549,unknown,52.0,84.0,68.0
Student8550,76.0,53.0,64.0,64.3
Student8551,95.0,53.0,94.0,80.7
Student8552,55.0,92.0,71.0,72.7
Student8553,87.0,77.0,92.0,85.3
Student8554,51.0,56.0,53.0,53.3
Student8555,71.0,75.0,66.0,70.7
Student8556,69.0,60.0,54.0,61.0
Student8557,74.0,73.0,70.0,72.3
Student8558,64.0,92.0,73.0,76.3
Student8559,98.0,59.0,80.0,79.0
Student8560,78.0,86.0,89.0,84.3
Student8561,57.0,62.0,79.0,66.0
Student8562,86.0,93.0,91.0,90.0
Student8563,98.0,91.0,56.0,81.7
Student8564,82.0,88.0,98.0,89.3
Student8565,71.0,68.0,56.0,65.0
Student8566,unknown,68.0,76.0,72.0
Student8567,96.0,61.0,73.0,76.7
Student8568,54.0,71.0,68.0,64.3
Student8569,88.0,96.0,90.0,91.3
Student8570,67.0,86.0,83.0,78.7
Student8571,87.0,79.0,71.0,79.0
Student8572,86.0,95.0,76.0,85.7
Student8573,79.0,61.0,55.0,65.0
Student8574,80.0,78.0,59.0,72.3
Student8575,59.0,70.0,94.0,74.3
Student8576,64.0,60.0,80.0,68.0
Student8577,91.0,86.0,74.0,83.7
Student8578,97.0,97.0,51.0,81.7
Student8579,93.0,67.0,59.0,73.0
Student8580,67.0,93.0,59.0,73.0
Student8581,72.0,76.0,75.0,74.3
Student8582,82.0,86.0,54.0,74.0
Student8583,65.0,97.0,71.0,77.7
Student8584,87.0,61.0,53.0,67.0
Student8585,84.0,unknown,83.0,83.5
Student8586,83.0,83.0,56.0,74.0
Student8587,77.0,unknown,99.0,88.0
Student8588,51.0,72.0,66.0,63.0
Student8589,79.0,74.0,60.0,71.0
Student8590,62.0,53.0,unknown,57.5
Student8591,90.0,79.0,57.0,75.3
Student8592,65.0,79.0,unknown,72.0
Student8593,54.0,62.0,93.0,69.7
Student8594,77.0,91.0,82.0,83.3
Student8595,88.0,98.0,74.0,86.7
Student8596,94.0,63.0,70.0,75.7
Student8597,69.0,96.0,61.0,75.3
Student8598,73.0,57.0,75.0,68.3
Student8599,76.0,73.0,78.0,75.7
Student8600,79.0,67.0,87.0,77.7
Student8601,94.0,84.0,84.0,87.3
Student8602,76.0,74.0,86.0,78.7
Student8603,75.0,66.0,95.0,78.7
Student8604,56.0,81.0,93.0,76.7
Student8605,91.0,73.0,94.0,86.0
Student8606,96.0,56.0,94.0,82.0
Student8607,87.0,62.0,78.0,75.7
Student8608,54.0,76.0,98.0,76.0
Student8609,72.0,97.0,73.0,80.7
Student8610,77.0,54.0,unknown,65.5
Student8611,83.0,85.0,55.0,74.3
Student8612,64.0,75.0,81.0,73.3
Student8613,81.0,91.0,93.0,88.3
Student8614,75.0,94.0,83.0,84.0
Student8615,97.0,80.0,85.0,87.3
Student8616,80.0,59.0,69.0,69.3
Student8617,68.0,95.0,61.0,74.7
Student8618,58.0,unknown,84.0,71.0
Student8619,78.0,unknown,98.0,88.0
Student8620,88.0,61.0,87.0,78.7
Student8621,53.0,81.0,66.0,66.7
Student8622,52.0,76.0,76.0,68.0
Student8623,78.0,82.0,66.0,75.3
Student8624,60.0,69.0,60.0,63.0
Student8625,82.0,unknown,88.0,85.0
Student8626,87.0,90.0,unknown,88.5
Student8627,60.0,unknown,51.0,55.5
Student8628,76.0,62.0,78.0,72.0
Student8629,82.0,63.0,94.0,79.7
Student8630,70.0,93.0,73.0,78.7
Student8631,88.0,89.0,73.0,83.3
Student8632,80.0,71.0,65.0,72.0
Student8633,87.0,67.0,80.0,78.0
Student8634,95.0,unknown,98.0,96.5
Student8635,51.0,78.0,92.0,73.7
Student8636,76.0,92.0,58.0,75.3
Student8637,85.0,65.0,76.0,75.3
Student8638,60.0,95.0,90.0,81.7
Student8639,96.0,84.0,63.0,81.0
Student8640,67.0,83.0,94.0,81.3
Student8641,50.0,52.0,74.0,58.7
Student8642,84.0,unknown,92.0,88.0
Student8643,84.0,54.0,93.0,77.0
Student8644,80.0,59.0,71.0,70.0
Student8645,77.0,78.0,84.0,79.7
Student8646,unknown,81.0,82.0,81.5
Student8647,50.0,80.0,76.0,68.7
Student8648,74.0,51.0,89.0,71.3
Student8649,92.0,61.0,75.0,76.0
Student8650,87.0,76.0,68.0,77.0
Student8651,69.0,54.0,94.0,72.3
Student8652,52.0,86.0,88.0,75.3
Student8653,51.0,76.0,94.0,73.7
Student8654,67.0,72.0,unknown,69.5
Student8655,93.0,82.0,55.0,76.7
Student8656,59.0,53.0,52.0,54.7
Student8657,54.0,70.0,55.0,59.7
Student8658,58.0,73.0,77.0,69.3
Student8659,51.0,93.0,52.0,65.3
Student8660,83.0,80.0,62.0,75.0
Student8661,87.0,93.0,62.0,80.7
Student8662,80.0,97.0,62.0,79.7
Student8663,59.0,73.0,50.0,60.7
Student8664,99.0,98.0,89.0,95.3
Student8665,61.0,59.0,86.0,68.7
Student8666,85.0,98.0,80.0,87.7
Student8667,unknown,98.0,66.0,82.0
Student8668,98.0,99.0,58.0,85.0
Student8669,96.0,51.0,94.0,80.3
Student8670,55.0,80.0,62.0,65.7
Student8671,97.0,74.0,86.0,85.7
Student8672,98.0,53.0,63.0,71.3
Student8673,52.0,60.0,60.0,57.3
Student8674,59.0,66.0,unknown,62.5
Student8675,54.0,93.0,80.0,75.7
Student8676,95.0,51.0,63.0,69.7
Student8677,75.0,55.0,56.0,62.0
Student8678,70.0,58.0,73.0,67.0
Student8679,94.0,54.0,98.0,82.0
Student8680,75.0,69.0,85.0,76.3
Student8681,87.0,78.0,91.0,85.3
Student8682,93.0,70.0,91.0,84.7
Student8683,75.0,58.0,96.0,76.3
Student8684,57.0,77.0,93.0,75.7
Student8685,54.0,57.0,90.0,67.0
Student8686,64.0,80.0,52.0,65.3
Student8687,65.0,69.0,96.0,76.7
Student8688,50.0,76.0,93.0,73.0
Student8689,65.0,57.0,75.0,65.7
Student8690,86.0,70.0,96.0,84.0
Student8691,52.0,77.0,75.0,68.0
Student8692,96.0,unknown,50.0,73.0
Student8693,80.0,55.0,64.0,66.3
Student8694,62.0,52.0,60.0,58.0
Student8695,65.0,54.0,86.0,68.3
Student8696,92.0,58.0,56.0,68.7
Student8697,70.0,56.0,61.0,62.3
Student8698,51.0,unknown,87.0,69.0
Student8699,unknown,88.0,52.0,70.0
Student8700,87.0,54.0,91.0,77.3
Student8701,75.0,60.0,unknown,67.5
Student8702,unknown,64.0,79.0,71.5
Student8703,unknown,83.0,81.0,82.0
Student8704,74.0,62.0,85.0,73.7
Student8705,60.0,97.0,94.0,83.7
Student8706,57.0,56.0,86.0,66.3
Student8707,57.0,89.0,67.0,71.0
Student8708,82.0,55.0,50.0,62.3
Student8709,56.0,88.0,70.0,71.3
Student8710,87.0,99.0,77.0,87.7
Student8711,70.0,79.0,97.0,82.0
Student8712,57.0,71.0,65.0,64.3
Student8713,70.0,74.0,97.0,80.3
Student8714,69.0,77.0,77.0,74.3
Student8715,57.0,69.0,71.0,65.7
Student8716,95.0,88.0,unknown,91.5
Student8717,80.0,52.0,97.0,76.3
Student8718,99.0,54.0,50.0,67.7
Student8719,78.0,50.0,80.0,69.3
Student8720,97.0,64.0,91.0,84.0
Student8721,58.0,75.0,83.0,72.0
Student8722,64.0,52.0,95.0,70.3
Student8723,79.0,89.0,89.0,85.7
Student8724,75.0,90.0,55.0,73.3
Student8725,59.0,96.0,77.0,77.3
Student8726,78.0,unknown,52.0,65.0
Student8727,65.0,83.0,80.0,76.0
Student8728,unknown,54.0,65.0,59.5
Student8729,69.0,80.0,66.0,71.7
Student8730,94.0,62.0,93.0,83.0
Student8731,86.0,92.0,76.0,84.7
Student8732,71.0,50.0,73.0,64.7
Student8733,56.0,71.0,69.0,65.3
Student8734,72.0,64.0,81.0,72.3
Student8735,90.0,75.0,unknown,82.5
Student8736,89.0,67.0,62.0,72.7
Student8737,78.0,97.0,97.0,90.7
Student8738,65.0,58.0,92.0,71.7
Student8739,87.0,50.0,69.0,68.7
Student8740,77.0,92.0,97.0,88.7
Student8741,97.0,58.0,unknown,77.5
Student8742,87.0,72.0,53.0,70.7
Student8743,80.0,unknown,76.0,78.0
Student8744,63.0,94.0,unknown,78.5
Student8745,82.0,51.0,53.0,62.0
Student8746,58.0,63.0,81.0,67.3
Student8747,76.0,87.0,66.0,76.3
Student8748,73.0,89.0,50.0,70.7
Student8749,62.0,67.0,82.0,70.3
Student8750,75.0,unknown,79.0,77.0
Student8751,78.0,78.0,54.0,70.0
Student8752,unknown,93.0,61.0,77.0
Student8753,92.0,60.0,87.0,79.7
Student8754,77.0,55.0,81.0,71.0
Student8755,77.0,52.0,87.0,72.0
Student8756,57.0,63.0,66.0,62.0
Student8757,72.0,51.0,94.0,72.3
Student8758,78.0,81.0,89.0,82.7
Student8759,54.0,80.0,81.0,71.7
Student8760,91.0,60.0,73.0,74.7
Student8761,56.0,71.0,61.0,62.7
Student8762,91.0,52.0,96.0,79.7
Student8763,85.0,99.0,80.0,88.0
Student8764,90.0,80.0,68.0,79.3
Student8765,76.0,82.0,78.0,78.7
Student8766,95.0,73.0,70.0,79.3
Student8767,51.0,50.0,75.0,58.7
Student8768,74.0,93.0,unknown,83.5
Student8769,58.0,64.0,66.0,62.7
Student8770,76.0,86.0,58.0,73.3
Student8771,50.0,76.0,70.0,65.3
Student8772,72.0,87.0,99.0,86.0
Student8773,59.0,97.0,83.0,79.7
Student8774,91.0,76.0,60.0,75.7
Student8775,74.0,93.0,69.0,78.7
Student8776,52.0,61.0,unknown,56.5
Student8777,55.0,52.0,99.0,68.7
Student8778,55.0,79.0,96.0,76.7
Student8779,51.0,81.0,88.0,73.3
Student8780,unknown,72.0,65.0,68.5
Student8781,72.0,51.0,78.0,67.0
Student8782,51.0,56.0,50.0,52.3
Student8783,61.0,83.0,67.0,70.3
Student8784,71.0,81.0,71.0,74.3
Student8785,86.0,88.0,57.0,77.0
Student8786,unknown,81.0,56.0,68.5
Student8787,88.0,92.0,74.0,84.7
Student8788,73.0,92.0,79.0,81.3
Student8789,97.0,63.0,83.0,81.0
Student8790,69.0,52.0,93.0,71.3
Student8791,50.0,95.0,97.0,80.7
Student8792,50.0,81.0,90.0,73.7
Student8793,66.0,92.0,60.0,72.7
Student8794,50.0,85.0,unknown,67.5
Student8795,94.0,66.0,84.0,81.3
Student8796,79.0,97.0,72.0,82.7
Student8797,90.0,52.0,94.0,78.7
Student8798,unknown,59.0,70.0,64.5
Student8799,52.0,96.0,77.0,75.0
Student8800,95.0,89.0,62.0,82.0
Student8801,60.0,67.0,83.0,70.0
Student8802,73.0,52.0,87.0,70.7
Student8803,71.0,88.0,55.0,71.3
Student8804,93.0,59.0,93.0,81.7
Student8805,94.0,58.0,53.0,68.3
Student8806,75.0,95.0,54.0,74.7
Student8807,62.0,95.0,unknown,78.5
Student8808,50.0,unknown,55.0,52.5
Student8809,73.0,82.0,70.0,75.0
Student8810,59.0,85.0,77.0,73.7
Student8811,84.0,75.0,52.0,70.3
Student8812,73.0,76.0,72.0,73.7
Student8813,77.0,87.0,57.0,73.7
Student8814,85.0,71.0,unknown,78.0
Student8815,65.0,75.0,60.0,66.7
Student8816,89.0,71.0,99.0,86.3
Student8817,65.0,54.0,59.0,59.3
Student8818,unknown,84.0,77.0,80.5
Student8819,64.0,51.0,69.0,61.3
Student8820,65.0,84.0,93.0,80.7
Student8821,64.0,58.0,77.0,66.3
Student8822,83.0,98.0,78.0,86.3
Student8823,60.0,67.0,57.0,61.3
Student8824,50.0,92.0,68.0,70.0
Student8825,64.0,61.0,97.0,74.0
Student8826,75.0,52.0,70.0,65.7
Student8827,53.0,67.0,67.0,62.3
Student8828,92.0,87.0,58.0,79.0
Student8829,54.0,56.0,53.0,54.3
Student8830,84.0,82.0,90.0,85.3
Student8831,62.0,55.0,74.0,63.7
Student8832,59.0,67.0,83.0,69.7
Student8833,60.0,94.0,58.0,70.7
Student8834,67.0,71.0,58.0,65.3
Student8835,unknown,88.0,67.0,77.5
Student8836,unknown,58.0,unknown,58.0
Student8837,90.0,84.0,62.0,78.7
Student8838,unknown,unknown,87.0,87.0
Student8839,99.0,61.0,58.0,72.7
Student8840,72.0,73.0,65.0,70.0
Student8841,56.0,99.0,53.0,69.3
Student8842,88.0,89.0,83.0,86.7
Student8843,52.0,58.0,56.0,55.3
Student8844,61.0,unknown,unknown,61.0
Student8845,56.0,89.0,87.0,77.3
Student8846,98.0,91.0,60.0,83.0
Student8847,75.0,66.0,81.0,74.0
Student8848,82.0,56.0,76.0,71.3
Student8849,86.0,66.0,79.0,77.0
Student8850,97.0,99.0,66.0,87.3
Student8851,64.0,unknown,85.0,74.5
Student8852,51.0,51.0,68.0,56.7
Student8853,90.0,84.0,56.0,76.7
Student8854,56.0,77.0,92.0,75.0
Student8855,81.0,68.0,94.0,81.0
Student8856,53.0,82.0,70.0,68.3
Student8857,unknown,70.0,unknown,70.0
Student8858,99.0,59.0,52.0,70.0
Student8859,85.0,95.0,63.0,81.0
Student8860,81.0,94.0,51.0,75.3
Student8861,77.0,58.0,78.0,71.0
Student8862,62.0,87.0,67.0,72.0
Student8863,50.0,55.0,86.0,63.7
Student8864,84.0,91.0,94.0,89.7
Student8865,97.0,84.0,94.0,91.7
Student8866,79.0,67.0,73.0,73.0
Student8867,85.0,68.0,95.0,82.7
Student8868,74.0,54.0,61.0,63.0
Student8869,65.0,74.0,94.0,77.7
Student8870,68.0,60.0,81.0,69.7
Student8871,50.0,59.0,67.0,58.7
Student8872,54.0,66.0,62.0,60.7
Student8873,71.0,85.0,53.0,69.7
Student8874,73.0,75.0,72.0,73.3
Student8875,92.0,80.0,59.0,77.0
Student8876,94.0,81.0,54.0,76.3
Student8877,86.0,70.0,99.0,85.0
Student8878,85.0,67.0,89.0,80.3
Student8879,85.0,67.0,63.0,71.7
Student8880,53.0,50.0,83.0,62.0
Student8881,85.0,63.0,77.0,75.0
Student8882,67.0,57.0,57.0,60.3
Student8883,99.0,51.0,unknown,75.0
Student8884,unknown,64.0,80.0,72.0
Student8885,90.0,83.0,56.0,76.3
Student8886,67.0,85.0,52.0,68.0
Student8887,71.0,50.0,78.0,66.3
Student8888,51.0,70.0,85.0,68.7
Student8889,70.0,91.0,88.0,83.0
Student8890,85.0,unknown,53.0,69.0
Student8891,93.0,81.0,58.0,77.3
Student8892,88.0,69.0,66.0,74.3
Student8893,96.0,96.0,98.0,96.7
Student8894,88.0,85.0,69.0,80.7
Student8895,78.0,88.0,63.0,76.3
Student8896,75.0,79.0,95.0,83.0
Student8897,70.0,56.0,78.0,68.0
Student8898,66.0,71.0,62.0,66.3
Student8899,65.0,99.0,85.0,83.0
Student8900,80.0,94.0,unknown,87.0
Student8901,58.0,59.0,66.0,61.0
Student8902,80.0,57.0,unknown,68.5
Student8903,63.0,76.0,99.0,79.3
Student8904,98.0,unknown,92.0,95.0
Student8905,86.0,63.0,53.0,67.3
Student8906,51.0,95.0,69.0,71.7
Student8907,97.0,60.0,60.0,72.3
Student8908,95.0,55.0,91.0,80.3
Student8909,63.0,70.0,71.0,68.0
Student8910,82.0,82.0,94.0,86.0
Student8911,84.0,68.0,57.0,69.7
Student8912,88.0,88.0,77.0,84.3
Student8913,96.0,73.0,94.0,87.7
Student8914,69.0,67.0,90.0,75.3
Student8915,51.0,84.0,79.0,71.3
Student8916,90.0,92.0,82.0,88.0
Student8917,68.0,86.0,82.0,78.7
Student8918,86.0,68.0,96.0,83.3
Student8919,67.0,73.0,85.0,75.0
Student8920,65.0,83.0,76.0,74.7
Student8921,53.0,71.0,unknown,62.0
Student8922,61.0,53.0,82.0,65.3
Student8923,78.0,59.0,74.0,70.3
Student8924,56.0,51.0,93.0,66.7
Student8925,63.0,57.0,92.0,70.7
Student8926,61.0,82.0,68.0,70.3
Student8927,84.0,87.0,96.0,89.0
Student8928,54.0,92.0,70.0,72.0
Student8929,unknown,77.0,91.0,84.0
Student8930,91.0,59.0,82.0,77.3
Student8931,81.0,94.0,52.0,75.7
Student8932,59.0,50.0,63.0,57.3
Student8933,92.0,83.0,64.0,79.7
Student8934,66.0,52.0,82.0,66.7
Student8935,54.0,58.0,91.0,67.7
Student8936,unknown,54.0,71.0,62.5
Student8937,91.0,91.0,50.0,77.3
Student8938,58.0,59.0,80.0,65.7
Student8939,98.0,61.0,unknown,79.5
Student8940,82.0,67.0,84.0,77.7
Student8941,85.0,70.0,69.0,74.7
Student8942,85.0,70.0,81.0,78.7
Student8943,67.0,50.0,61.0,59.3
Student8944,58.0,52.0,65.0,58.3
Student8945,78.0,54.0,57.0,63.0
Student8946,99.0,unknown,63.0,81.0
Student8947,63.0,98.0,67.0,76.0
Student8948,unknown,57.0,79.0,68.0
Student8949,64.0,66.0,82.0,70.7
Student8950,55.0,58.0,83.0,65.3
Student8951,91.0,81.0,unknown,86.0
Student8952,78.0,55.0,98.0,77.0
Student8953,64.0,98.0,83.0,81.7
Student8954,78.0,89.0,98.0,88.3
Student8955,53.0,70.0,unknown,61.5
Student8956,67.0,unknown,55.0,61.0
Student8957,99.0,56.0,55.0,70.0
Student8958,98.0,96.0,71.0,88.3
Student8959,93.0,88.0,57.0,79.3
Student8960,88.0,76.0,86.0,83.3
Student8961,65.0,57.0,64.0,62.0
Student8962,60.0,58.0,75.0,64.3
Student8963,63.0,77.0,88.0,76.0
Student8964,52.0,64.0,52.0,56.0
Student8965,99.0,51.0,59.0,69.7
Student8966,91.0,56.0,52.0,66.3
Student8967,87.0,96.0,79.0,87.3
Student8968,94.0,67.0,95.0,85.3
Student8969,91.0,71.0,71.0,77.7
Student8970,67.0,99.0,52.0,72.7
Student8971,69.0,59.0,50.0,59.3
Student8972,97.0,99.0,82.0,92.7
Student8973,74.0,82.0,68.0,74.7
Student8974,87.0,56.0,85.0,76.0
Student8975,62.0,52.0,83.0,65.7
Student8976,53.0,63.0,80.0,65.3
Student8977,unknown,93.0,92.0,92.5
Student8978,82.0,95.0,73.0,83.3
Student8979,77.0,85.0,61.0,74.3
Student8980,86.0,62.0,62.0,70.0
Student8981,57.0,65.0,65.0,62.3
Student8982,93.0,65.0,65.0,74.3
Student8983,83.0,54.0,69.0,68.7
Student8984,93.0,74.0,90.0,85.7
Student8985,54.0,87.0,97.0,79.3
Student8986,54.0,87.0,76.0,72.3
Student8987,80.0,99.0,88.0,89.0
Student8988,94.0,87.0,62.0,81.0
Student8989,58.0,88.0,53.0,66.3
Student8990,91.0,97.0,81.0,89.7
Student8991,81.0,90.0,94.0,88.3
Student8992,82.0,unknown,89.0,85.5
Student8993,52.0,62.0,83.0,65.7
Student8994,79.0,93.0,88.0,86.7
Student8995,99.0,75.0,92.0,88.7
Student8996,61.0,50.0,66.0,59.0
Student8997,78.0,57.0,73.0,69.3
Student8998,52.0,53.0,78.0,61.0
Student8999,75.0,unknown,unknown,75.0
Student9000,79.0,71.0,77.0,75.7
Student9001,58.0,86.0,94.0,79.3
Student9002,75.0,98.0,96.0,89.7
Student9003,51.0,52.0,71.0,58.0
Student9004,52.0,68.0,77.0,65.7
Student9005,95.0,50.0,74.0,73.0
Student9006,53.0,78.0,90.0,73.7
Student9007,74.0,72.0,52.0,66.0
Student9008,62.0,82.0,62.0,68.7
Student9009,88.0,90.0,unknown,89.0
Student9010,93.0,72.0,62.0,75.7
Student9011,84.0,54.0,90.0,76.0
Student9012,72.0,56.0,67.0,65.0
Student9013,58.0,55.0,86.0,66.3
Student9014,51.0,98.0,92.0,80.3
Student9015,90.0,71.0,83.0,81.3
Student9016,93.0,98.0,66.0,85.7
Student9017,80.0,62.0,unknown,71.0
Student9018,unknown,61.0,85.0,73.0
Student9019,96.0,53.0,99.0,82.7
Student9020,51.0,57.0,89.0,65.7
Student9021,81.0,86.0,68.0,78.3
Student9022,67.0,80.0,unknown,73.5
Student9023,62.0,86.0,77.0,75.0
Student9024,95.0,94.0,60.0,83.0
Student9025,54.0,unknown,unknown,54.0
Student9026,91.0,92.0,86.0,89.7
Student9027,93.0,57.0,77.0,75.7
Student9028,59.0,89.0,84.0,77.3
Student9029,92.0,82.0,93.0,89.0
Student9030,74.0,94.0,64.0,77.3
Student9031,83.0,78.0,65.0,75.3
Student9032,86.0,unknown,94.0,90.0
Student9033,79.0,77.0,56.0,70.7
Student9034,56.0,unknown,96.0,76.0
Student9035,55.0,66.0,52.0,57.7
Student9036,52.0,72.0,80.0,68.0
Student9037,62.0,94.0,61.0,72.3
Student9038,52.0,58.0,57.0,55.7
Student9039,75.0,51.0,unknown,63.0
Student9040,73.0,81.0,93.0,82.3
Student9041,55.0,98.0,99.0,84.0
Student9042,92.0,80.0,84.0,85.3
Student9043,98.0,56.0,61.0,71.7
Student9044,unknown,79.0,70.0,74.5
Student9045,61.0,52.0,75.0,62.7
Student9046,98.0,58.0,51.0,69.0
Student9047,85.0,59.0,63.0,69.0
Student9048,51.0,95.0,95.0,80.3
Student9049,60.0,unknown,53.0,56.5
Student9050,88.0,96.0,66.0,83.3
Student9051,83.0,75.0,96.0,84.7
Student9052,75.0,50.0,97.0,74.0
Student9053,67.0,79.0,54.0,66.7
Student9054,70.0,87.0,73.0,76.7
Student9055,85.0,64.0,98.0,82.3
Student9056,89.0,74.0,56.0,73.0
Student9057,95.0,55.0,72.0,74.0
Student9058,93.0,67.0,96.0,85.3
Student9059,71.0,50.0,66.0,62.3
Student9060,79.0,52.0,61.0,64.0
Student9061,99.0,66.0,60.0,75.0
Student9062,92.0,97.0,60.0,83.0
Student9063,79.0,57.0,83.0,73.0
Student9064,57.0,98.0,96.0,83.7
Student9065,unknown,89.0,unknown,89.0
Student9066,96.0,66.0,99.0,87.0
Student9067,58.0,74.0,78.0,70.0
Student9068,69.0,90.0,97.0,85.3
Student9069,89.0,61.0,85.0,78.3
Student9070,74.0,78.0,76.0,76.0
Student9071,68.0,74.0,91.0,77.7
Student9072,54.0,85.0,71.0,70.0
Student9073,60.0,74.0,51.0,61.7
Student9074,64.0,78.0,96.0,79.3
Student9075,57.0,60.0,85.0,67.3
Student9076,68.0,53.0,97.0,72.7
Student9077,72.0,63.0,79.0,71.3
Student9078,76.0,95.0,56.0,75.7
Student9079,89.0,87.0,61.0,79.0
Student9080,81.0,unknown,52.0,66.5
Student9081,75.0,51.0,66.0,64.0
Student9082,76.0,57.0,90.0,74.3
Student9083,68.0,85.0,81.0,78.0
Student9084,99.0,59.0,57.0,71.7
Student9085,91.0,56.0,72.0,73.0
Student9086,78.0,unknown,87.0,82.5
Student9087,unknown,65.0,79.0,72.0
Student9088,90.0,63.0,64.0,72.3
Student9089,82.0,65.0,59.0,68.7
Student9090,68.0,74.0,87.0,76.3
Student9091,86.0,90.0,64.0,80.0
Student9092,68.0,53.0,79.0,66.7
Student9093,82.0,78.0,95.0,85.0
Student9094,96.0,55.0,75.0,75.3
Student9095,65.0,50.0,94.0,69.7
Student9096,72.0,88.0,63.0,74.3
Student9097,unknown,50.0,52.0,51.0
Student9098,75.0,89.0,85.0,83.0
Student9099,81.0,52.0,75.0,69.3
Student9100,61.0,50.0,63.0,58.0
Student9101,57.0,50.0,80.0,62.3
Student9102,54.0,88.0,63.0,68.3
Student9103,91.0,70.0,89.0,83.3
Student9104,77.0,94.0,59.0,76.7
Student9105,54.0,79.0,58.0,63.7
Student9106,unknown,81.0,95.0,88.0
Student9107,75.0,82.0,89.0,82.0
Student9108,54.0,97.0,92.0,81.0
Student9109,71.0,71.0,91.0,77.7
Student9110,64.0,79.0,67.0,70.0
Student9111,62.0,95.0,85.0,80.7
Student9112,77.0,53.0,85.0,71.7
Student9113,82.0,72.0,61.0,71.7
Student9114,92.0,unknown,99.0,95.5
Student9115,72.0,74.0,89.0,78.3
Student9116,82.0,unknown,52.0,67.0
Student9117,92.0,66.0,67.0,75.0
Student9118,67.0,64.0,56.0,62.3
Student9119,99.0,59.0,80.0,79.3
Student9120,79.0,84.0,50.0,71.0
Student9121,75.0,78.0,80.0,77.7
Student9122,65.0,unknown,unknown,65.0
Student9123,62.0,50.0,78.0,63.3
Student9124,88.0,50.0,52.0,63.3
Student9125,82.0,59.0,78.0,73.0
Student9126,unknown,67.0,84.0,75.5
Student9127,97.0,96.0,64.0,85.7
Student9128,50.0,51.0,70.0,57.0
Student9129,98.0,98.0,68.0,88.0
Student9130,87.0,57.0,77.0,73.7
Student9131,51.0,71.0,unknown,61.0
Student9132,98.0,71.0,94.0,87.7
Student9133,55.0,75.0,62.0,64.0
Student9134,95.0,75.0,64.0,78.0
Student9135,99.0,58.0,97.0,84.7
Student9136,87.0,70.0,88.0,81.7
Student9137,91.0,80.0,81.0,84.0
Student9138,73.0,92.0,52.0,72.3
Student9139,67.0,55.0,79.0,67.0
Student9140,76.0,63.0,unknown,69.5
Student9141,90.0,82.0,51.0,74.3
Student9142,57.0,unknown,99.0,78.0
Student9143,77.0,73.0,74.0,74.7
Student9144,unknown,58.0,unknown,58.0
Student9145,66.0,60.0,50.0,58.7
Student9146,78.0,72.0,97.0,82.3
Student9147,55.0,97.0,98.0,83.3
Student9148,63.0,51.0,97.0,70.3
Student9149,71.0,64.0,59.0,64.7
Student9150,55.0,84.0,66.0,68.3
Student9151,75.0,85.0,79.0,79.7
Student9152,88.0,77.0,84.0,83.0
Student9153,61.0,88.0,99.0,82.7
Student9154,84.0,93.0,68.0,81.7
Student9155,63.0,unknown,95.0,79.0
Student9156,71.0,59.0,83.0,71.0
Student9157,72.0,55.0,unknown,63.5
Student9158,97.0,unknown,61.0,79.0
Student9159,56.0,95.0,92.0,81.0
Student9160,89.0,84.0,66.0,79.7
Student9161,99.0,98.0,55.0,84.0
Student9162,74.0,92.0,62.0,76.0
Student9163,62.0,59.0,88.0,69.7
Student9164,70.0,81.0,71.0,74.0
Student9165,90.0,91.0,60.0,80.3
Student9166,59.0,91.0,56.0,68.7
Student9167,58.0,52.0,94.0,68.0
Student9168,64.0,75.0,94.0,77.7
Student9169,51.0,64.0,70.0,61.7
Student9170,74.0,66.0,50.0,63.3
Student9171,62.0,76.0,79.0,72.3
Student9172,83.0,67.0,68.0,72.7
Student9173,83.0,68.0,96.0,82.3
Student9174,unknown,61.0,95.0,78.0
Student9175,87.0,73.0,78.0,79.3
Student9176,52.0,54.0,84.0,63.3
Student9177,91.0,73.0,69.0,77.7
Student9178,55.0,76.0,85.0,72.0
Student9179,97.0,97.0,88.0,94.0
Student9180,98.0,79.0,50.0,75.7
Student9181,68.0,64.0,72.0,68.0
Student9182,52.0,96.0,80.0,76.0
Student9183,67.0,87.0,84.0,79.3
Student9184,88.0,93.0,unknown,90.5
Student9185,58.0,83.0,94.0,78.3
Student9186,61.0,76.0,71.0,69.3
Student9187,54.0,69.0,95.0,72.7
Student9188,52.0,90.0,56.0,66.0
Student9189,60.0,81.0,82.0,74.3
Student9190,79.0,53.0,94.0,75.3
Student9191,53.0,54.0,85.0,64.0
Student9192,54.0,57.0,93.0,68.0
Student9193,50.0,71.0,56.0,59.0
Student9194,76.0,91.0,76.0,81.0
Student9195,77.0,56.0,51.0,61.3
Student9196,unknown,71.0,66.0,68.5
Student9197,67.0,95.0,50.0,70.7
Student9198,unknown,79.0,95.0,87.0
Student9199,62.0,unknown,79.0,70.5
Student9200,90.0,65.0,71.0,75.3
Student9201,51.0,64.0,77.0,64.0
Student9202,86.0,54.0,82.0,74.0
Student9203,94.0,unknown,unknown,94.0
Student9204,65.0,72.0,84.0,73.7
Student9205,97.0,59.0,60.0,72.0
Student9206,73.0,54.0,56.0,61.0
Student9207,84.0,72.0,77.0,77.7
Student9208,71.0,64.0,74.0,69.7
Student9209,85.0,67.0,90.0,80.7
Student9210,60.0,74.0,80.0,71.3
Student9211,95.0,57.0,52.0,68.0
Student9212,78.0,80.0,82.0,80.0
Student9213,84.0,70.0,83.0,79.0
Student9214,97.0,51.0,70.0,72.7
Student9215,64.0,71.0,86.0,73.7
Student9216,80.0,57.0,98.0,78.3
Student9217,91.0,72.0,68.0,77.0
Student9218,90.0,81.0,86.0,85.7
Student9219,92.0,57.0,70.0,73.0
Student9220,65.0,53.0,63.0,60.3
Student9221,59.0,79.0,59.0,65.7
Student9222,98.0,68.0,56.0,74.0
Student9223,81.0,72.0,unknown,76.5
Student9224,51.0,67.0,89.0,69.0
Student9225,unknown,78.0,57.0,67.5
Student9226,72.0,72.0,88.0,77.3
Student9227,51.0,82.0,62.0,65.0
Student9228,87.0,96.0,95.0,92.7
Student9229,80.0,67.0,68.0,71.7
Student9230,89.0,93.0,60.0,80.7
Student9231,75.0,82.0,51.0,69.3
Student9232,78.0,56.0,98.0,77.3
Student9233,52.0,77.0,unknown,64.5
Student9234,63.0,50.0,78.0,63.7
Student9235,74.0,88.0,unknown,81.0
Student9236,97.0,83.0,54.0,78.0
Student9237,50.0,unknown,90.0,70.0
Student9238,52.0,68.0,79.0,66.3
Student9239,75.0,80.0,88.0,81.0
Student9240,67.0,62.0,unknown,64.5
Student9241,58.0,73.0,76.0,69.0
Student9242,87.0,54.0,99.0,80.0
Student9243,72.0,72.0,67.0,70.3
Student9244,70.0,68.0,unknown,69.0
Student9245,50.0,50.0,85.0,61.7
Student9246,70.0,82.0,65.0,72.3
Student9247,unknown,99.0,54.0,76.5
Student9248,91.0,82.0,58.0,77.0
Student9249,55.0,unknown,83.0,69.0
Student9250,93.0,77.0,83.0,84.3
Student9251,85.0,unknown,85.0,85.0
Student9252,77.0,90.0,80.0,82.3
Student9253,94.0,61.0,69.0,74.7
Student9254,66.0,58.0,66.0,63.3
Student9255,89.0,99.0,69.0,85.7
Student9256,52.0,60.0,77.0,63.0
Student9257,61.0,82.0,70.0,71.0
Student9258,88.0,68.0,68.0,74.7
Student9259,61.0,91.0,52.0,68.0
Student9260,51.0,83.0,79.0,71.0
Student9261,95.0,56.0,54.0,68.3
Student9262,71.0,80.0,91.0,80.7
Student9263,72.0,51.0,55.0,59.3
Student9264,79.0,68.0,52.0,66.3
Student9265,54.0,87.0,98.0,79.7
Student9266,58.0,81.0,91.0,76.7
Student9267,70.0,59.0,73.0,67.3
Student9268,60.0,90.0,93.0,81.0
Student9269,54.0,57.0,50.0,53.7
Student9270,84.0,75.0,99.0,86.0
Student9271,76.0,79.0,85.0,80.0
Student9272,98.0,60.0,64.0,74.0
Student9273,unknown,90.0,90.0,90.0
Student9274,73.0,69.0,87.0,76.3
Student9275,80.0,69.0,93.0,80.7
Student9276,82.0,58.0,67.0,69.0
Student9277,88.0,57.0,72.0,72.3
Student9278,79.0,64.0,96.0,79.7
Student9279,95.0,unknown,78.0,86.5
Student9280,86.0,73.0,90.0,83.0
Student9281,77.0,82.0,71.0,76.7
Student9282,80.0,90.0,73.0,81.0
Student9283,60.0,90.0,94.0,81.3
Student9284,72.0,94.0,97.0,87.7
Student9285,51.0,89.0,unknown,70.0
Student9286,89.0,76.0,82.0,82.3
Student9287,90.0,70.0,unknown,80.0
Student9288,76.0,54.0,71.0,67.0
Student9289,84.0,84.0,84.0,84.0
Student9290,51.0,70.0,66.0,62.3
Student9291,88.0,53.0,71.0,70.7
Student9292,86.0,98.0,54.0,79.3
Student9293,70.0,97.0,74.0,80.3
Student9294,54.0,65.0,55.0,58.0
Student9295,94.0,80.0,66.0,80.0
Student9296,70.0,75.0,80.0,75.0
Student9297,78.0,84.0,66.0,76.0
Student9298,69.0,55.0,82.0,68.7
Student9299,87.0,82.0,88.0,85.7
Student9300,69.0,70.0,97.0,78.7
Student9301,99.0,65.0,86.0,83.3
Student9302,74.0,96.0,97.0,89.0
Student9303,51.0,88.0,unknown,69.5
Student9304,81.0,83.0,92.0,85.3
Student9305,75.0,91.0,63.0,76.3
Student9306,55.0,64.0,unknown,59.5
Student9307,90.0,55.0,76.0,73.7
Student9308,52.0,51.0,73.0,58.7
Student9309,82.0,73.0,76.0,77.0
Student9310,50.0,98.0,57.0,68.3
Student9311,54.0,77.0,96.0,75.7
Student9312,62.0,50.0,99.0,70.3
Student9313,68.0,50.0,88.0,68.7
Student9314,61.0,77.0,70.0,69.3
Student9315,97.0,85.0,90.0,90.7
Student9316,74.0,69.0,60.0,67.7
Student9317,84.0,97.0,80.0,87.0
Student9318,61.0,57.0,76.0,64.7
Student9319,79.0,50.0,91.0,73.3
Student9320,54.0,75.0,95.0,74.7
Student9321,83.0,92.0,97.0,90.7
Student9322,71.0,98.0,76.0,81.7
Student9323,88.0,74.0,57.0,73.0
Student9324,62.0,59.0,82.0,67.7
Student9325,unknown,61.0,61.0,61.0
Student9326,unknown,90.0,84.0,87.0
Student9327,69.0,56.0,83.0,69.3
Student9328,80.0,61.0,65.0,68.7
Student9329,54.0,96.0,85.0,78.3
Student9330,73.0,89.0,51.0,71.0
Student9331,89.0,66.0,61.0,72.0
Student9332,82.0,54.0,76.0,70.7
Student9333,57.0,63.0,66.0,62.0
Student9334,73.0,83.0,69.0,75.0
Student9335,99.0,97.0,70.0,88.7
Student9336,69.0,66.0,79.0,71.3
Student9337,65.0,84.0,91.0,80.0
Student9338,99.0,50.0,69.0,72.7
Student9339,61.0,99.0,57.0,72.3
Student9340,62.0,99.0,67.0,76.0
Student9341,94.0,85.0,67.0,82.0
Student9342,91.0,64.0,67.0,74.0
Student9343,88.0,68.0,51.0,69.0
Student9344,74.0,91.0,unknown,82.5
Student9345,95.0,54.0,81.0,76.7
Student9346,81.0,unknown,91.0,86.0
Student9347,73.0,92.0,57.0,74.0
Student9348,97.0,88.0,59.0,81.3
Student9349,96.0,54.0,60.0,70.0
Student9350,93.0,unknown,63.0,78.0
Student9351,58.0,68.0,75.0,67.0
Student9352,89.0,96.0,96.0,93.7
Student9353,99.0,61.0,79.0,79.7
Student9354,72.0,85.0,91.0,82.7
Student9355,99.0,61.0,53.0,71.0
Student9356,unknown,67.0,88.0,77.5
Student9357,81.0,98.0,60.0,79.7
Student9358,99.0,97.0,73.0,89.7
Student9359,64.0,92.0,71.0,75.7
Student9360,85.0,83.0,52.0,73.3
Student9361,98.0,97.0,86.0,93.7
Student9362,54.0,82.0,51.0,62.3
Student9363,71.0,98.0,61.0,76.7
Student9364,65.0,67.0,70.0,67.3
Student9365,90.0,78.0,54.0,74.0
Student9366,59.0,94.0,56.0,69.7
Student9367,73.0,unknown,53.0,63.0
Student9368,67.0,74.0,92.0,77.7
Student9369,98.0,73.0,90.0,87.0
Student9370,67.0,78.0,85.0,76.7
Student9371,56.0,87.0,71.0,71.3
Student9372,53.0,82.0,78.0,71.0
Student9373,75.0,59.0,58.0,64.0
Student9374,54.0,86.0,75.0,71.7
Student9375,65.0,82.0,61.0,69.3
Student9376,84.0,72.0,97.0,84.3
Student9377,75.0,60.0,unknown,67.5
Student9378,67.0,73.0,57.0,65.7
Student9379,78.0,73.0,82.0,77.7
Student9380,72.0,56.0,53.0,60.3
Student9381,63.0,99.0,unknown,81.0
Student9382,64.0,70.0,78.0,70.7
Student9383,98.0,69.0,63.0,76.7
Student9384,82.0,59.0,unknown,70.5
Student9385,74.0,74.0,58.0,68.7
Student9386,70.0,96.0,75.0,80.3
Student9387,66.0,85.0,unknown,75.5
Student9388,72.0,97.0,96.0,88.3
Student9389,92.0,96.0,91.0,93.0
Student9390,66.0,64.0,66.0,65.3
Student9391,63.0,93.0,90.0,82.0
Student9392,78.0,89.0,53.0,73.3
Student9393,69.0,89.0,95.0,84.3
Student9394,79.0,99.0,52.0,76.7
Student9395,68.0,unknown,78.0,73.0
Student9396,88.0,86.0,74.0,82.7
Student9397,62.0,51.0,70.0,61.0
Student9398,67.0,61.0,61.0,63.0
Student9399,72.0,53.0,50.0,58.3
Student9400,95.0,72.0,50.0,72.3
Student9401,82.0,62.0,94.0,79.3
Student9402,88.0,66.0,95.0,83.0
Student9403,89.0,80.0,97.0,88.7
Student9404,67.0,65.0,56.0,62.7
Student9405,58.0,90.0,59.0,69.0
Student9406,82.0,75.0,64.0,73.7
Student9407,81.0,unknown,unknown,81.0
Student9408,66.0,50.0,60.0,58.7
Student9409,68.0,96.0,95.0,86.3
Student9410,76.0,61.0,94.0,77.0
Student9411,55.0,86.0,72.0,71.0
Student9412,84.0,99.0,62.0,81.7
Student9413,86.0,69.0,76.0,77.0
Student9414,83.0,51.0,90.0,74.7
Student9415,69.0,85.0,66.0,73.3
Student9416,74.0,64.0,99.0,79.0
Student9417,53.0,87.0,62.0,67.3
Student9418,59.0,71.0,61.0,63.7
Student9419,59.0,93.0,78.0,76.7
Student9420,73.0,99.0,unknown,86.0
Student9421,70.0,81.0,69.0,73.3
Student9422,60.0,69.0,69.0,66.0
Student9423,76.0,85.0,80.0,80.3
Student9424,65.0,82.0,57.0,68.0
Student9425,unknown,64.0,73.0,68.5
Student9426,79.0,99.0,60.0,79.3
Student9427,98.0,95.0,88.0,93.7
Student9428,65.0,52.0,82.0,66.3
Student9429,56.0,78.0,91.0,75.0
Student9430,65.0,96.0,64.0,75.0
Student9431,84.0,76.0,53.0,71.0
Student9432,unknown,54.0,50.0,52.0
Student9433,89.0,80.0,81.0,83.3
Student9434,61.0,unknown,60.0,60.5
Student9435,84.0,84.0,79.0,82.3
Student9436,98.0,56.0,86.0,80.0
Student9437,70.0,55.0,68.0,64.3
Student9438,99.0,75.0,85.0,86.3
Student9439,92.0,50.0,unknown,71.0
Student9440,85.0,68.0,56.0,69.7
Student9441,97.0,56.0,94.0,82.3
Student9442,66.0,85.0,69.0,73.3
Student9443,81.0,61.0,61.0,67.7
Student9444,90.0,69.0,81.0,80.0
Student9445,55.0,72.0,51.0,59.3
Student9446,73.0,74.0,71.0,72.7
Student9447,unknown,79.0,90.0,84.5
Student9448,69.0,78.0,97.0,81.3
Student9449,74.0,80.0,89.0,81.0
Student9450,51.0,67.0,unknown,59.0
Student9451,58.0,90.0,99.0,82.3
Student9452,77.0,68.0,80.0,75.0
Student9453,87.0,53.0,53.0,64.3
Student9454,unknown,50.0,73.0,61.5
Student9455,69.0,90.0,92.0,83.7
Student9456,55.0,64.0,66.0,61.7
Student9457,88.0,57.0,89.0,78.0
Student9458,82.0,64.0,68.0,71.3
Student9459,50.0,64.0,89.0,67.7
Student9460,86.0,99.0,87.0,90.7
Student9461,55.0,88.0,83.0,75.3
Student9462,94.0,71.0,unknown,82.5
Student9463,83.0,67.0,82.0,77.3
Student9464,96.0,65.0,55.0,72.0
Student9465,64.0,51.0,unknown,57.5
Student9466,94.0,85.0,62.0,80.3
Student9467,75.0,69.0,96.0,80.0
Student9468,63.0,65.0,58.0,62.0
Student9469,56.0,unknown,84.0,70.0
Student9470,95.0,79.0,83.0,85.7
Student9471,80.0,51.0,65.0,65.3
Student9472,73.0,84.0,67.0,74.7
Student9473,80.0,75.0,67.0,74.0
Student9474,78.0,54.0,87.0,73.0
Student9475,91.0,51.0,99.0,80.3
Student9476,81.0,69.0,92.0,80.7
Student9477,66.0,83.0,81.0,76.7
Student9478,63.0,83.0,unknown,73.0
Student9479,89.0,69.0,72.0,76.7
Student9480,85.0,99.0,72.0,85.3
Student9481,97.0,74.0,95.0,88.7
Student9482,unknown,69.0,67.0,68.0
Student9483,94.0,74.0,56.0,74.7
Student9484,76.0,63.0,91.0,76.7
Student9485,74.0,96.0,89.0,86.3
Student9486,81.0,93.0,73.0,82.3
Student9487,67.0,92.0,63.0,74.0
Student9488,95.0,92.0,99.0,95.3
Student9489,67.0,88.0,54.0,69.7
Student9490,unknown,61.0,95.0,78.0
Student9491,75.0,97.0,71.0,81.0
Student9492,58.0,54.0,71.0,61.0
Student9493,84.0,51.0,59.0,64.7
Student9494,57.0,65.0,75.0,65.7
Student9495,69.0,79.0,64.0,70.7
Student9496,91.0,unknown,87.0,89.0
Student9497,71.0,92.0,90.0,84.3
Student9498,68.0,87.0,91.0,82.0
Student9499,79.0,94.0,98.0,90.3
Student9500,77.0,91.0,50.0,72.7
Student9501,84.0,73.0,63.0,73.3
Student9502,92.0,unknown,85.0,88.5
Student9503,60.0,86.0,80.0,75.3
Student9504,80.0,88.0,77.0,81.7
Student9505,98.0,60.0,83.0,80.3
Student9506,97.0,63.0,84.0,81.3
Student9507,88.0,72.0,88.0,82.7
Student9508,85.0,65.0,72.0,74.0
Student9509,79.0,unknown,95.0,87.0
Student9510,72.0,70.0,93.0,78.3
Student9511,68.0,53.0,68.0,63.0
Student9512,61.0,82.0,67.0,70.0
Student9513,unknown,96.0,64.0,80.0
Student9514,80.0,63.0,unknown,71.5
Student9515,92.0,68.0,74.0,78.0
Student9516,86.0,54.0,75.0,71.7
Student9517,86.0,85.0,84.0,85.0
Student9518,64.0,80.0,64.0,69.3
Student9519,78.0,94.0,53.0,75.0
Student9520,99.0,67.0,64.0,76.7
Student9521,92.0,93.0,91.0,92.0
Student9522,75.0,80.0,87.0,80.7
Student9523,93.0,79.0,94.0,88.7
Student9524,51.0,70.0,88.0,69.7
Student9525,69.0,96.0,50.0,71.7
Student9526,64.0,79.0,71.0,71.3
Student9527,53.0,90.0,60.0,67.7
Student9528,71.0,53.0,95.0,73.0
Student9529,unknown,54.0,87.0,70.5
Student9530,87.0,90.0,86.0,87.7
Student9531,72.0,94.0,75.0,80.3
Student9532,75.0,59.0,76.0,70.0
Student9533,60.0,76.0,62.0,66.0
Student9534,77.0,65.0,56.0,66.0
Student9535,51.0,79.0,57.0,62.3
Student9536,57.0,62.0,95.0,71.3
Student9537,78.0,85.0,72.0,78.3
Student9538,60.0,70.0,75.0,68.3
Student9539,86.0,94.0,93.0,91.0
Student9540,67.0,89.0,76.0,77.3
Student9541,99.0,94.0,58.0,83.7
Student9542,63.0,64.0,95.0,74.0
Student9543,59.0,69.0,87.0,71.7
Student9544,unknown,69.0,unknown,69.0
Student9545,58.0,94.0,62.0,71.3
Student9546,84.0,54.0,56.0,64.7
Student9547,60.0,81.0,60.0,67.0
Student9548,93.0,unknown,59.0,76.0
Student9549,61.0,79.0,82.0,74.0
Student9550,52.0,75.0,88.0,71.7
Student9551,88.0,86.0,99.0,91.0
Student9552,63.0,62.0,52.0,59.0
Student9553,77.0,78.0,90.0,81.7
Student9554,60.0,54.0,78.0,64.0
Student9555,88.0,unknown,unknown,88.0
Student9556,74.0,62.0,94.0,76.7
Student9557,70.0,73.0,65.0,69.3
Student9558,59.0,80.0,unknown,69.5
Student9559,92.0,69.0,93.0,84.7
Student9560,64.0,57.0,99.0,73.3
Student9561,unknown,58.0,92.0,75.0
Student9562,97.0,70.0,98.0,88.3
Student9563,unknown,69.0,56.0,62.5
Student9564,70.0,64.0,unknown,67.0
Student9565,93.0,75.0,87.0,85.0
Student9566,81.0,91.0,55.0,75.7
Student9567,99.0,60.0,67.0,75.3
Student9568,72.0,86.0,68.0,75.3
Student9569,62.0,90.0,unknown,76.0
Student9570,unknown,60.0,52.0,56.0
Student9571,53.0,76.0,95.0,74.7
Student9572,77.0,79.0,74.0,76.7
Student9573,63.0,68.0,85.0,72.0
Student9574,57.0,83.0,98.0,79.3
Student9575,58.0,87.0,77.0,74.0
Student9576,84.0,72.0,87.0,81.0
Student9577,86.0,50.0,77.0,71.0
Student9578,unknown,52.0,81.0,66.5
Student9579,67.0,52.0,90.0,69.7
Student9580,82.0,77.0,85.0,81.3
Student9581,57.0,63.0,88.0,69.3
Student9582,98.0,79.0,85.0,87.3
Student9583,66.0,54.0,92.0,70.7
Student9584,92.0,98.0,72.0,87.3
Student9585,80.0,64.0,51.0,65.0
Student9586,83.0,87.0,59.0,76.3
Student9587,55.0,63.0,55.0,57.7
Student9588,71.0,63.0,57.0,63.7
Student9589,63.0,98.0,64.0,75.0
Student9590,52.0,57.0,94.0,67.7
Student9591,61.0,unknown,78.0,69.5
Student9592,85.0,68.0,77.0,76.7
Student9593,61.0,81.0,71.0,71.0
Student9594,94.0,80.0,83.0,85.7
Student9595,51.0,78.0,69.0,66.0
Student9596,51.0,90.0,82.0,74.3
Student9597,64.0,60.0,64.0,62.7
Student9598,72.0,94.0,56.0,74.0
Student9599,78.0,62.0,unknown,70.0
Student9600,66.0,76.0,75.0,72.3
Student9601,81.0,68.0,99.0,82.7
Student9602,56.0,75.0,59.0,63.3
Student9603,79.0,86.0,64.0,76.3
Student9604,77.0,97.0,86.0,86.7
Student9605,63.0,58.0,73.0,64.7
Student9606,93.0,77.0,60.0,76.7
Student9607,79.0,81.0,89.0,83.0
Student9608,66.0,52.0,70.0,62.7
Student9609,81.0,unknown,89.0,85.0
Student9610,95.0,54.0,87.0,78.7
Student9611,55.0,57.0,64.0,58.7
Student9612,73.0,63.0,64.0,66.7
Student9613,55.0,52.0,86.0,64.3
Student9614,76.0,73.0,94.0,81.0
Student9615,67.0,62.0,unknown,64.5
Student9616,73.0,92.0,92.0,85.7
Student9617,86.0,78.0,70.0,78.0
Student9618,73.0,57.0,93.0,74.3
Student9619,87.0,91.0,69.0,82.3
Student9620,83.0,80.0,82.0,81.7
Student9621,89.0,75.0,52.0,72.0
Student9622,96.0,67.0,89.0,84.0
Student9623,64.0,unknown,72.0,68.0
Student9624,60.0,56.0,93.0,69.7
Student9625,71.0,97.0,96.0,88.0
Student9626,73.0,87.0,72.0,77.3
Student9627,50.0,97.0,76.0,74.3
Student9628,67.0,65.0,84.0,72.0
Student9629,93.0,82.0,74.0,83.0
Student9630,61.0,52.0,81.0,64.7
Student9631,92.0,87.0,unknown,89.5
Student9632,77.0,53.0,57.0,62.3
Student9633,89.0,85.0,87.0,87.0
Student9634,56.0,53.0,67.0,58.7
Student9635,72.0,91.0,77.0,80.0
Student9636,70.0,58.0,77.0,68.3
Student9637,83.0,89.0,60.0,77.3
Student9638,60.0,66.0,61.0,62.3
Student9639,unknown,66.0,51.0,58.5
Student9640,91.0,82.0,86.0,86.3
Student9641,84.0,69.0,53.0,68.7
Student9642,78.0,63.0,90.0,77.0
Student9643,unknown,71.0,94.0,82.5
Student9644,77.0,76.0,94.0,82.3
Student9645,67.0,92.0,96.0,85.0
Student9646,63.0,52.0,83.0,66.0
Student9647,67.0,73.0,72.0,70.7
Student9648,77.0,79.0,62.0,72.7
Student9649,73.0,unknown,56.0,64.5
Student9650,57.0,71.0,81.0,69.7
Student9651,91.0,74.0,72.0,79.0
Student9652,94.0,59.0,98.0,83.7
Student9653,57.0,98.0,57.0,70.7
Student9654,53.0,78.0,99.0,76.7
Student9655,unknown,89.0,96.0,92.5
Student9656,85.0,50.0,96.0,77.0
Student9657,54.0,70.0,86.0,70.0
Student9658,82.0,88.0,83.0,84.3
Student9659,98.0,73.0,97.0,89.3
Student9660,unknown,58.0,78.0,68.0
Student9661,79.0,93.0,86.0,86.0
Student9662,57.0,75.0,72.0,68.0
Student9663,88.0,58.0,87.0,77.7
Student9664,unknown,69.0,78.0,73.5
Student9665,75.0,84.0,93.0,84.0
Student9666,86.0,85.0,54.0,75.0
Student9667,83.0,91.0,89.0,87.7
Student9668,56.0,85.0,60.0,67.0
Student9669,89.0,58.0,63.0,70.0
Student9670,77.0,71.0,98.0,82.0
Student9671,88.0,50.0,91.0,76.3
Student9672,88.0,54.0,51.0,64.3
Student9673,77.0,58.0,84.0,73.0
Student9674,63.0,86.0,94.0,81.0
Student9675,unknown,87.0,98.0,92.5
Student9676,87.0,68.0,84.0,79.7
Student9677,53.0,57.0,91.0,67.0
Student9678,91.0,91.0,77.0,86.3
Student9679,67.0,92.0,57.0,72.0
Student9680,93.0,81.0,81.0,85.0
Student9681,97.0,62.0,53.0,70.7
Student9682,74.0,69.0,94.0,79.0
Student9683,56.0,85.0,56.0,65.7
Student9684,87.0,92.0,88.0,89.0
Student9685,77.0,93.0,97.0,89.0
Student9686,54.0,86.0,76.0,72.0
Student9687,52.0,79.0,86.0,72.3
Student9688,93.0,59.0,66.0,72.7
Student9689,80.0,80.0,59.0,73.0
Student9690,96.0,unknown,53.0,74.5
Student9691,91.0,78.0,72.0,80.3
Student9692,69.0,73.0,63.0,68.3
Student9693,68.0,88.0,54.0,70.0
Student9694,97.0,70.0,51.0,72.7
Student9695,60.0,90.0,95.0,81.7
Student9696,89.0,58.0,73.0,73.3
Student9697,52.0,91.0,67.0,70.0
Student9698,72.0,91.0,76.0,79.7
Student9699,56.0,51.0,73.0,60.0
Student9700,72.0,53.0,78.0,67.7
Student9701,unknown,57.0,60.0,58.5
Student9702,95.0,81.0,97.0,91.0
Student9703,83.0,63.0,67.0,71.0
Student9704,91.0,98.0,97.0,95.3
Student9705,68.0,62.0,53.0,61.0
Student9706,58.0,70.0,82.0,70.0
Student9707,97.0,73.0,63.0,77.7
Student9708,unknown,99.0,93.0,96.0
Student9709,90.0,67.0,91.0,82.7
Student9710,97.0,94.0,81.0,90.7
Student9711,94.0,89.0,53.0,78.7
Student9712,91.0,75.0,69.0,78.3
Student9713,74.0,81.0,70.0,75.0
Student9714,63.0,93.0,52.0,69.3
Student9715,93.0,82.0,74.0,83.0
Student9716,74.0,80.0,53.0,69.0
Student9717,68.0,67.0,96.0,77.0
Student9718,88.0,unknown,60.0,74.0
Student9719,64.0,61.0,65.0,63.3
Student9720,65.0,74.0,85.0,74.7
Student9721,76.0,94.0,55.0,75.0
Student9722,89.0,80.0,80.0,83.0
Student9723,59.0,59.0,89.0,69.0
Student9724,53.0,96.0,62.0,70.3
Student9725,68.0,83.0,72.0,74.3
Student9726,77.0,52.0,53.0,60.7
Student9727,70.0,95.0,86.0,83.7
Student9728,96.0,88.0,91.0,91.7
Student9729,63.0,57.0,86.0,68.7
Student9730,unknown,81.0,93.0,87.0
Student9731,97.0,92.0,82.0,90.3
Student9732,59.0,78.0,91.0,76.0
Student9733,68.0,71.0,78.0,72.3
Student9734,79.0,unknown,86.0,82.5
Student9735,71.0,55.0,68.0,64.7
Student9736,52.0,92.0,69.0,71.0
Student9737,86.0,98.0,81.0,88.3
Student9738,90.0,78.0,93.0,87.0
Student9739,67.0,91.0,65.0,74.3
Student9740,60.0,66.0,54.0,60.0
Student9741,unknown,80.0,98.0,89.0
Student9742,51.0,83.0,95.0,76.3
Student9743,61.0,87.0,61.0,69.7
Student9744,55.0,86.0,94.0,78.3
Student9745,92.0,53.0,70.0,71.7
Student9746,89.0,51.0,63.0,67.7
Student9747,93.0,61.0,86.0,80.0
Student9748,78.0,84.0,71.0,77.7
Student9749,79.0,55.0,79.0,71.0
Student9750,51.0,unknown,72.0,61.5
Student9751,58.0,57.0,54.0,56.3
Student9752,96.0,70.0,78.0,81.3
Student9753,51.0,95.0,79.0,75.0
Student9754,78.0,84.0,67.0,76.3
Student9755,82.0,97.0,95.0,91.3
Student9756,unknown,64.0,99.0,81.5
Student9757,83.0,56.0,50.0,63.0
Student9758,93.0,64.0,88.0,81.7
Student9759,57.0,94.0,unknown,75.5
Student9760,86.0,55.0,52.0,64.3
Student9761,82.0,96.0,91.0,89.7
Student9762,96.0,66.0,unknown,81.0
Student9763,55.0,53.0,76.0,61.3
Student9764,93.0,71.0,77.0,80.3
Student9765,89.0,unknown,93.0,91.0
Student9766,94.0,71.0,80.0,81.7
Student9767,68.0,76.0,64.0,69.3
Student9768,unknown,95.0,97.0,96.0
Student9769,76.0,unknown,57.0,66.5
Student9770,50.0,93.0,55.0,66.0
Student9771,92.0,71.0,77.0,80.0
Student9772,82.0,77.0,53.0,70.7
Student9773,89.0,91.0,79.0,86.3
Student9774,81.0,87.0,92.0,86.7
Student9775,unknown,58.0,66.0,62.0
Student9776,66.0,83.0,83.0,77.3
Student9777,57.0,unknown,55.0,56.0
Student9778,unknown,58.0,85.0,71.5
Student9779,83.0,64.0,84.0,77.0
Student9780,58.0,94.0,88.0,80.0
Student9781,72.0,69.0,88.0,76.3
Student9782,84.0,57.0,65.0,68.7
Student9783,99.0,77.0,51.0,75.7
Student9784,56.0,unknown,57.0,56.5
Student9785,64.0,65.0,64.0,64.3
Student9786,69.0,60.0,76.0,68.3
Student9787,99.0,91.0,65.0,85.0
Student9788,74.0,unknown,50.0,62.0
Student9789,52.0,82.0,59.0,64.3
Student9790,95.0,59.0,unknown,77.0
Student9791,73.0,67.0,97.0,79.0
Student9792,83.0,84.0,59.0,75.3
Student9793,95.0,92.0,61.0,82.7
Student9794,71.0,99.0,66.0,78.7
Student9795,60.0,52.0,unknown,56.0
Student9796,97.0,unknown,61.0,79.0
Student9797,57.0,76.0,64.0,65.7
Student9798,88.0,77.0,95.0,86.7
Student9799,92.0,95.0,81.0,89.3
Student9800,84.0,55.0,81.0,73.3
Student9801,98.0,96.0,75.0,89.7
Student9802,95.0,63.0,63.0,73.7
Student9803,87.0,56.0,99.0,80.7
Student9804,57.0,59.0,75.0,63.7
Student9805,86.0,64.0,54.0,68.0
Student9806,76.0,80.0,87.0,81.0
Student9807,77.0,78.0,99.0,84.7
Student9808,89.0,91.0,95.0,91.7
Student9809,83.0,66.0,53.0,67.3
Student9810,81.0,78.0,77.0,78.7
Student9811,64.0,98.0,50.0,70.7
Student9812,93.0,93.0,62.0,82.7
Student9813,66.0,64.0,92.0,74.0
Student9814,82.0,75.0,52.0,69.7
Student9815,96.0,61.0,98.0,85.0
Student9816,95.0,74.0,99.0,89.3
Student9817,65.0,90.0,74.0,76.3
Student9818,78.0,54.0,91.0,74.3
Student9819,58.0,53.0,65.0,58.7
Student9820,82.0,unknown,70.0,76.0
Student9821,98.0,unknown,62.0,80.0
Student9822,78.0,90.0,93.0,87.0
Student9823,62.0,80.0,85.0,75.7
Student9824,70.0,52.0,57.0,59.7
Student9825,70.0,52.0,93.0,71.7
Student9826,54.0,75.0,68.0,65.7
Student9827,59.0,99.0,96.0,84.7
Student9828,55.0,66.0,65.0,62.0
Student9829,62.0,59.0,61.0,60.7
Student9830,50.0,51.0,69.0,56.7
Student9831,69.0,73.0,67.0,69.7
Student9832,96.0,60.0,61.0,72.3
Student9833,95.0,73.0,97.0,88.3
Student9834,57.0,84.0,74.0,71.7
Student9835,59.0,72.0,60.0,63.7
Student9836,58.0,81.0,71.0,70.0
Student9837,98.0,72.0,95.0,88.3
Student9838,unknown,unknown,83.0,83.0
Student9839,52.0,90.0,62.0,68.0
Student9840,60.0,68.0,95.0,74.3
Student9841,61.0,51.0,87.0,66.3
Student9842,59.0,51.0,61.0,57.0
Student9843,74.0,64.0,88.0,75.3
Student9844,98.0,70.0,85.0,84.3
Student9845,98.0,84.0,77.0,86.3
Student9846,74.0,54.0,76.0,68.0
Student9847,60.0,92.0,88.0,80.0
Student9848,85.0,76.0,62.0,74.3
Student9849,88.0,73.0,92.0,84.3
Student9850,75.0,56.0,89.0,73.3
Student9851,63.0,55.0,76.0,64.7
Student9852,88.0,95.0,80.0,87.7
Student9853,89.0,82.0,51.0,74.0
Student9854,50.0,98.0,67.0,71.7
Student9855,53.0,66.0,75.0,64.7
Student9856,79.0,95.0,91.0,88.3
Student9857,61.0,91.0,80.0,77.3
Student9858,84.0,79.0,87.0,83.3
Student9859,62.0,57.0,71.0,63.3
Student9860,80.0,89.0,85.0,84.7
Student9861,87.0,95.0,68.0,83.3
Student9862,92.0,56.0,63.0,70.3
Student9863,72.0,55.0,63.0,63.3
Student9864,unknown,53.0,99.0,76.0
Student9865,65.0,50.0,78.0,64.3
Student9866,56.0,64.0,66.0,62.0
Student9867,71.0,80.0,99.0,83.3
Student9868,78.0,74.0,99.0,83.7
Student9869,60.0,96.0,86.0,80.7
Student9870,82.0,82.0,58.0,74.0
Student9871,78.0,84.0,unknown,81.0
Student9872,88.0,54.0,53.0,65.0
Student9873,61.0,54.0,56.0,57.0
Student9874,56.0,85.0,60.0,67.0
Student9875,88.0,unknown,63.0,75.5
Student9876,91.0,63.0,91.0,81.7
Student9877,97.0,78.0,68.0,81.0
Student9878,75.0,57.0,89.0,73.7
Student9879,89.0,83.0,52.0,74.7
Student9880,58.0,89.0,57.0,68.0
Student9881,90.0,50.0,78.0,72.7
Student9882,83.0,78.0,99.0,86.7
Student9883,94.0,85.0,86.0,88.3
Student9884,62.0,86.0,92.0,80.0
Student9885,85.0,78.0,58.0,73.7
Student9886,74.0,54.0,68.0,65.3
Student9887,73.0,81.0,61.0,71.7
Student9888,93.0,73.0,76.0,80.7
Student9889,66.0,68.0,86.0,73.3
Student9890,51.0,61.0,97.0,69.7
Student9891,62.0,50.0,74.0,62.0
Student9892,unknown,56.0,94.0,75.0
Student9893,78.0,66.0,87.0,77.0
Student9894,99.0,83.0,97.0,93.0
Student9895,77.0,92.0,99.0,89.3
Student9896,76.0,56.0,66.0,66.0
Student9897,64.0,66.0,93.0,74.3
Student9898,80.0,52.0,82.0,71.3
Student9899,89.0,78.0,88.0,85.0
Student9900,64.0,71.0,63.0,66.0
Student9901,82.0,87.0,77.0,82.0
Student9902,69.0,92.0,67.0,76.0
Student9903,91.0,78.0,unknown,84.5
Student9904,61.0,99.0,91.0,83.7
Student9905,86.0,99.0,64.0,83.0
Student9906,58.0,91.0,60.0,69.7
Student9907,72.0,unknown,85.0,78.5
Student9908,57.0,79.0,64.0,66.7
Student9909,81.0,72.0,97.0,83.3
Student9910,unknown,70.0,79.0,74.5
Student9911,63.0,75.0,64.0,67.3
Student9912,76.0,96.0,unknown,86.0
Student9913,74.0,unknown,72.0,73.0
Student9914,62.0,69.0,92.0,74.3
Student9915,70.0,72.0,unknown,71.0
Student9916,94.0,53.0,97.0,81.3
Student9917,80.0,70.0,64.0,71.3
Student9918,86.0,70.0,78.0,78.0
Student9919,97.0,50.0,60.0,69.0
Student9920,92.0,64.0,94.0,83.3
Student9921,54.0,66.0,67.0,62.3
Student9922,62.0,63.0,89.0,71.3
Student9923,77.0,68.0,80.0,75.0
Student9924,92.0,99.0,58.0,83.0
Student9925,74.0,83.0,unknown,78.5
Student9926,84.0,55.0,60.0,66.3
Student9927,96.0,94.0,66.0,85.3
Student9928,88.0,98.0,82.0,89.3
Student9929,56.0,55.0,60.0,57.0
Student9930,87.0,54.0,88.0,76.3
Student9931,81.0,56.0,57.0,64.7
Student9932,52.0,82.0,53.0,62.3
Student9933,unknown,62.0,85.0,73.5
Student9934,unknown,50.0,68.0,59.0
Student9935,86.0,62.0,73.0,73.7
Student9936,99.0,92.0,90.0,93.7
Student9937,71.0,76.0,98.0,81.7
Student9938,57.0,56.0,67.0,60.0
Student9939,66.0,52.0,82.0,66.7
Student9940,unknown,74.0,unknown,74.0
Student9941,82.0,82.0,85.0,83.0
Student9942,95.0,89.0,59.0,81.0
Student9943,66.0,66.0,63.0,65.0
Student9944,91.0,94.0,56.0,80.3
Student9945,61.0,63.0,61.0,61.7
Student9946,97.0,86.0,71.0,84.7
Student9947,95.0,unknown,76.0,85.5
Student9948,76.0,73.0,97.0,82.0
Student9949,97.0,78.0,86.0,87.0
Student9950,unknown,87.0,60.0,73.5
Student9951,72.0,76.0,85.0,77.7
Student9952,91.0,87.0,62.0,80.0
Student9953,98.0,89.0,81.0,89.3
Student9954,78.0,94.0,57.0,76.3
Student9955,99.0,99.0,56.0,84.7
Student9956,69.0,72.0,92.0,77.7
Student9957,65.0,80.0,92.0,79.0
Student9958,66.0,85.0,66.0,72.3
Student9959,65.0,66.0,71.0,67.3
Student9960,68.0,86.0,95.0,83.0
Student9961,57.0,52.0,83.0,64.0
Student9962,87.0,85.0,69.0,80.3
Student9963,87.0,54.0,57.0,66.0
Student9964,78.0,95.0,71.0,81.3
Student9965,90.0,64.0,76.0,76.7
Student9966,85.0,98.0,83.0,88.7
Student9967,75.0,unknown,70.0,72.5
Student9968,80.0,59.0,64.0,67.7
Student9969,93.0,81.0,54.0,76.0
Student9970,61.0,72.0,87.0,73.3
Student9971,66.0,97.0,66.0,76.3
Student9972,64.0,66.0,57.0,62.3
Student9973,58.0,95.0,68.0,73.7
Student9974,88.0,69.0,54.0,70.3
Student9975,91.0,93.0,72.0,85.3
Student9976,97.0,unknown,68.0,82.5
Student9977,61.0,64.0,63.0,62.7
Student9978,81.0,unknown,59.0,70.0
Student9979,74.0,95.0,80.0,83.0
Student9980,88.0,71.0,62.0,73.7
Student9981,67.0,99.0,71.0,79.0
Student9982,64.0,55.0,86.0,68.3
Student9983,81.0,53.0,88.0,74.0
Student9984,55.0,72.0,59.0,62.0
Student9985,93.0,93.0,80.0,88.7
Student9986,92.0,unknown,92.0,92.0
Student9987,84.0,68.0,84.0,78.7
Student9988,83.0,94.0,62.0,79.7
Student9989,87.0,80.0,79.0,82.0
Student9990,54.0,93.0,83.0,76.7
Student9991,67.0,52.0,85.0,68.0
Student9992,65.0,unknown,84.0,74.5
Student9993,57.0,52.0,96.0,68.3
Student9994,74.0,63.0,53.0,63.3
Student9995,81.0,67.0,53.0,67.0
Student9996,75.0,unknown,96.0,85.5
Student9997,71.0,59.0,55.0,61.7
Student9998,80.0,98.0,77.0,85.0
Student9999,92.0,64.0,79.0,78.3
Student10000,unknown,68.0,76.0,72.0
